2024-11-10 16:24:51,131 [Worker-4: Loading available Gradle versions] INFO  o.e.b.c.i.u.g.PublishedGradleVersions - Gradle version information cache is out-of-date. Trying to update.
2024-11-10 16:25:30,536 [Java indexing] INFO  o.b.c.a.StaticComponentContainer - (StaticComponentContainer.java:368) - Instantiated org.burningwave.core.SLF4JManagedLoggerRepository
2024-11-10 16:25:30,545 [Java indexing] INFO  o.b.c.a.StaticComponentContainer - (StaticComponentContainer.java:369) - 

	Configuration values for static components:

		background-executor.all-tasks-monitoring.enabled=\
			true
		background-executor.all-tasks-monitoring.interval=\
			30000
		background-executor.all-tasks-monitoring.logger.enabled=\
			false
		background-executor.all-tasks-monitoring.minimum-elapsed-time-to-consider-a-task-as-probable-dead-locked=\
			300000
		background-executor.all-tasks-monitoring.probable-dead-locked-tasks-handling.policy=\
			log only
		background-executor.queued-task-executor[0].name=\
			Low priority tasks
		background-executor.queued-task-executor[0].priority=\
			1
		background-executor.queued-task-executor[1].name=\
			Normal priority tasks
		background-executor.queued-task-executor[1].priority=\
			5
		background-executor.queued-task-executor[2].name=\
			High priority tasks
		background-executor.queued-task-executor[2].priority=\
			10
		background-executor.task-creation-tracking.enabled=\
			${background-executor.all-tasks-monitoring.enabled}
		banner.additonal-informations=\
			${Implementation-Title} ${Implementation-Version}
		banner.additonal-informations.retrieve-from-manifest-file-with-implementation-title=\
			Burningwave Core
		banner.file=\
			org/burningwave/banner.bwb
		banner.hide=\
			true
		buffer-handler.default-allocation-mode=\
			ByteBuffer::allocateDirect
		buffer-handler.default-buffer-size=\
			1024
		group-name-for-named-elements=\
			Burningwave
		iterable-object-helper.default-values-separator=\
			;
		iterable-object-helper.parallel-iteration.applicability.default-minimum-collection-size=\
			2
		iterable-object-helper.parallel-iteration.applicability.max-runtime-thread-count-threshold=\
			autodetect
		iterable-object-helper.parallel-iteration.applicability.output-collection-enabled-types=\
			java.util.concurrent.ConcurrentHashMap$CollectionView;\
			java.util.Collections$SynchronizedCollection;\
			java.util.concurrent.CopyOnWriteArrayList;\
			java.util.concurrent.CopyOnWriteArraySet;\
			java.util.concurrent.BlockingQueue;\
			java.util.concurrent.ConcurrentSkipListSet;\
			java.util.concurrent.ConcurrentSkipListMap$EntrySet;\
			java.util.concurrent.ConcurrentSkipListMap$KeySet;\
			java.util.concurrent.ConcurrentSkipListMap$Values;
		jvm.driver.init=\
			false
		managed-logger.repository=\
			autodetect
		managed-logger.repository.enabled=\
			true
		managed-logger.repository.logging.warn.disabled-for=\
			org.burningwave.core.assembler.ComponentContainer$ClassLoader;\
			org.burningwave.core.classes.MemoryClassLoader;\
			org.burningwave.core.classes.PathScannerClassLoader;
		modules.export-all-to-all=\
			true
		resource-releaser.enabled=\
			true
		synchronizer.all-threads-monitoring.enabled=\
			false
		synchronizer.all-threads-monitoring.interval=\
			90000
		thread-supplier.default-daemon-flag-value=\
			true
		thread-supplier.default-thread-priority=\
			5
		thread-supplier.max-detached-thread-count=\
			${thread-supplier.max-poolable-thread-count}
		thread-supplier.max-detached-thread-count.elapsed-time-threshold-from-last-increase-for-gradual-decreasing-to-initial-value=\
			30000
		thread-supplier.max-detached-thread-count.increasing-step=\
			autodetect
		thread-supplier.max-poolable-thread-count=\
			autodetect
		thread-supplier.poolable-thread-request-timeout=\
			6000


2024-11-10 16:25:30,555 [Java indexing] INFO  o.b.core.jvm.BufferHandler - (BufferHandler.java:127) - default buffer size: 1024 bytes
2024-11-10 16:25:30,557 [Java indexing] INFO  o.b.core.jvm.BufferHandler - (BufferHandler.java:141) - default allocation mode: ByteBuffer::allocateDirect
2024-11-10 16:25:30,569 [Java indexing] INFO  org.burningwave.core.Cache - (Cache.java:76) - Building cache
2024-11-10 16:25:30,638 [Java indexing] INFO  o.b.c.a.StaticComponentContainer - (StaticComponentContainer.java:443) - org.burningwave.core.assembler.StaticComponentContainer initialized in 0.3345584 seconds
2024-11-10 16:25:41,231 [Worker-21: Building] INFO  o.e.m.c.i.l.LifecycleMappingFactory - Using NULL lifecycle mapping for MavenProject: uo.ri:cws_2024:0.0.1-SNAPSHOT @ C:\Users\Usuario\OneDrive\Escritorio\RI_JPA\cws_2024_p8_skel\pom.xml.
2024-11-10 16:25:47,801 [Worker-21: Building] INFO  o.e.m.c.i.l.LifecycleMappingFactory - Using org.eclipse.m2e.jdt.JarLifecycleMapping lifecycle mapping for MavenProject: uo.ri:cws_util:0.0.1-SNAPSHOT @ C:\Users\Usuario\OneDrive\Escritorio\RI_JPA\cws_util\pom.xml.
2024-11-10 16:25:51,541 [Worker-21: Building] INFO  o.a.m.s.f.DefaultMavenResourcesFiltering - Copying 0 resource from src to bin
2024-11-10 16:25:51,548 [Worker-21: Building] INFO  o.a.m.s.f.DefaultMavenResourcesFiltering - skip non existing resourceDirectory C:\Users\Usuario\OneDrive\Escritorio\RI_JPA\cws_util\src\test\resources
2024-11-10 16:25:53,184 [Worker-21: Building] INFO  o.e.m.c.i.l.LifecycleMappingFactory - Using org.eclipse.m2e.jdt.JarLifecycleMapping lifecycle mapping for MavenProject: uo.ri:cws_services_jpa:0.0.1-SNAPSHOT @ C:\Users\Usuario\OneDrive\Escritorio\RI_JPA\cws_services_jpa\pom.xml.
2024-11-10 16:25:53,513 [Worker-21: Building] INFO  o.e.m.c.i.e.AbstractTransferListenerAdapter - Downloading https://repo.maven.apache.org/maven2/org/eclipse/persistence/eclipselink/4.0.4/eclipselink-4.0.4.pom
2024-11-10 16:25:53,575 [Worker-21: Building] INFO  o.e.m.c.i.e.AbstractTransferListenerAdapter - Downloaded https://repo.maven.apache.org/maven2/org/eclipse/persistence/eclipselink/4.0.4/eclipselink-4.0.4.pom
2024-11-10 16:25:53,615 [Worker-21: Building] INFO  o.e.m.c.i.e.AbstractTransferListenerAdapter - Downloading https://repo.maven.apache.org/maven2/org/eclipse/persistence/org.eclipse.persistence.bundles/4.0.4/org.eclipse.persistence.bundles-4.0.4.pom
2024-11-10 16:25:53,644 [Worker-21: Building] INFO  o.e.m.c.i.e.AbstractTransferListenerAdapter - Downloaded https://repo.maven.apache.org/maven2/org/eclipse/persistence/org.eclipse.persistence.bundles/4.0.4/org.eclipse.persistence.bundles-4.0.4.pom
2024-11-10 16:25:53,711 [Worker-21: Building] INFO  o.e.m.c.i.e.AbstractTransferListenerAdapter - Downloading https://repo.maven.apache.org/maven2/org/eclipse/persistence/org.eclipse.persistence.parent/4.0.4/org.eclipse.persistence.parent-4.0.4.pom
2024-11-10 16:25:53,786 [Worker-21: Building] INFO  o.e.m.c.i.e.AbstractTransferListenerAdapter - Downloaded https://repo.maven.apache.org/maven2/org/eclipse/persistence/org.eclipse.persistence.parent/4.0.4/org.eclipse.persistence.parent-4.0.4.pom
2024-11-10 16:25:53,866 [Worker-21: Building] INFO  o.e.m.c.i.e.AbstractTransferListenerAdapter - Downloading https://repo.maven.apache.org/maven2/org/eclipse/ee4j/project/1.0.9/project-1.0.9.pom
2024-11-10 16:25:54,408 [Worker-21: Building] INFO  o.e.m.c.i.e.AbstractTransferListenerAdapter - Downloaded https://repo.maven.apache.org/maven2/org/eclipse/ee4j/project/1.0.9/project-1.0.9.pom
2024-11-10 16:25:54,463 [Worker-21: Building] INFO  o.e.m.c.i.e.AbstractTransferListenerAdapter - Downloading https://repo.maven.apache.org/maven2/com/oracle/database/jdbc/ojdbc-bom/23.3.0.23.09/ojdbc-bom-23.3.0.23.09.pom
2024-11-10 16:25:54,492 [Worker-21: Building] INFO  o.e.m.c.i.e.AbstractTransferListenerAdapter - Downloaded https://repo.maven.apache.org/maven2/com/oracle/database/jdbc/ojdbc-bom/23.3.0.23.09/ojdbc-bom-23.3.0.23.09.pom
2024-11-10 16:25:54,544 [Worker-21: Building] INFO  o.e.m.c.i.e.AbstractTransferListenerAdapter - Downloading https://repo.maven.apache.org/maven2/jakarta/persistence/jakarta.persistence-api/3.1.0/jakarta.persistence-api-3.1.0.pom
2024-11-10 16:25:54,584 [Worker-21: Building] INFO  o.e.m.c.i.e.AbstractTransferListenerAdapter - Downloaded https://repo.maven.apache.org/maven2/jakarta/persistence/jakarta.persistence-api/3.1.0/jakarta.persistence-api-3.1.0.pom
2024-11-10 16:25:54,621 [Worker-21: Building] INFO  o.e.m.c.i.e.AbstractTransferListenerAdapter - Downloading https://repo.maven.apache.org/maven2/org/eclipse/ee4j/project/1.0.7/project-1.0.7.pom
2024-11-10 16:25:54,656 [Worker-21: Building] INFO  o.e.m.c.i.e.AbstractTransferListenerAdapter - Downloaded https://repo.maven.apache.org/maven2/org/eclipse/ee4j/project/1.0.7/project-1.0.7.pom
2024-11-10 16:25:54,697 [Worker-21: Building] INFO  o.e.m.c.i.e.AbstractTransferListenerAdapter - Downloading https://repo.maven.apache.org/maven2/jakarta/xml/bind/jakarta.xml.bind-api/4.0.2/jakarta.xml.bind-api-4.0.2.pom
2024-11-10 16:25:54,739 [Worker-21: Building] INFO  o.e.m.c.i.e.AbstractTransferListenerAdapter - Downloaded https://repo.maven.apache.org/maven2/jakarta/xml/bind/jakarta.xml.bind-api/4.0.2/jakarta.xml.bind-api-4.0.2.pom
2024-11-10 16:25:54,774 [Worker-21: Building] INFO  o.e.m.c.i.e.AbstractTransferListenerAdapter - Downloading https://repo.maven.apache.org/maven2/jakarta/xml/bind/jakarta.xml.bind-api-parent/4.0.2/jakarta.xml.bind-api-parent-4.0.2.pom
2024-11-10 16:25:54,801 [Worker-21: Building] INFO  o.e.m.c.i.e.AbstractTransferListenerAdapter - Downloaded https://repo.maven.apache.org/maven2/jakarta/xml/bind/jakarta.xml.bind-api-parent/4.0.2/jakarta.xml.bind-api-parent-4.0.2.pom
2024-11-10 16:25:54,841 [Worker-21: Building] INFO  o.e.m.c.i.e.AbstractTransferListenerAdapter - Downloading https://repo.maven.apache.org/maven2/com/sun/xml/bind/jaxb-xjc/4.0.5/jaxb-xjc-4.0.5.pom
2024-11-10 16:25:54,872 [Worker-21: Building] INFO  o.e.m.c.i.e.AbstractTransferListenerAdapter - Downloaded https://repo.maven.apache.org/maven2/com/sun/xml/bind/jaxb-xjc/4.0.5/jaxb-xjc-4.0.5.pom
2024-11-10 16:25:54,911 [Worker-21: Building] INFO  o.e.m.c.i.e.AbstractTransferListenerAdapter - Downloading https://repo.maven.apache.org/maven2/com/sun/xml/bind/mvn/jaxb-bundles/4.0.5/jaxb-bundles-4.0.5.pom
2024-11-10 16:25:54,949 [Worker-21: Building] INFO  o.e.m.c.i.e.AbstractTransferListenerAdapter - Downloaded https://repo.maven.apache.org/maven2/com/sun/xml/bind/mvn/jaxb-bundles/4.0.5/jaxb-bundles-4.0.5.pom
2024-11-10 16:25:54,982 [Worker-21: Building] INFO  o.e.m.c.i.e.AbstractTransferListenerAdapter - Downloading https://repo.maven.apache.org/maven2/com/sun/xml/bind/mvn/jaxb-parent/4.0.5/jaxb-parent-4.0.5.pom
2024-11-10 16:25:55,022 [Worker-21: Building] INFO  o.e.m.c.i.e.AbstractTransferListenerAdapter - Downloaded https://repo.maven.apache.org/maven2/com/sun/xml/bind/mvn/jaxb-parent/4.0.5/jaxb-parent-4.0.5.pom
2024-11-10 16:25:55,062 [Worker-21: Building] INFO  o.e.m.c.i.e.AbstractTransferListenerAdapter - Downloading https://repo.maven.apache.org/maven2/com/sun/xml/bind/jaxb-bom-ext/4.0.5/jaxb-bom-ext-4.0.5.pom
2024-11-10 16:25:55,103 [Worker-21: Building] INFO  o.e.m.c.i.e.AbstractTransferListenerAdapter - Downloaded https://repo.maven.apache.org/maven2/com/sun/xml/bind/jaxb-bom-ext/4.0.5/jaxb-bom-ext-4.0.5.pom
2024-11-10 16:25:55,162 [Worker-21: Building] INFO  o.e.m.c.i.e.AbstractTransferListenerAdapter - Downloading https://repo.maven.apache.org/maven2/org/glassfish/jaxb/jaxb-bom/4.0.5/jaxb-bom-4.0.5.pom
2024-11-10 16:25:55,206 [Worker-21: Building] INFO  o.e.m.c.i.e.AbstractTransferListenerAdapter - Downloaded https://repo.maven.apache.org/maven2/org/glassfish/jaxb/jaxb-bom/4.0.5/jaxb-bom-4.0.5.pom
2024-11-10 16:25:55,478 [Worker-21: Building] INFO  o.e.m.c.i.e.AbstractTransferListenerAdapter - Downloading https://repo.maven.apache.org/maven2/com/sun/xml/bind/jaxb-core/4.0.5/jaxb-core-4.0.5.pom
2024-11-10 16:25:55,514 [Worker-21: Building] INFO  o.e.m.c.i.e.AbstractTransferListenerAdapter - Downloaded https://repo.maven.apache.org/maven2/com/sun/xml/bind/jaxb-core/4.0.5/jaxb-core-4.0.5.pom
2024-11-10 16:25:55,550 [Worker-21: Building] INFO  o.e.m.c.i.e.AbstractTransferListenerAdapter - Downloading https://repo.maven.apache.org/maven2/jakarta/activation/jakarta.activation-api/2.1.3/jakarta.activation-api-2.1.3.pom
2024-11-10 16:25:55,579 [Worker-21: Building] INFO  o.e.m.c.i.e.AbstractTransferListenerAdapter - Downloaded https://repo.maven.apache.org/maven2/jakarta/activation/jakarta.activation-api/2.1.3/jakarta.activation-api-2.1.3.pom
2024-11-10 16:25:55,613 [Worker-21: Building] INFO  o.e.m.c.i.e.AbstractTransferListenerAdapter - Downloading https://repo.maven.apache.org/maven2/org/eclipse/angus/angus-activation/2.0.2/angus-activation-2.0.2.pom
2024-11-10 16:25:55,641 [Worker-21: Building] INFO  o.e.m.c.i.e.AbstractTransferListenerAdapter - Downloaded https://repo.maven.apache.org/maven2/org/eclipse/angus/angus-activation/2.0.2/angus-activation-2.0.2.pom
2024-11-10 16:25:55,674 [Worker-21: Building] INFO  o.e.m.c.i.e.AbstractTransferListenerAdapter - Downloading https://repo.maven.apache.org/maven2/org/eclipse/angus/angus-activation-project/2.0.2/angus-activation-project-2.0.2.pom
2024-11-10 16:25:55,717 [Worker-21: Building] INFO  o.e.m.c.i.e.AbstractTransferListenerAdapter - Downloaded https://repo.maven.apache.org/maven2/org/eclipse/angus/angus-activation-project/2.0.2/angus-activation-project-2.0.2.pom
2024-11-10 16:25:55,807 [Worker-21: Building] INFO  o.e.m.c.i.e.AbstractTransferListenerAdapter - Downloading https://repo.maven.apache.org/maven2/org/hsqldb/hsqldb/2.7.2/hsqldb-2.7.2.pom
2024-11-10 16:25:55,840 [Worker-21: Building] INFO  o.e.m.c.i.e.AbstractTransferListenerAdapter - Downloaded https://repo.maven.apache.org/maven2/org/hsqldb/hsqldb/2.7.2/hsqldb-2.7.2.pom
2024-11-10 16:25:55,981 [Worker-21: Building] INFO  o.e.m.c.i.e.AbstractTransferListenerAdapter - Downloading https://repo.maven.apache.org/maven2/org/mockito/mockito-core/5.11.0/mockito-core-5.11.0.pom
2024-11-10 16:25:56,008 [Worker-21: Building] INFO  o.e.m.c.i.e.AbstractTransferListenerAdapter - Downloaded https://repo.maven.apache.org/maven2/org/mockito/mockito-core/5.11.0/mockito-core-5.11.0.pom
2024-11-10 16:25:56,074 [Worker-21: Building] INFO  o.e.m.c.i.e.AbstractTransferListenerAdapter - Downloading https://repo.maven.apache.org/maven2/net/bytebuddy/byte-buddy/1.14.12/byte-buddy-1.14.12.pom
2024-11-10 16:25:56,108 [Worker-21: Building] INFO  o.e.m.c.i.e.AbstractTransferListenerAdapter - Downloaded https://repo.maven.apache.org/maven2/net/bytebuddy/byte-buddy/1.14.12/byte-buddy-1.14.12.pom
2024-11-10 16:25:56,168 [Worker-21: Building] INFO  o.e.m.c.i.e.AbstractTransferListenerAdapter - Downloading https://repo.maven.apache.org/maven2/net/bytebuddy/byte-buddy-parent/1.14.12/byte-buddy-parent-1.14.12.pom
2024-11-10 16:25:56,218 [Worker-21: Building] INFO  o.e.m.c.i.e.AbstractTransferListenerAdapter - Downloaded https://repo.maven.apache.org/maven2/net/bytebuddy/byte-buddy-parent/1.14.12/byte-buddy-parent-1.14.12.pom
2024-11-10 16:25:56,264 [Worker-21: Building] INFO  o.e.m.c.i.e.AbstractTransferListenerAdapter - Downloading https://repo.maven.apache.org/maven2/net/bytebuddy/byte-buddy-agent/1.14.12/byte-buddy-agent-1.14.12.pom
2024-11-10 16:25:56,289 [Worker-21: Building] INFO  o.e.m.c.i.e.AbstractTransferListenerAdapter - Downloaded https://repo.maven.apache.org/maven2/net/bytebuddy/byte-buddy-agent/1.14.12/byte-buddy-agent-1.14.12.pom
2024-11-10 16:25:56,321 [Worker-21: Building] INFO  o.e.m.c.i.e.AbstractTransferListenerAdapter - Downloading https://repo.maven.apache.org/maven2/org/objenesis/objenesis/3.3/objenesis-3.3.pom
2024-11-10 16:25:56,356 [Worker-21: Building] INFO  o.e.m.c.i.e.AbstractTransferListenerAdapter - Downloaded https://repo.maven.apache.org/maven2/org/objenesis/objenesis/3.3/objenesis-3.3.pom
2024-11-10 16:25:56,411 [Worker-21: Building] INFO  o.e.m.c.i.e.AbstractTransferListenerAdapter - Downloading https://repo.maven.apache.org/maven2/org/objenesis/objenesis-parent/3.3/objenesis-parent-3.3.pom
2024-11-10 16:25:56,570 [Worker-21: Building] INFO  o.e.m.c.i.e.AbstractTransferListenerAdapter - Downloaded https://repo.maven.apache.org/maven2/org/objenesis/objenesis-parent/3.3/objenesis-parent-3.3.pom
2024-11-10 16:25:56,628 [Worker-21: Building] INFO  o.e.m.c.i.p.WorkspaceClassifierResolverManager - Resolving P/cws_util: uo.ri:cws_util:0.0.1-SNAPSHOT with classifier  to /cws_util/bin
2024-11-10 16:25:56,640 [Worker-21: Building] INFO  o.e.m.c.i.p.WorkspaceClassifierResolverManager - Resolving P/cws_util: uo.ri:cws_util:0.0.1-SNAPSHOT with classifier  to /cws_util/bin
2024-11-10 16:25:56,674 [Worker-21: Building] INFO  o.e.m.c.i.e.AbstractTransferListenerAdapter - Downloading https://repo.maven.apache.org/maven2/org/eclipse/persistence/eclipselink/4.0.4/eclipselink-4.0.4.jar
2024-11-10 16:25:59,977 [Worker-21: Building] INFO  o.e.m.c.i.e.AbstractTransferListenerAdapter - Downloaded https://repo.maven.apache.org/maven2/org/eclipse/persistence/eclipselink/4.0.4/eclipselink-4.0.4.jar
2024-11-10 16:26:00,008 [BasicRepositoryConnector-repo.maven.apache.org-0-0] INFO  o.e.m.c.i.e.AbstractTransferListenerAdapter - Downloading https://repo.maven.apache.org/maven2/jakarta/persistence/jakarta.persistence-api/3.1.0/jakarta.persistence-api-3.1.0.jar
2024-11-10 16:26:00,085 [BasicRepositoryConnector-repo.maven.apache.org-0-1] INFO  o.e.m.c.i.e.AbstractTransferListenerAdapter - Downloading https://repo.maven.apache.org/maven2/jakarta/xml/bind/jakarta.xml.bind-api/4.0.2/jakarta.xml.bind-api-4.0.2.jar
2024-11-10 16:26:00,085 [BasicRepositoryConnector-repo.maven.apache.org-0-2] INFO  o.e.m.c.i.e.AbstractTransferListenerAdapter - Downloading https://repo.maven.apache.org/maven2/com/sun/xml/bind/jaxb-xjc/4.0.5/jaxb-xjc-4.0.5.jar
2024-11-10 16:26:00,085 [BasicRepositoryConnector-repo.maven.apache.org-0-4] INFO  o.e.m.c.i.e.AbstractTransferListenerAdapter - Downloading https://repo.maven.apache.org/maven2/org/eclipse/angus/angus-activation/2.0.2/angus-activation-2.0.2.jar
2024-11-10 16:26:00,101 [BasicRepositoryConnector-repo.maven.apache.org-0-3] INFO  o.e.m.c.i.e.AbstractTransferListenerAdapter - Downloading https://repo.maven.apache.org/maven2/com/sun/xml/bind/jaxb-core/4.0.5/jaxb-core-4.0.5.jar
2024-11-10 16:26:00,142 [BasicRepositoryConnector-repo.maven.apache.org-0-0] INFO  o.e.m.c.i.e.AbstractTransferListenerAdapter - Downloaded https://repo.maven.apache.org/maven2/jakarta/persistence/jakarta.persistence-api/3.1.0/jakarta.persistence-api-3.1.0.jar
2024-11-10 16:26:00,169 [BasicRepositoryConnector-repo.maven.apache.org-0-4] INFO  o.e.m.c.i.e.AbstractTransferListenerAdapter - Downloaded https://repo.maven.apache.org/maven2/org/eclipse/angus/angus-activation/2.0.2/angus-activation-2.0.2.jar
2024-11-10 16:26:00,192 [BasicRepositoryConnector-repo.maven.apache.org-0-0] INFO  o.e.m.c.i.e.AbstractTransferListenerAdapter - Downloading https://repo.maven.apache.org/maven2/jakarta/activation/jakarta.activation-api/2.1.3/jakarta.activation-api-2.1.3.jar
2024-11-10 16:26:00,198 [BasicRepositoryConnector-repo.maven.apache.org-0-1] INFO  o.e.m.c.i.e.AbstractTransferListenerAdapter - Downloaded https://repo.maven.apache.org/maven2/jakarta/xml/bind/jakarta.xml.bind-api/4.0.2/jakarta.xml.bind-api-4.0.2.jar
2024-11-10 16:26:00,215 [BasicRepositoryConnector-repo.maven.apache.org-0-4] INFO  o.e.m.c.i.e.AbstractTransferListenerAdapter - Downloading https://repo.maven.apache.org/maven2/org/hsqldb/hsqldb/2.7.2/hsqldb-2.7.2.jar
2024-11-10 16:26:00,278 [BasicRepositoryConnector-repo.maven.apache.org-0-0] INFO  o.e.m.c.i.e.AbstractTransferListenerAdapter - Downloaded https://repo.maven.apache.org/maven2/jakarta/activation/jakarta.activation-api/2.1.3/jakarta.activation-api-2.1.3.jar
2024-11-10 16:26:00,303 [BasicRepositoryConnector-repo.maven.apache.org-0-1] INFO  o.e.m.c.i.e.AbstractTransferListenerAdapter - Downloading https://repo.maven.apache.org/maven2/org/junit/platform/junit-platform-engine/1.9.1/junit-platform-engine-1.9.1.jar
2024-11-10 16:26:00,338 [BasicRepositoryConnector-repo.maven.apache.org-0-3] INFO  o.e.m.c.i.e.AbstractTransferListenerAdapter - Downloaded https://repo.maven.apache.org/maven2/com/sun/xml/bind/jaxb-core/4.0.5/jaxb-core-4.0.5.jar
2024-11-10 16:26:00,378 [BasicRepositoryConnector-repo.maven.apache.org-0-0] INFO  o.e.m.c.i.e.AbstractTransferListenerAdapter - Downloading https://repo.maven.apache.org/maven2/org/opentest4j/opentest4j/1.2.0/opentest4j-1.2.0.jar
2024-11-10 16:26:00,425 [BasicRepositoryConnector-repo.maven.apache.org-0-0] INFO  o.e.m.c.i.e.AbstractTransferListenerAdapter - Downloaded https://repo.maven.apache.org/maven2/org/opentest4j/opentest4j/1.2.0/opentest4j-1.2.0.jar
2024-11-10 16:26:00,441 [BasicRepositoryConnector-repo.maven.apache.org-0-3] INFO  o.e.m.c.i.e.AbstractTransferListenerAdapter - Downloading https://repo.maven.apache.org/maven2/org/junit/platform/junit-platform-commons/1.9.1/junit-platform-commons-1.9.1.jar
2024-11-10 16:26:00,455 [BasicRepositoryConnector-repo.maven.apache.org-0-0] INFO  o.e.m.c.i.e.AbstractTransferListenerAdapter - Downloading https://repo.maven.apache.org/maven2/org/mockito/mockito-core/5.11.0/mockito-core-5.11.0.jar
2024-11-10 16:26:00,688 [BasicRepositoryConnector-repo.maven.apache.org-0-3] INFO  o.e.m.c.i.e.AbstractTransferListenerAdapter - Downloaded https://repo.maven.apache.org/maven2/org/junit/platform/junit-platform-commons/1.9.1/junit-platform-commons-1.9.1.jar
2024-11-10 16:26:00,742 [BasicRepositoryConnector-repo.maven.apache.org-0-3] INFO  o.e.m.c.i.e.AbstractTransferListenerAdapter - Downloading https://repo.maven.apache.org/maven2/net/bytebuddy/byte-buddy/1.14.12/byte-buddy-1.14.12.jar
2024-11-10 16:26:00,742 [BasicRepositoryConnector-repo.maven.apache.org-0-1] INFO  o.e.m.c.i.e.AbstractTransferListenerAdapter - Downloaded https://repo.maven.apache.org/maven2/org/junit/platform/junit-platform-engine/1.9.1/junit-platform-engine-1.9.1.jar
2024-11-10 16:26:00,768 [BasicRepositoryConnector-repo.maven.apache.org-0-1] INFO  o.e.m.c.i.e.AbstractTransferListenerAdapter - Downloading https://repo.maven.apache.org/maven2/net/bytebuddy/byte-buddy-agent/1.14.12/byte-buddy-agent-1.14.12.jar
2024-11-10 16:26:01,275 [BasicRepositoryConnector-repo.maven.apache.org-0-2] INFO  o.e.m.c.i.e.AbstractTransferListenerAdapter - Downloaded https://repo.maven.apache.org/maven2/com/sun/xml/bind/jaxb-xjc/4.0.5/jaxb-xjc-4.0.5.jar
2024-11-10 16:26:01,291 [BasicRepositoryConnector-repo.maven.apache.org-0-1] INFO  o.e.m.c.i.e.AbstractTransferListenerAdapter - Downloaded https://repo.maven.apache.org/maven2/net/bytebuddy/byte-buddy-agent/1.14.12/byte-buddy-agent-1.14.12.jar
2024-11-10 16:26:01,340 [BasicRepositoryConnector-repo.maven.apache.org-0-2] INFO  o.e.m.c.i.e.AbstractTransferListenerAdapter - Downloading https://repo.maven.apache.org/maven2/org/objenesis/objenesis/3.3/objenesis-3.3.jar
2024-11-10 16:26:01,394 [BasicRepositoryConnector-repo.maven.apache.org-0-0] INFO  o.e.m.c.i.e.AbstractTransferListenerAdapter - Downloaded https://repo.maven.apache.org/maven2/org/mockito/mockito-core/5.11.0/mockito-core-5.11.0.jar
2024-11-10 16:26:01,486 [BasicRepositoryConnector-repo.maven.apache.org-0-2] INFO  o.e.m.c.i.e.AbstractTransferListenerAdapter - Downloaded https://repo.maven.apache.org/maven2/org/objenesis/objenesis/3.3/objenesis-3.3.jar
2024-11-10 16:26:01,569 [BasicRepositoryConnector-repo.maven.apache.org-0-4] INFO  o.e.m.c.i.e.AbstractTransferListenerAdapter - Downloaded https://repo.maven.apache.org/maven2/org/hsqldb/hsqldb/2.7.2/hsqldb-2.7.2.jar
2024-11-10 16:26:02,977 [BasicRepositoryConnector-repo.maven.apache.org-0-3] INFO  o.e.m.c.i.e.AbstractTransferListenerAdapter - Downloaded https://repo.maven.apache.org/maven2/net/bytebuddy/byte-buddy/1.14.12/byte-buddy-1.14.12.jar
2024-11-10 16:26:04,037 [Worker-21: Building] INFO  o.a.m.s.f.DefaultMavenResourcesFiltering - Copying 2 resources from src to bin
2024-11-10 16:26:04,057 [Worker-21: Building] INFO  o.a.m.s.f.DefaultMavenResourcesFiltering - skip non existing resourceDirectory C:\Users\Usuario\OneDrive\Escritorio\RI_JPA\cws_services_jpa\src\test\resources
2024-11-10 16:26:05,054 [Worker-24: Download sources and javadoc] INFO  o.e.m.c.i.e.AbstractTransferListenerAdapter - Downloading https://repo.maven.apache.org/maven2/org/eclipse/persistence/eclipselink/4.0.4/eclipselink-4.0.4-sources.jar
2024-11-10 16:26:07,185 [Worker-5: Building] INFO  o.a.m.s.f.DefaultMavenResourcesFiltering - Copying 2 resources from src to bin
2024-11-10 16:26:07,208 [Worker-5: Building] INFO  o.a.m.s.f.DefaultMavenResourcesFiltering - skip non existing resourceDirectory C:\Users\Usuario\OneDrive\Escritorio\RI_JPA\cws_services_jpa\src\test\resources
2024-11-10 16:26:07,876 [Worker-5: Building] INFO  o.e.m.c.i.l.LifecycleMappingFactory - Using org.eclipse.m2e.jdt.JarLifecycleMapping lifecycle mapping for MavenProject: uo.ri:cws_client_mechanic:0.0.1-SNAPSHOT @ C:\Users\Usuario\OneDrive\Escritorio\RI_JPA\cws_client_mechanic\pom.xml.
2024-11-10 16:26:08,021 [Worker-24: Download sources and javadoc] INFO  o.e.m.c.i.e.AbstractTransferListenerAdapter - Downloaded https://repo.maven.apache.org/maven2/org/eclipse/persistence/eclipselink/4.0.4/eclipselink-4.0.4-sources.jar
2024-11-10 16:26:08,039 [Worker-24: Download sources and javadoc] INFO  o.e.m.j.internal.DownloadSourcesJob - Downloaded sources for org.eclipse.persistence:eclipselink:4.0.4
2024-11-10 16:26:08,123 [Worker-24: Download sources and javadoc] INFO  o.e.m.c.i.e.AbstractTransferListenerAdapter - Downloading https://repo.maven.apache.org/maven2/jakarta/persistence/jakarta.persistence-api/3.1.0/jakarta.persistence-api-3.1.0-sources.jar
2024-11-10 16:26:08,369 [Worker-24: Download sources and javadoc] INFO  o.e.m.c.i.e.AbstractTransferListenerAdapter - Downloaded https://repo.maven.apache.org/maven2/jakarta/persistence/jakarta.persistence-api/3.1.0/jakarta.persistence-api-3.1.0-sources.jar
2024-11-10 16:26:08,390 [Worker-24: Download sources and javadoc] INFO  o.e.m.j.internal.DownloadSourcesJob - Downloaded sources for jakarta.persistence:jakarta.persistence-api:3.1.0
2024-11-10 16:26:08,484 [Worker-24: Download sources and javadoc] INFO  o.e.m.c.i.e.AbstractTransferListenerAdapter - Downloading https://repo.maven.apache.org/maven2/jakarta/xml/bind/jakarta.xml.bind-api/4.0.2/jakarta.xml.bind-api-4.0.2-sources.jar
2024-11-10 16:26:08,577 [Worker-24: Download sources and javadoc] INFO  o.e.m.c.i.e.AbstractTransferListenerAdapter - Downloaded https://repo.maven.apache.org/maven2/jakarta/xml/bind/jakarta.xml.bind-api/4.0.2/jakarta.xml.bind-api-4.0.2-sources.jar
2024-11-10 16:26:08,597 [Worker-24: Download sources and javadoc] INFO  o.e.m.j.internal.DownloadSourcesJob - Downloaded sources for jakarta.xml.bind:jakarta.xml.bind-api:4.0.2
2024-11-10 16:26:08,667 [Worker-24: Download sources and javadoc] INFO  o.e.m.c.i.e.AbstractTransferListenerAdapter - Downloading https://repo.maven.apache.org/maven2/com/sun/xml/bind/jaxb-xjc/4.0.5/jaxb-xjc-4.0.5-sources.jar
2024-11-10 16:26:09,081 [Worker-24: Download sources and javadoc] INFO  o.e.m.c.i.e.AbstractTransferListenerAdapter - Downloaded https://repo.maven.apache.org/maven2/com/sun/xml/bind/jaxb-xjc/4.0.5/jaxb-xjc-4.0.5-sources.jar
2024-11-10 16:26:09,102 [Worker-24: Download sources and javadoc] INFO  o.e.m.j.internal.DownloadSourcesJob - Downloaded sources for com.sun.xml.bind:jaxb-xjc:4.0.5
2024-11-10 16:26:09,177 [Worker-24: Download sources and javadoc] INFO  o.e.m.c.i.e.AbstractTransferListenerAdapter - Downloading https://repo.maven.apache.org/maven2/com/sun/xml/bind/jaxb-core/4.0.5/jaxb-core-4.0.5-sources.jar
2024-11-10 16:26:09,283 [Worker-24: Download sources and javadoc] INFO  o.e.m.c.i.e.AbstractTransferListenerAdapter - Downloaded https://repo.maven.apache.org/maven2/com/sun/xml/bind/jaxb-core/4.0.5/jaxb-core-4.0.5-sources.jar
2024-11-10 16:26:09,298 [Worker-24: Download sources and javadoc] INFO  o.e.m.j.internal.DownloadSourcesJob - Downloaded sources for com.sun.xml.bind:jaxb-core:4.0.5
2024-11-10 16:26:09,376 [Worker-24: Download sources and javadoc] INFO  o.e.m.c.i.e.AbstractTransferListenerAdapter - Downloading https://repo.maven.apache.org/maven2/org/eclipse/angus/angus-activation/2.0.2/angus-activation-2.0.2-sources.jar
2024-11-10 16:26:09,441 [Worker-24: Download sources and javadoc] INFO  o.e.m.c.i.e.AbstractTransferListenerAdapter - Downloaded https://repo.maven.apache.org/maven2/org/eclipse/angus/angus-activation/2.0.2/angus-activation-2.0.2-sources.jar
2024-11-10 16:26:09,459 [Worker-24: Download sources and javadoc] INFO  o.e.m.j.internal.DownloadSourcesJob - Downloaded sources for org.eclipse.angus:angus-activation:2.0.2
2024-11-10 16:26:09,538 [Worker-24: Download sources and javadoc] INFO  o.e.m.c.i.e.AbstractTransferListenerAdapter - Downloading https://repo.maven.apache.org/maven2/jakarta/activation/jakarta.activation-api/2.1.3/jakarta.activation-api-2.1.3-sources.jar
2024-11-10 16:26:09,623 [Worker-24: Download sources and javadoc] INFO  o.e.m.c.i.e.AbstractTransferListenerAdapter - Downloaded https://repo.maven.apache.org/maven2/jakarta/activation/jakarta.activation-api/2.1.3/jakarta.activation-api-2.1.3-sources.jar
2024-11-10 16:26:09,639 [Worker-5: Building] INFO  o.e.m.c.i.p.WorkspaceClassifierResolverManager - Resolving P/cws_services_jpa: uo.ri:cws_services_jpa:0.0.1-SNAPSHOT with classifier  to /cws_services_jpa/bin
2024-11-10 16:26:09,640 [Worker-5: Building] INFO  o.e.m.c.i.p.WorkspaceClassifierResolverManager - Resolving P/cws_util: uo.ri:cws_util:0.0.1-SNAPSHOT with classifier  to /cws_util/bin
2024-11-10 16:26:09,641 [Worker-24: Download sources and javadoc] INFO  o.e.m.j.internal.DownloadSourcesJob - Downloaded sources for jakarta.activation:jakarta.activation-api:2.1.3
2024-11-10 16:26:09,764 [Worker-24: Download sources and javadoc] INFO  o.e.m.c.i.e.AbstractTransferListenerAdapter - Downloading https://repo.maven.apache.org/maven2/org/hsqldb/hsqldb/2.7.2/hsqldb-2.7.2-sources.jar
2024-11-10 16:26:09,787 [Worker-5: Building] INFO  o.a.m.s.f.DefaultMavenResourcesFiltering - Copying 0 resource from src to bin
2024-11-10 16:26:09,790 [Worker-5: Building] INFO  o.a.m.s.f.DefaultMavenResourcesFiltering - skip non existing resourceDirectory C:\Users\Usuario\OneDrive\Escritorio\RI_JPA\cws_client_mechanic\src\test\resources
2024-11-10 16:26:10,305 [Worker-5: Building] INFO  o.e.m.c.i.l.LifecycleMappingFactory - Using org.eclipse.m2e.jdt.JarLifecycleMapping lifecycle mapping for MavenProject: uo.ri:cws_client_manager:0.0.1-SNAPSHOT @ C:\Users\Usuario\OneDrive\Escritorio\RI_JPA\cws_client_manager\pom.xml.
2024-11-10 16:26:10,386 [Worker-24: Download sources and javadoc] INFO  o.e.m.c.i.e.AbstractTransferListenerAdapter - Downloaded https://repo.maven.apache.org/maven2/org/hsqldb/hsqldb/2.7.2/hsqldb-2.7.2-sources.jar
2024-11-10 16:26:10,404 [Worker-24: Download sources and javadoc] INFO  o.e.m.j.internal.DownloadSourcesJob - Downloaded sources for org.hsqldb:hsqldb:2.7.2
2024-11-10 16:26:10,471 [Worker-24: Download sources and javadoc] INFO  o.e.m.c.i.e.AbstractTransferListenerAdapter - Downloading https://repo.maven.apache.org/maven2/org/junit/platform/junit-platform-engine/1.9.1/junit-platform-engine-1.9.1-sources.jar
2024-11-10 16:26:10,508 [Worker-5: Building] INFO  o.e.m.c.i.p.WorkspaceClassifierResolverManager - Resolving P/cws_services_jpa: uo.ri:cws_services_jpa:0.0.1-SNAPSHOT with classifier  to /cws_services_jpa/bin
2024-11-10 16:26:10,508 [Worker-5: Building] INFO  o.e.m.c.i.p.WorkspaceClassifierResolverManager - Resolving P/cws_util: uo.ri:cws_util:0.0.1-SNAPSHOT with classifier  to /cws_util/bin
2024-11-10 16:26:10,573 [Worker-24: Download sources and javadoc] INFO  o.e.m.c.i.e.AbstractTransferListenerAdapter - Downloaded https://repo.maven.apache.org/maven2/org/junit/platform/junit-platform-engine/1.9.1/junit-platform-engine-1.9.1-sources.jar
2024-11-10 16:26:10,600 [Worker-24: Download sources and javadoc] INFO  o.e.m.j.internal.DownloadSourcesJob - Downloaded sources for org.junit.platform:junit-platform-engine:1.9.1
2024-11-10 16:26:10,685 [Worker-5: Building] INFO  o.a.m.s.f.DefaultMavenResourcesFiltering - Copying 0 resource from src to bin
2024-11-10 16:26:10,689 [Worker-5: Building] INFO  o.a.m.s.f.DefaultMavenResourcesFiltering - skip non existing resourceDirectory C:\Users\Usuario\OneDrive\Escritorio\RI_JPA\cws_client_manager\src\test\resources
2024-11-10 16:26:10,712 [Worker-24: Download sources and javadoc] INFO  o.e.m.c.i.e.AbstractTransferListenerAdapter - Downloading https://repo.maven.apache.org/maven2/org/opentest4j/opentest4j/1.2.0/opentest4j-1.2.0-sources.jar
2024-11-10 16:26:10,787 [Worker-24: Download sources and javadoc] INFO  o.e.m.c.i.e.AbstractTransferListenerAdapter - Downloaded https://repo.maven.apache.org/maven2/org/opentest4j/opentest4j/1.2.0/opentest4j-1.2.0-sources.jar
2024-11-10 16:26:10,811 [Worker-24: Download sources and javadoc] INFO  o.e.m.j.internal.DownloadSourcesJob - Downloaded sources for org.opentest4j:opentest4j:1.2.0
2024-11-10 16:26:10,933 [Worker-24: Download sources and javadoc] INFO  o.e.m.c.i.e.AbstractTransferListenerAdapter - Downloading https://repo.maven.apache.org/maven2/org/junit/platform/junit-platform-commons/1.9.1/junit-platform-commons-1.9.1-sources.jar
2024-11-10 16:26:11,048 [Worker-24: Download sources and javadoc] INFO  o.e.m.c.i.e.AbstractTransferListenerAdapter - Downloaded https://repo.maven.apache.org/maven2/org/junit/platform/junit-platform-commons/1.9.1/junit-platform-commons-1.9.1-sources.jar
2024-11-10 16:26:11,072 [Worker-24: Download sources and javadoc] INFO  o.e.m.j.internal.DownloadSourcesJob - Downloaded sources for org.junit.platform:junit-platform-commons:1.9.1
2024-11-10 16:26:11,177 [Worker-24: Download sources and javadoc] INFO  o.e.m.c.i.e.AbstractTransferListenerAdapter - Downloading https://repo.maven.apache.org/maven2/org/mockito/mockito-core/5.11.0/mockito-core-5.11.0-sources.jar
2024-11-10 16:26:11,372 [Worker-5: Building] INFO  o.e.m.c.i.l.LifecycleMappingFactory - Using org.eclipse.m2e.jdt.JarLifecycleMapping lifecycle mapping for MavenProject: uo.ri:cws_client_foreman:0.0.1-SNAPSHOT @ C:\Users\Usuario\OneDrive\Escritorio\RI_JPA\cws_client_foreman\pom.xml.
2024-11-10 16:26:11,421 [Worker-24: Download sources and javadoc] INFO  o.e.m.c.i.e.AbstractTransferListenerAdapter - Downloaded https://repo.maven.apache.org/maven2/org/mockito/mockito-core/5.11.0/mockito-core-5.11.0-sources.jar
2024-11-10 16:26:11,437 [Worker-24: Download sources and javadoc] INFO  o.e.m.j.internal.DownloadSourcesJob - Downloaded sources for org.mockito:mockito-core:5.11.0
2024-11-10 16:26:11,517 [Worker-24: Download sources and javadoc] INFO  o.e.m.c.i.e.AbstractTransferListenerAdapter - Downloading https://repo.maven.apache.org/maven2/net/bytebuddy/byte-buddy/1.14.12/byte-buddy-1.14.12-sources.jar
2024-11-10 16:26:11,573 [Worker-5: Building] INFO  o.e.m.c.i.p.WorkspaceClassifierResolverManager - Resolving P/cws_services_jpa: uo.ri:cws_services_jpa:0.0.1-SNAPSHOT with classifier  to /cws_services_jpa/bin
2024-11-10 16:26:11,574 [Worker-5: Building] INFO  o.e.m.c.i.p.WorkspaceClassifierResolverManager - Resolving P/cws_util: uo.ri:cws_util:0.0.1-SNAPSHOT with classifier  to /cws_util/bin
2024-11-10 16:26:11,741 [Worker-5: Building] INFO  o.a.m.s.f.DefaultMavenResourcesFiltering - Copying 0 resource from src to bin
2024-11-10 16:26:11,747 [Worker-5: Building] INFO  o.a.m.s.f.DefaultMavenResourcesFiltering - skip non existing resourceDirectory C:\Users\Usuario\OneDrive\Escritorio\RI_JPA\cws_client_foreman\src\test\resources
2024-11-10 16:26:11,977 [Worker-24: Download sources and javadoc] INFO  o.e.m.c.i.e.AbstractTransferListenerAdapter - Downloaded https://repo.maven.apache.org/maven2/net/bytebuddy/byte-buddy/1.14.12/byte-buddy-1.14.12-sources.jar
2024-11-10 16:26:12,002 [Worker-24: Download sources and javadoc] INFO  o.e.m.j.internal.DownloadSourcesJob - Downloaded sources for net.bytebuddy:byte-buddy:1.14.12
2024-11-10 16:26:12,119 [Worker-24: Download sources and javadoc] INFO  o.e.m.c.i.e.AbstractTransferListenerAdapter - Downloading https://repo.maven.apache.org/maven2/net/bytebuddy/byte-buddy-agent/1.14.12/byte-buddy-agent-1.14.12-sources.jar
2024-11-10 16:26:12,264 [Worker-5: Building] INFO  o.e.m.c.i.l.LifecycleMappingFactory - Using org.eclipse.m2e.jdt.JarLifecycleMapping lifecycle mapping for MavenProject: uo.ri:cws_client_cashier:0.0.1-SNAPSHOT @ C:\Users\Usuario\OneDrive\Escritorio\RI_JPA\cws_client_cashier\pom.xml.
2024-11-10 16:26:12,471 [Worker-24: Download sources and javadoc] INFO  o.e.m.c.i.e.AbstractTransferListenerAdapter - Downloaded https://repo.maven.apache.org/maven2/net/bytebuddy/byte-buddy-agent/1.14.12/byte-buddy-agent-1.14.12-sources.jar
2024-11-10 16:26:12,498 [Worker-5: Building] INFO  o.e.m.c.i.p.WorkspaceClassifierResolverManager - Resolving P/cws_services_jpa: uo.ri:cws_services_jpa:0.0.1-SNAPSHOT with classifier  to /cws_services_jpa/bin
2024-11-10 16:26:12,499 [Worker-5: Building] INFO  o.e.m.c.i.p.WorkspaceClassifierResolverManager - Resolving P/cws_util: uo.ri:cws_util:0.0.1-SNAPSHOT with classifier  to /cws_util/bin
2024-11-10 16:26:12,502 [Worker-24: Download sources and javadoc] INFO  o.e.m.j.internal.DownloadSourcesJob - Downloaded sources for net.bytebuddy:byte-buddy-agent:1.14.12
2024-11-10 16:26:12,585 [Worker-24: Download sources and javadoc] INFO  o.e.m.c.i.e.AbstractTransferListenerAdapter - Downloading https://repo.maven.apache.org/maven2/org/objenesis/objenesis/3.3/objenesis-3.3-sources.jar
2024-11-10 16:26:12,658 [Worker-5: Building] INFO  o.a.m.s.f.DefaultMavenResourcesFiltering - Copying 0 resource from src to bin
2024-11-10 16:26:12,664 [Worker-5: Building] INFO  o.a.m.s.f.DefaultMavenResourcesFiltering - skip non existing resourceDirectory C:\Users\Usuario\OneDrive\Escritorio\RI_JPA\cws_client_cashier\src\test\resources
2024-11-10 16:26:12,673 [Worker-24: Download sources and javadoc] INFO  o.e.m.c.i.e.AbstractTransferListenerAdapter - Downloaded https://repo.maven.apache.org/maven2/org/objenesis/objenesis/3.3/objenesis-3.3-sources.jar
2024-11-10 16:26:12,687 [Worker-24: Download sources and javadoc] INFO  o.e.m.j.internal.DownloadSourcesJob - Downloaded sources for org.objenesis:objenesis:3.3
2024-11-10 16:26:12,701 [Worker-24: Download sources and javadoc] INFO  o.e.m.j.internal.DownloadSourcesJob - Downloaded sources for org.hsqldb:hsqldb:2.7.2
2024-11-10 16:26:13,916 [Worker-10: Building] INFO  o.a.m.s.f.DefaultMavenResourcesFiltering - Copying 0 resource from src to bin
2024-11-10 16:26:13,920 [Worker-10: Building] INFO  o.a.m.s.f.DefaultMavenResourcesFiltering - skip non existing resourceDirectory C:\Users\Usuario\OneDrive\Escritorio\RI_JPA\cws_client_mechanic\src\test\resources
2024-11-10 16:26:14,148 [Worker-10: Building] INFO  o.a.m.s.f.DefaultMavenResourcesFiltering - Copying 0 resource from src to bin
2024-11-10 16:26:14,152 [Worker-10: Building] INFO  o.a.m.s.f.DefaultMavenResourcesFiltering - skip non existing resourceDirectory C:\Users\Usuario\OneDrive\Escritorio\RI_JPA\cws_client_manager\src\test\resources
2024-11-10 16:26:14,374 [Worker-10: Building] INFO  o.a.m.s.f.DefaultMavenResourcesFiltering - Copying 0 resource from src to bin
2024-11-10 16:26:14,400 [Worker-10: Building] INFO  o.a.m.s.f.DefaultMavenResourcesFiltering - skip non existing resourceDirectory C:\Users\Usuario\OneDrive\Escritorio\RI_JPA\cws_client_foreman\src\test\resources
2024-11-10 16:26:14,667 [Worker-10: Building] INFO  o.a.m.s.f.DefaultMavenResourcesFiltering - Copying 0 resource from src to bin
2024-11-10 16:26:14,672 [Worker-10: Building] INFO  o.a.m.s.f.DefaultMavenResourcesFiltering - skip non existing resourceDirectory C:\Users\Usuario\OneDrive\Escritorio\RI_JPA\cws_client_cashier\src\test\resources
2024-11-10 16:26:22,101 [main] INFO  o.e.m.jdt.internal.UnitTestSupport - Updating uo.ri.cws.associations from maven configuration
2024-11-10 16:26:25,280 [Worker-19: Launching uo.ri.cws.associations] INFO  o.e.m.c.i.p.WorkspaceClassifierResolverManager - Resolving P/cws_util: uo.ri:cws_util:0.0.1-SNAPSHOT with classifier null to /cws_util/bin
2024-11-10 16:26:25,359 [Worker-19: Launching uo.ri.cws.associations] INFO  o.e.m.c.i.e.AbstractTransferListenerAdapter - Downloading https://repo.maven.apache.org/maven2/org/junit/platform/junit-platform-launcher/1.9.1/junit-platform-launcher-1.9.1.jar
2024-11-10 16:26:25,442 [Worker-19: Launching uo.ri.cws.associations] INFO  o.e.m.c.i.e.AbstractTransferListenerAdapter - Downloaded https://repo.maven.apache.org/maven2/org/junit/platform/junit-platform-launcher/1.9.1/junit-platform-launcher-1.9.1.jar
2024-11-10 16:26:25,552 [Worker-19: Launching uo.ri.cws.associations] INFO  o.e.m.c.i.p.WorkspaceClassifierResolverManager - Resolving P/cws_util: uo.ri:cws_util:0.0.1-SNAPSHOT with classifier null to /cws_util/bin
2024-11-10 16:28:10,210 [Worker-19: Building] INFO  o.a.m.s.f.DefaultMavenResourcesFiltering - Copying 2 resources from src to bin
2024-11-10 16:28:10,220 [Worker-19: Building] INFO  o.a.m.s.f.DefaultMavenResourcesFiltering - skip non existing resourceDirectory C:\Users\Usuario\OneDrive\Escritorio\RI_JPA\cws_services_jpa\src\test\resources
2024-11-10 16:28:33,858 [Worker-7: Building] INFO  o.a.m.s.f.DefaultMavenResourcesFiltering - Copying 2 resources from src to bin
2024-11-10 16:28:33,863 [Worker-7: Building] INFO  o.a.m.s.f.DefaultMavenResourcesFiltering - skip non existing resourceDirectory C:\Users\Usuario\OneDrive\Escritorio\RI_JPA\cws_services_jpa\src\test\resources
2024-11-10 16:28:46,955 [Worker-19: Building] INFO  o.a.m.s.f.DefaultMavenResourcesFiltering - Copying 2 resources from src to bin
2024-11-10 16:28:46,960 [Worker-19: Building] INFO  o.a.m.s.f.DefaultMavenResourcesFiltering - skip non existing resourceDirectory C:\Users\Usuario\OneDrive\Escritorio\RI_JPA\cws_services_jpa\src\test\resources
2024-11-10 16:29:06,009 [Worker-13: Building] INFO  o.a.m.s.f.DefaultMavenResourcesFiltering - Copying 2 resources from src to bin
2024-11-10 16:29:06,019 [Worker-13: Building] INFO  o.a.m.s.f.DefaultMavenResourcesFiltering - skip non existing resourceDirectory C:\Users\Usuario\OneDrive\Escritorio\RI_JPA\cws_services_jpa\src\test\resources
2024-11-10 16:29:09,035 [Worker-22: Building] INFO  o.a.m.s.f.DefaultMavenResourcesFiltering - Copying 2 resources from src to bin
2024-11-10 16:29:09,039 [Worker-22: Building] INFO  o.a.m.s.f.DefaultMavenResourcesFiltering - skip non existing resourceDirectory C:\Users\Usuario\OneDrive\Escritorio\RI_JPA\cws_services_jpa\src\test\resources
2024-11-10 16:29:25,268 [Worker-16: Building] INFO  o.a.m.s.f.DefaultMavenResourcesFiltering - Copying 2 resources from src to bin
2024-11-10 16:29:25,273 [Worker-16: Building] INFO  o.a.m.s.f.DefaultMavenResourcesFiltering - skip non existing resourceDirectory C:\Users\Usuario\OneDrive\Escritorio\RI_JPA\cws_services_jpa\src\test\resources
2024-11-10 16:30:48,592 [Worker-0: Building] INFO  o.a.m.s.f.DefaultMavenResourcesFiltering - Copying 2 resources from src to bin
2024-11-10 16:30:48,599 [Worker-0: Building] INFO  o.a.m.s.f.DefaultMavenResourcesFiltering - skip non existing resourceDirectory C:\Users\Usuario\OneDrive\Escritorio\RI_JPA\cws_services_jpa\src\test\resources
2024-11-10 16:30:56,454 [Worker-24: Building] INFO  o.a.m.s.f.DefaultMavenResourcesFiltering - Copying 2 resources from src to bin
2024-11-10 16:30:56,458 [Worker-24: Building] INFO  o.a.m.s.f.DefaultMavenResourcesFiltering - skip non existing resourceDirectory C:\Users\Usuario\OneDrive\Escritorio\RI_JPA\cws_services_jpa\src\test\resources
2024-11-10 16:31:19,173 [Worker-5: Building] INFO  o.a.m.s.f.DefaultMavenResourcesFiltering - Copying 2 resources from src to bin
2024-11-10 16:31:19,179 [Worker-5: Building] INFO  o.a.m.s.f.DefaultMavenResourcesFiltering - skip non existing resourceDirectory C:\Users\Usuario\OneDrive\Escritorio\RI_JPA\cws_services_jpa\src\test\resources
2024-11-10 16:33:13,448 [Worker-2: Building] INFO  o.a.m.s.f.DefaultMavenResourcesFiltering - Copying 2 resources from src to bin
2024-11-10 16:33:13,452 [Worker-2: Building] INFO  o.a.m.s.f.DefaultMavenResourcesFiltering - skip non existing resourceDirectory C:\Users\Usuario\OneDrive\Escritorio\RI_JPA\cws_services_jpa\src\test\resources
2024-11-10 16:34:09,778 [Worker-24: Building] INFO  o.a.m.s.f.DefaultMavenResourcesFiltering - Copying 2 resources from src to bin
2024-11-10 16:34:09,783 [Worker-24: Building] INFO  o.a.m.s.f.DefaultMavenResourcesFiltering - skip non existing resourceDirectory C:\Users\Usuario\OneDrive\Escritorio\RI_JPA\cws_services_jpa\src\test\resources
2024-11-10 16:34:24,153 [Worker-14: Building] INFO  o.a.m.s.f.DefaultMavenResourcesFiltering - Copying 2 resources from src to bin
2024-11-10 16:34:24,157 [Worker-14: Building] INFO  o.a.m.s.f.DefaultMavenResourcesFiltering - skip non existing resourceDirectory C:\Users\Usuario\OneDrive\Escritorio\RI_JPA\cws_services_jpa\src\test\resources
2024-11-10 16:34:28,487 [Worker-5: Launching uo.ri.cws.associations] INFO  o.e.m.c.i.p.WorkspaceClassifierResolverManager - Resolving P/cws_util: uo.ri:cws_util:0.0.1-SNAPSHOT with classifier null to /cws_util/bin
2024-11-10 16:34:28,545 [Worker-5: Launching uo.ri.cws.associations] INFO  o.e.m.c.i.p.WorkspaceClassifierResolverManager - Resolving P/cws_util: uo.ri:cws_util:0.0.1-SNAPSHOT with classifier null to /cws_util/bin
2024-11-10 16:35:03,850 [Worker-20: Building] INFO  o.a.m.s.f.DefaultMavenResourcesFiltering - Copying 2 resources from src to bin
2024-11-10 16:35:03,854 [Worker-20: Building] INFO  o.a.m.s.f.DefaultMavenResourcesFiltering - skip non existing resourceDirectory C:\Users\Usuario\OneDrive\Escritorio\RI_JPA\cws_services_jpa\src\test\resources
2024-11-10 16:35:34,460 [Worker-22: Building] INFO  o.a.m.s.f.DefaultMavenResourcesFiltering - Copying 2 resources from src to bin
2024-11-10 16:35:34,464 [Worker-22: Building] INFO  o.a.m.s.f.DefaultMavenResourcesFiltering - skip non existing resourceDirectory C:\Users\Usuario\OneDrive\Escritorio\RI_JPA\cws_services_jpa\src\test\resources
2024-11-10 16:35:44,548 [Worker-2: Building] INFO  o.a.m.s.f.DefaultMavenResourcesFiltering - Copying 2 resources from src to bin
2024-11-10 16:35:44,553 [Worker-2: Building] INFO  o.a.m.s.f.DefaultMavenResourcesFiltering - skip non existing resourceDirectory C:\Users\Usuario\OneDrive\Escritorio\RI_JPA\cws_services_jpa\src\test\resources
2024-11-10 16:36:07,350 [Worker-4: Building] INFO  o.a.m.s.f.DefaultMavenResourcesFiltering - Copying 2 resources from src to bin
2024-11-10 16:36:07,353 [Worker-4: Building] INFO  o.a.m.s.f.DefaultMavenResourcesFiltering - skip non existing resourceDirectory C:\Users\Usuario\OneDrive\Escritorio\RI_JPA\cws_services_jpa\src\test\resources
2024-11-10 16:36:27,066 [Worker-4: Building] INFO  o.a.m.s.f.DefaultMavenResourcesFiltering - Copying 2 resources from src to bin
2024-11-10 16:36:27,068 [Worker-4: Building] INFO  o.a.m.s.f.DefaultMavenResourcesFiltering - skip non existing resourceDirectory C:\Users\Usuario\OneDrive\Escritorio\RI_JPA\cws_services_jpa\src\test\resources
2024-11-10 16:36:33,245 [Worker-5: Launching uo.ri.cws.associations] INFO  o.e.m.c.i.p.WorkspaceClassifierResolverManager - Resolving P/cws_util: uo.ri:cws_util:0.0.1-SNAPSHOT with classifier null to /cws_util/bin
2024-11-10 16:36:33,308 [Worker-5: Launching uo.ri.cws.associations] INFO  o.e.m.c.i.p.WorkspaceClassifierResolverManager - Resolving P/cws_util: uo.ri:cws_util:0.0.1-SNAPSHOT with classifier null to /cws_util/bin
2024-11-10 16:36:53,997 [Worker-4: Building] INFO  o.a.m.s.f.DefaultMavenResourcesFiltering - Copying 2 resources from src to bin
2024-11-10 16:36:54,002 [Worker-4: Building] INFO  o.a.m.s.f.DefaultMavenResourcesFiltering - skip non existing resourceDirectory C:\Users\Usuario\OneDrive\Escritorio\RI_JPA\cws_services_jpa\src\test\resources
2024-11-10 16:37:02,965 [Worker-19: Building] INFO  o.a.m.s.f.DefaultMavenResourcesFiltering - Copying 2 resources from src to bin
2024-11-10 16:37:02,969 [Worker-19: Building] INFO  o.a.m.s.f.DefaultMavenResourcesFiltering - skip non existing resourceDirectory C:\Users\Usuario\OneDrive\Escritorio\RI_JPA\cws_services_jpa\src\test\resources
2024-11-10 16:37:06,639 [Worker-4: Launching uo.ri.cws.associations] INFO  o.e.m.c.i.p.WorkspaceClassifierResolverManager - Resolving P/cws_util: uo.ri:cws_util:0.0.1-SNAPSHOT with classifier null to /cws_util/bin
2024-11-10 16:37:06,703 [Worker-4: Launching uo.ri.cws.associations] INFO  o.e.m.c.i.p.WorkspaceClassifierResolverManager - Resolving P/cws_util: uo.ri:cws_util:0.0.1-SNAPSHOT with classifier null to /cws_util/bin
2024-11-10 16:38:53,033 [Worker-8: Building] INFO  o.a.m.s.f.DefaultMavenResourcesFiltering - Copying 2 resources from src to bin
2024-11-10 16:38:53,037 [Worker-8: Building] INFO  o.a.m.s.f.DefaultMavenResourcesFiltering - skip non existing resourceDirectory C:\Users\Usuario\OneDrive\Escritorio\RI_JPA\cws_services_jpa\src\test\resources
2024-11-10 16:39:08,015 [Worker-16: Building] INFO  o.a.m.s.f.DefaultMavenResourcesFiltering - Copying 2 resources from src to bin
2024-11-10 16:39:08,018 [Worker-16: Building] INFO  o.a.m.s.f.DefaultMavenResourcesFiltering - skip non existing resourceDirectory C:\Users\Usuario\OneDrive\Escritorio\RI_JPA\cws_services_jpa\src\test\resources
2024-11-10 16:39:21,473 [Worker-2: Building] INFO  o.a.m.s.f.DefaultMavenResourcesFiltering - Copying 2 resources from src to bin
2024-11-10 16:39:21,476 [Worker-2: Building] INFO  o.a.m.s.f.DefaultMavenResourcesFiltering - skip non existing resourceDirectory C:\Users\Usuario\OneDrive\Escritorio\RI_JPA\cws_services_jpa\src\test\resources
2024-11-10 16:39:37,224 [Worker-24: Launching uo.ri.cws.associations] INFO  o.e.m.c.i.p.WorkspaceClassifierResolverManager - Resolving P/cws_util: uo.ri:cws_util:0.0.1-SNAPSHOT with classifier null to /cws_util/bin
2024-11-10 16:39:37,334 [Worker-24: Launching uo.ri.cws.associations] INFO  o.e.m.c.i.p.WorkspaceClassifierResolverManager - Resolving P/cws_util: uo.ri:cws_util:0.0.1-SNAPSHOT with classifier null to /cws_util/bin
2024-11-10 16:40:09,370 [Worker-6: Launching uo.ri.cws.associations] INFO  o.a.m.s.f.DefaultMavenResourcesFiltering - Copying 2 resources from src to bin
2024-11-10 16:40:09,376 [Worker-6: Launching uo.ri.cws.associations] INFO  o.a.m.s.f.DefaultMavenResourcesFiltering - skip non existing resourceDirectory C:\Users\Usuario\OneDrive\Escritorio\RI_JPA\cws_services_jpa\src\test\resources
2024-11-10 16:40:10,725 [Worker-6: Launching uo.ri.cws.associations] INFO  o.e.m.c.i.p.WorkspaceClassifierResolverManager - Resolving P/cws_util: uo.ri:cws_util:0.0.1-SNAPSHOT with classifier null to /cws_util/bin
2024-11-10 16:40:10,849 [Worker-6: Launching uo.ri.cws.associations] INFO  o.e.m.c.i.p.WorkspaceClassifierResolverManager - Resolving P/cws_util: uo.ri:cws_util:0.0.1-SNAPSHOT with classifier null to /cws_util/bin
2024-11-10 16:40:28,784 [Worker-20: Launching uo.ri.cws.associations] INFO  o.a.m.s.f.DefaultMavenResourcesFiltering - Copying 2 resources from src to bin
2024-11-10 16:40:28,790 [Worker-20: Launching uo.ri.cws.associations] INFO  o.a.m.s.f.DefaultMavenResourcesFiltering - skip non existing resourceDirectory C:\Users\Usuario\OneDrive\Escritorio\RI_JPA\cws_services_jpa\src\test\resources
2024-11-10 16:40:29,504 [Worker-20: Launching uo.ri.cws.associations] INFO  o.e.m.c.i.p.WorkspaceClassifierResolverManager - Resolving P/cws_util: uo.ri:cws_util:0.0.1-SNAPSHOT with classifier null to /cws_util/bin
2024-11-10 16:40:29,560 [Worker-20: Launching uo.ri.cws.associations] INFO  o.e.m.c.i.p.WorkspaceClassifierResolverManager - Resolving P/cws_util: uo.ri:cws_util:0.0.1-SNAPSHOT with classifier null to /cws_util/bin
2024-11-10 16:40:33,632 [Worker-2: Building] INFO  o.a.m.s.f.DefaultMavenResourcesFiltering - Copying 2 resources from src to bin
2024-11-10 16:40:33,635 [Worker-2: Building] INFO  o.a.m.s.f.DefaultMavenResourcesFiltering - skip non existing resourceDirectory C:\Users\Usuario\OneDrive\Escritorio\RI_JPA\cws_services_jpa\src\test\resources
2024-11-10 16:40:42,953 [Worker-19: Launching uo.ri.cws.associations] INFO  o.a.m.s.f.DefaultMavenResourcesFiltering - Copying 2 resources from src to bin
2024-11-10 16:40:42,958 [Worker-19: Launching uo.ri.cws.associations] INFO  o.a.m.s.f.DefaultMavenResourcesFiltering - skip non existing resourceDirectory C:\Users\Usuario\OneDrive\Escritorio\RI_JPA\cws_services_jpa\src\test\resources
2024-11-10 16:40:44,442 [Worker-19: Launching uo.ri.cws.associations] INFO  o.e.m.c.i.p.WorkspaceClassifierResolverManager - Resolving P/cws_util: uo.ri:cws_util:0.0.1-SNAPSHOT with classifier null to /cws_util/bin
2024-11-10 16:40:44,496 [Worker-19: Launching uo.ri.cws.associations] INFO  o.e.m.c.i.p.WorkspaceClassifierResolverManager - Resolving P/cws_util: uo.ri:cws_util:0.0.1-SNAPSHOT with classifier null to /cws_util/bin
2024-11-10 16:40:49,560 [Worker-13: Building] INFO  o.a.m.s.f.DefaultMavenResourcesFiltering - Copying 2 resources from src to bin
2024-11-10 16:40:49,567 [Worker-13: Building] INFO  o.a.m.s.f.DefaultMavenResourcesFiltering - skip non existing resourceDirectory C:\Users\Usuario\OneDrive\Escritorio\RI_JPA\cws_services_jpa\src\test\resources
2024-11-10 16:41:06,705 [Worker-23: Building] INFO  o.a.m.s.f.DefaultMavenResourcesFiltering - Copying 0 resource from src to bin
2024-11-10 16:41:06,707 [Worker-23: Building] INFO  o.a.m.s.f.DefaultMavenResourcesFiltering - skip non existing resourceDirectory C:\Users\Usuario\OneDrive\Escritorio\RI_JPA\cws_services_jpa\src\test\resources
2024-11-10 16:41:11,369 [Worker-14: Building] INFO  o.a.m.s.f.DefaultMavenResourcesFiltering - Copying 0 resource from src to bin
2024-11-10 16:41:11,372 [Worker-14: Building] INFO  o.a.m.s.f.DefaultMavenResourcesFiltering - skip non existing resourceDirectory C:\Users\Usuario\OneDrive\Escritorio\RI_JPA\cws_services_jpa\src\test\resources
2024-11-10 16:41:45,460 [Worker-24: Building] INFO  o.a.m.s.f.DefaultMavenResourcesFiltering - Copying 2 resources from src to bin
2024-11-10 16:41:45,467 [Worker-24: Building] INFO  o.a.m.s.f.DefaultMavenResourcesFiltering - skip non existing resourceDirectory C:\Users\Usuario\OneDrive\Escritorio\RI_JPA\cws_services_jpa\src\test\resources
2024-11-10 16:41:58,122 [Worker-18: Building] INFO  o.a.m.s.f.DefaultMavenResourcesFiltering - Copying 2 resources from src to bin
2024-11-10 16:41:58,125 [Worker-18: Building] INFO  o.a.m.s.f.DefaultMavenResourcesFiltering - skip non existing resourceDirectory C:\Users\Usuario\OneDrive\Escritorio\RI_JPA\cws_services_jpa\src\test\resources
2024-11-10 16:43:16,403 [Worker-12: Building] INFO  o.a.m.s.f.DefaultMavenResourcesFiltering - Copying 2 resources from src to bin
2024-11-10 16:43:16,407 [Worker-12: Building] INFO  o.a.m.s.f.DefaultMavenResourcesFiltering - skip non existing resourceDirectory C:\Users\Usuario\OneDrive\Escritorio\RI_JPA\cws_services_jpa\src\test\resources
2024-11-10 16:43:29,800 [Worker-14: Building] INFO  o.a.m.s.f.DefaultMavenResourcesFiltering - Copying 2 resources from src to bin
2024-11-10 16:43:29,802 [Worker-14: Building] INFO  o.a.m.s.f.DefaultMavenResourcesFiltering - skip non existing resourceDirectory C:\Users\Usuario\OneDrive\Escritorio\RI_JPA\cws_services_jpa\src\test\resources
2024-11-10 16:44:13,102 [Worker-19: Building] INFO  o.a.m.s.f.DefaultMavenResourcesFiltering - Copying 2 resources from src to bin
2024-11-10 16:44:13,105 [Worker-19: Building] INFO  o.a.m.s.f.DefaultMavenResourcesFiltering - skip non existing resourceDirectory C:\Users\Usuario\OneDrive\Escritorio\RI_JPA\cws_services_jpa\src\test\resources
2024-11-10 16:44:15,858 [Worker-16: Building] INFO  o.a.m.s.f.DefaultMavenResourcesFiltering - Copying 2 resources from src to bin
2024-11-10 16:44:15,864 [Worker-16: Building] INFO  o.a.m.s.f.DefaultMavenResourcesFiltering - skip non existing resourceDirectory C:\Users\Usuario\OneDrive\Escritorio\RI_JPA\cws_services_jpa\src\test\resources
2024-11-10 16:44:42,677 [Worker-24: Building] INFO  o.a.m.s.f.DefaultMavenResourcesFiltering - Copying 2 resources from src to bin
2024-11-10 16:44:42,683 [Worker-24: Building] INFO  o.a.m.s.f.DefaultMavenResourcesFiltering - skip non existing resourceDirectory C:\Users\Usuario\OneDrive\Escritorio\RI_JPA\cws_services_jpa\src\test\resources
2024-11-10 16:44:45,696 [main] INFO  o.e.m.jdt.internal.UnitTestSupport - Updating uo.ri.cws.domain from maven configuration
2024-11-10 16:44:47,079 [Worker-20: Launching uo.ri.cws.domain] INFO  o.e.m.c.i.p.WorkspaceClassifierResolverManager - Resolving P/cws_util: uo.ri:cws_util:0.0.1-SNAPSHOT with classifier null to /cws_util/bin
2024-11-10 16:44:47,154 [Worker-20: Launching uo.ri.cws.domain] INFO  o.e.m.c.i.p.WorkspaceClassifierResolverManager - Resolving P/cws_util: uo.ri:cws_util:0.0.1-SNAPSHOT with classifier null to /cws_util/bin
2024-11-10 16:45:03,222 [Worker-2: Building] INFO  o.a.m.s.f.DefaultMavenResourcesFiltering - Copying 0 resource from src to bin
2024-11-10 16:45:03,224 [Worker-2: Building] INFO  o.a.m.s.f.DefaultMavenResourcesFiltering - skip non existing resourceDirectory C:\Users\Usuario\OneDrive\Escritorio\RI_JPA\cws_services_jpa\src\test\resources
2024-11-10 16:45:09,765 [main] INFO  o.e.m.jdt.internal.UnitTestSupport - Updating uo.ri.cws.persistence from maven configuration
2024-11-10 16:45:11,355 [Worker-22: Launching uo.ri.cws.persistence] INFO  o.e.m.c.i.p.WorkspaceClassifierResolverManager - Resolving P/cws_util: uo.ri:cws_util:0.0.1-SNAPSHOT with classifier null to /cws_util/bin
2024-11-10 16:45:11,407 [Worker-22: Launching uo.ri.cws.persistence] INFO  o.e.m.c.i.p.WorkspaceClassifierResolverManager - Resolving P/cws_util: uo.ri:cws_util:0.0.1-SNAPSHOT with classifier null to /cws_util/bin
2024-11-10 16:46:00,168 [Worker-16: Building] INFO  o.a.m.s.f.DefaultMavenResourcesFiltering - Copying 2 resources from src to bin
2024-11-10 16:46:00,173 [Worker-16: Building] INFO  o.a.m.s.f.DefaultMavenResourcesFiltering - skip non existing resourceDirectory C:\Users\Usuario\OneDrive\Escritorio\RI_JPA\cws_services_jpa\src\test\resources
2024-11-10 16:46:09,190 [Worker-10: Launching uo.ri.cws.persistence] INFO  o.e.m.c.i.p.WorkspaceClassifierResolverManager - Resolving P/cws_util: uo.ri:cws_util:0.0.1-SNAPSHOT with classifier null to /cws_util/bin
2024-11-10 16:46:09,247 [Worker-10: Launching uo.ri.cws.persistence] INFO  o.e.m.c.i.p.WorkspaceClassifierResolverManager - Resolving P/cws_util: uo.ri:cws_util:0.0.1-SNAPSHOT with classifier null to /cws_util/bin
2024-11-10 16:46:29,483 [Worker-2: Launching AdminMain] INFO  o.e.m.c.i.p.WorkspaceClassifierResolverManager - Resolving P/cws_services_jpa: uo.ri:cws_services_jpa:0.0.1-SNAPSHOT with classifier null to /cws_services_jpa/bin
2024-11-10 16:46:29,483 [Worker-2: Launching AdminMain] INFO  o.e.m.c.i.p.WorkspaceClassifierResolverManager - Resolving P/cws_util: uo.ri:cws_util:0.0.1-SNAPSHOT with classifier null to /cws_util/bin
2024-11-10 16:46:29,504 [Worker-2: Launching AdminMain] INFO  o.e.m.c.i.p.WorkspaceClassifierResolverManager - Resolving P/cws_services_jpa: uo.ri:cws_services_jpa:0.0.1-SNAPSHOT with classifier null to /cws_services_jpa/bin
2024-11-10 16:46:29,504 [Worker-2: Launching AdminMain] INFO  o.e.m.c.i.p.WorkspaceClassifierResolverManager - Resolving P/cws_util: uo.ri:cws_util:0.0.1-SNAPSHOT with classifier null to /cws_util/bin
2024-11-10 16:46:29,525 [Worker-2: Launching AdminMain] INFO  o.e.m.c.i.p.WorkspaceClassifierResolverManager - Resolving P/cws_services_jpa: uo.ri:cws_services_jpa:0.0.1-SNAPSHOT with classifier null to /cws_services_jpa/bin
2024-11-10 16:46:29,525 [Worker-2: Launching AdminMain] INFO  o.e.m.c.i.p.WorkspaceClassifierResolverManager - Resolving P/cws_util: uo.ri:cws_util:0.0.1-SNAPSHOT with classifier null to /cws_util/bin
2024-11-10 16:47:27,772 [Worker-22: Launching AdminMain] INFO  o.e.m.c.i.p.WorkspaceClassifierResolverManager - Resolving P/cws_services_jpa: uo.ri:cws_services_jpa:0.0.1-SNAPSHOT with classifier null to /cws_services_jpa/bin
2024-11-10 16:47:27,772 [Worker-22: Launching AdminMain] INFO  o.e.m.c.i.p.WorkspaceClassifierResolverManager - Resolving P/cws_util: uo.ri:cws_util:0.0.1-SNAPSHOT with classifier null to /cws_util/bin
2024-11-10 16:47:27,793 [Worker-22: Launching AdminMain] INFO  o.e.m.c.i.p.WorkspaceClassifierResolverManager - Resolving P/cws_services_jpa: uo.ri:cws_services_jpa:0.0.1-SNAPSHOT with classifier null to /cws_services_jpa/bin
2024-11-10 16:47:27,794 [Worker-22: Launching AdminMain] INFO  o.e.m.c.i.p.WorkspaceClassifierResolverManager - Resolving P/cws_util: uo.ri:cws_util:0.0.1-SNAPSHOT with classifier null to /cws_util/bin
2024-11-10 16:47:27,814 [Worker-22: Launching AdminMain] INFO  o.e.m.c.i.p.WorkspaceClassifierResolverManager - Resolving P/cws_services_jpa: uo.ri:cws_services_jpa:0.0.1-SNAPSHOT with classifier null to /cws_services_jpa/bin
2024-11-10 16:47:27,814 [Worker-22: Launching AdminMain] INFO  o.e.m.c.i.p.WorkspaceClassifierResolverManager - Resolving P/cws_util: uo.ri:cws_util:0.0.1-SNAPSHOT with classifier null to /cws_util/bin
2024-11-10 16:48:59,426 [Burningwave - Resource releaser] INFO  o.b.c.a.StaticComponentContainer - (StaticComponentContainer.java:391) - ... Waiting for all tasks ending
2024-11-10 16:48:59,428 [Burningwave - Resource releaser] INFO  o.b.c.a.StaticComponentContainer - (StaticComponentContainer.java:397) - Closing all component containers
2024-11-10 16:48:59,432 [Burningwave - Resource releaser] INFO  o.b.c.a.StaticComponentContainer - (StaticComponentContainer.java:403) - Closing FileSystemHelper
2024-11-10 16:48:59,435 [Burningwave - Resource releaser] INFO  o.b.c.a.StaticComponentContainer - (StaticComponentContainer.java:409) - ... Waiting for all tasks ending before shutting down the BackgroundExecutor
2024-11-10 16:48:59,435 [Burningwave - Resource releaser] INFO  o.b.c.a.StaticComponentContainer - (StaticComponentContainer.java:414) - Shutting down BackgroundExecutor
2024-11-10 16:48:59,436 [Burningwave - Resource releaser] INFO  o.b.c.a.StaticComponentContainer - (StaticComponentContainer.java:420) - Stopping all threads monitoring thread
2024-11-10 16:48:59,437 [Burningwave - Resource releaser] INFO  o.b.c.a.StaticComponentContainer - (StaticComponentContainer.java:425) - Closing ThreadHolder
2024-11-10 16:48:59,438 [Burningwave - Resource releaser] INFO  o.b.c.a.StaticComponentContainer - (StaticComponentContainer.java:430) - Shutting down ThreadSupplier
2024-11-11 17:56:24,917 [main] INFO  o.b.c.a.StaticComponentContainer - (StaticComponentContainer.java:368) - Instantiated org.burningwave.core.SLF4JManagedLoggerRepository
2024-11-11 17:56:24,931 [main] INFO  o.b.c.a.StaticComponentContainer - (StaticComponentContainer.java:369) - 

	Configuration values for static components:

		background-executor.all-tasks-monitoring.enabled=\
			true
		background-executor.all-tasks-monitoring.interval=\
			30000
		background-executor.all-tasks-monitoring.logger.enabled=\
			false
		background-executor.all-tasks-monitoring.minimum-elapsed-time-to-consider-a-task-as-probable-dead-locked=\
			300000
		background-executor.all-tasks-monitoring.probable-dead-locked-tasks-handling.policy=\
			log only
		background-executor.queued-task-executor[0].name=\
			Low priority tasks
		background-executor.queued-task-executor[0].priority=\
			1
		background-executor.queued-task-executor[1].name=\
			Normal priority tasks
		background-executor.queued-task-executor[1].priority=\
			5
		background-executor.queued-task-executor[2].name=\
			High priority tasks
		background-executor.queued-task-executor[2].priority=\
			10
		background-executor.task-creation-tracking.enabled=\
			${background-executor.all-tasks-monitoring.enabled}
		banner.additonal-informations=\
			${Implementation-Title} ${Implementation-Version}
		banner.additonal-informations.retrieve-from-manifest-file-with-implementation-title=\
			Burningwave Core
		banner.file=\
			org/burningwave/banner.bwb
		banner.hide=\
			true
		buffer-handler.default-allocation-mode=\
			ByteBuffer::allocateDirect
		buffer-handler.default-buffer-size=\
			1024
		group-name-for-named-elements=\
			Burningwave
		iterable-object-helper.default-values-separator=\
			;
		iterable-object-helper.parallel-iteration.applicability.default-minimum-collection-size=\
			2
		iterable-object-helper.parallel-iteration.applicability.max-runtime-thread-count-threshold=\
			autodetect
		iterable-object-helper.parallel-iteration.applicability.output-collection-enabled-types=\
			java.util.concurrent.ConcurrentHashMap$CollectionView;\
			java.util.Collections$SynchronizedCollection;\
			java.util.concurrent.CopyOnWriteArrayList;\
			java.util.concurrent.CopyOnWriteArraySet;\
			java.util.concurrent.BlockingQueue;\
			java.util.concurrent.ConcurrentSkipListSet;\
			java.util.concurrent.ConcurrentSkipListMap$EntrySet;\
			java.util.concurrent.ConcurrentSkipListMap$KeySet;\
			java.util.concurrent.ConcurrentSkipListMap$Values;
		jvm.driver.init=\
			false
		managed-logger.repository=\
			autodetect
		managed-logger.repository.enabled=\
			true
		managed-logger.repository.logging.warn.disabled-for=\
			org.burningwave.core.assembler.ComponentContainer$ClassLoader;\
			org.burningwave.core.classes.MemoryClassLoader;\
			org.burningwave.core.classes.PathScannerClassLoader;
		modules.export-all-to-all=\
			true
		resource-releaser.enabled=\
			true
		synchronizer.all-threads-monitoring.enabled=\
			false
		synchronizer.all-threads-monitoring.interval=\
			90000
		thread-supplier.default-daemon-flag-value=\
			true
		thread-supplier.default-thread-priority=\
			5
		thread-supplier.max-detached-thread-count=\
			${thread-supplier.max-poolable-thread-count}
		thread-supplier.max-detached-thread-count.elapsed-time-threshold-from-last-increase-for-gradual-decreasing-to-initial-value=\
			30000
		thread-supplier.max-detached-thread-count.increasing-step=\
			autodetect
		thread-supplier.max-poolable-thread-count=\
			autodetect
		thread-supplier.poolable-thread-request-timeout=\
			6000


2024-11-11 17:56:24,941 [main] INFO  o.b.core.jvm.BufferHandler - (BufferHandler.java:127) - default buffer size: 1024 bytes
2024-11-11 17:56:24,941 [main] INFO  o.b.core.jvm.BufferHandler - (BufferHandler.java:141) - default allocation mode: ByteBuffer::allocateDirect
2024-11-11 17:56:24,960 [main] INFO  org.burningwave.core.Cache - (Cache.java:76) - Building cache
2024-11-11 17:56:25,048 [main] INFO  o.b.c.a.StaticComponentContainer - (StaticComponentContainer.java:443) - org.burningwave.core.assembler.StaticComponentContainer initialized in 0.4341761 seconds
2024-11-11 17:56:30,852 [Worker-5: Loading available Gradle versions] INFO  o.e.b.c.i.u.g.PublishedGradleVersions - Gradle version information cache is out-of-date. Trying to update.
2024-11-11 17:57:11,009 [Worker-24: Building] INFO  o.e.m.c.i.p.WorkspaceClassifierResolverManager - Resolving P/cws_util: uo.ri:cws_util:0.0.1-SNAPSHOT with classifier  to /cws_util/bin
2024-11-11 17:57:11,754 [Worker-24: Building] INFO  o.a.m.s.f.DefaultMavenResourcesFiltering - Copying 2 resources from src to bin
2024-11-11 17:57:11,773 [Worker-24: Building] INFO  o.a.m.s.f.DefaultMavenResourcesFiltering - skip non existing resourceDirectory C:\Users\Usuario\OneDrive\Escritorio\RI_JPA\cws_services_jpa\src\test\resources
2024-11-11 17:57:21,225 [main] INFO  o.e.m.jdt.internal.UnitTestSupport - Updating uo.ri.cws from maven configuration
2024-11-11 17:57:21,993 [Worker-11: Launching uo.ri.cws] INFO  o.e.m.c.i.p.WorkspaceClassifierResolverManager - Resolving P/cws_util: uo.ri:cws_util:0.0.1-SNAPSHOT with classifier null to /cws_util/bin
2024-11-11 17:57:22,117 [Worker-11: Launching uo.ri.cws] INFO  o.e.m.c.i.p.WorkspaceClassifierResolverManager - Resolving P/cws_util: uo.ri:cws_util:0.0.1-SNAPSHOT with classifier null to /cws_util/bin
2024-11-11 17:58:24,742 [Worker-25: Launching uo.ri.cws.associations] INFO  o.e.m.c.i.p.WorkspaceClassifierResolverManager - Resolving P/cws_util: uo.ri:cws_util:0.0.1-SNAPSHOT with classifier null to /cws_util/bin
2024-11-11 17:58:24,892 [Worker-25: Launching uo.ri.cws.associations] INFO  o.e.m.c.i.p.WorkspaceClassifierResolverManager - Resolving P/cws_util: uo.ri:cws_util:0.0.1-SNAPSHOT with classifier null to /cws_util/bin
2024-11-11 17:58:33,305 [Worker-23: Launching uo.ri.cws.domain] INFO  o.e.m.c.i.p.WorkspaceClassifierResolverManager - Resolving P/cws_util: uo.ri:cws_util:0.0.1-SNAPSHOT with classifier null to /cws_util/bin
2024-11-11 17:58:33,431 [Worker-23: Launching uo.ri.cws.domain] INFO  o.e.m.c.i.p.WorkspaceClassifierResolverManager - Resolving P/cws_util: uo.ri:cws_util:0.0.1-SNAPSHOT with classifier null to /cws_util/bin
2024-11-11 17:59:48,295 [Worker-25: Launching uo.ri.cws.domain] INFO  o.a.m.s.f.DefaultMavenResourcesFiltering - Copying 2 resources from src to bin
2024-11-11 17:59:48,308 [Worker-25: Launching uo.ri.cws.domain] INFO  o.a.m.s.f.DefaultMavenResourcesFiltering - skip non existing resourceDirectory C:\Users\Usuario\OneDrive\Escritorio\RI_JPA\cws_services_jpa\src\test\resources
2024-11-11 17:59:48,556 [Worker-25: Launching uo.ri.cws.domain] INFO  o.e.m.c.i.p.WorkspaceClassifierResolverManager - Resolving P/cws_util: uo.ri:cws_util:0.0.1-SNAPSHOT with classifier null to /cws_util/bin
2024-11-11 17:59:48,653 [Worker-25: Launching uo.ri.cws.domain] INFO  o.e.m.c.i.p.WorkspaceClassifierResolverManager - Resolving P/cws_util: uo.ri:cws_util:0.0.1-SNAPSHOT with classifier null to /cws_util/bin
2024-11-11 18:00:54,239 [Worker-5: Building] INFO  o.a.m.s.f.DefaultMavenResourcesFiltering - Copying 2 resources from src to bin
2024-11-11 18:00:54,244 [Worker-5: Building] INFO  o.a.m.s.f.DefaultMavenResourcesFiltering - skip non existing resourceDirectory C:\Users\Usuario\OneDrive\Escritorio\RI_JPA\cws_services_jpa\src\test\resources
2024-11-11 18:02:01,495 [Worker-23: Building] INFO  o.a.m.s.f.DefaultMavenResourcesFiltering - Copying 2 resources from src to bin
2024-11-11 18:02:01,508 [Worker-23: Building] INFO  o.a.m.s.f.DefaultMavenResourcesFiltering - skip non existing resourceDirectory C:\Users\Usuario\OneDrive\Escritorio\RI_JPA\cws_services_jpa\src\test\resources
2024-11-11 18:02:40,543 [Worker-1: Building] INFO  o.a.m.s.f.DefaultMavenResourcesFiltering - Copying 2 resources from src to bin
2024-11-11 18:02:40,555 [Worker-1: Building] INFO  o.a.m.s.f.DefaultMavenResourcesFiltering - skip non existing resourceDirectory C:\Users\Usuario\OneDrive\Escritorio\RI_JPA\cws_services_jpa\src\test\resources
2024-11-11 18:02:54,540 [Worker-12: Building] INFO  o.a.m.s.f.DefaultMavenResourcesFiltering - Copying 2 resources from src to bin
2024-11-11 18:02:54,547 [Worker-12: Building] INFO  o.a.m.s.f.DefaultMavenResourcesFiltering - skip non existing resourceDirectory C:\Users\Usuario\OneDrive\Escritorio\RI_JPA\cws_services_jpa\src\test\resources
2024-11-11 18:03:29,043 [Worker-4: Building] INFO  o.a.m.s.f.DefaultMavenResourcesFiltering - Copying 2 resources from src to bin
2024-11-11 18:03:29,052 [Worker-4: Building] INFO  o.a.m.s.f.DefaultMavenResourcesFiltering - skip non existing resourceDirectory C:\Users\Usuario\OneDrive\Escritorio\RI_JPA\cws_services_jpa\src\test\resources
2024-11-11 18:03:29,644 [Worker-12: Launching uo.ri.cws.domain] INFO  o.e.m.c.i.p.WorkspaceClassifierResolverManager - Resolving P/cws_util: uo.ri:cws_util:0.0.1-SNAPSHOT with classifier null to /cws_util/bin
2024-11-11 18:03:29,806 [Worker-12: Launching uo.ri.cws.domain] INFO  o.e.m.c.i.p.WorkspaceClassifierResolverManager - Resolving P/cws_util: uo.ri:cws_util:0.0.1-SNAPSHOT with classifier null to /cws_util/bin
2024-11-11 18:03:45,925 [Worker-20: Building] INFO  o.a.m.s.f.DefaultMavenResourcesFiltering - Copying 2 resources from src to bin
2024-11-11 18:03:45,932 [Worker-20: Building] INFO  o.a.m.s.f.DefaultMavenResourcesFiltering - skip non existing resourceDirectory C:\Users\Usuario\OneDrive\Escritorio\RI_JPA\cws_services_jpa\src\test\resources
2024-11-11 18:03:57,293 [Worker-18: Building] INFO  o.a.m.s.f.DefaultMavenResourcesFiltering - Copying 2 resources from src to bin
2024-11-11 18:03:57,300 [Worker-18: Building] INFO  o.a.m.s.f.DefaultMavenResourcesFiltering - skip non existing resourceDirectory C:\Users\Usuario\OneDrive\Escritorio\RI_JPA\cws_services_jpa\src\test\resources
2024-11-11 18:04:08,145 [Worker-25: Building] INFO  o.a.m.s.f.DefaultMavenResourcesFiltering - Copying 2 resources from src to bin
2024-11-11 18:04:08,159 [Worker-25: Building] INFO  o.a.m.s.f.DefaultMavenResourcesFiltering - skip non existing resourceDirectory C:\Users\Usuario\OneDrive\Escritorio\RI_JPA\cws_services_jpa\src\test\resources
2024-11-11 18:04:11,269 [Worker-1: Building] INFO  o.a.m.s.f.DefaultMavenResourcesFiltering - Copying 2 resources from src to bin
2024-11-11 18:04:11,275 [Worker-1: Building] INFO  o.a.m.s.f.DefaultMavenResourcesFiltering - skip non existing resourceDirectory C:\Users\Usuario\OneDrive\Escritorio\RI_JPA\cws_services_jpa\src\test\resources
2024-11-11 18:04:19,486 [Worker-18: Building] INFO  o.a.m.s.f.DefaultMavenResourcesFiltering - Copying 2 resources from src to bin
2024-11-11 18:04:19,492 [Worker-18: Building] INFO  o.a.m.s.f.DefaultMavenResourcesFiltering - skip non existing resourceDirectory C:\Users\Usuario\OneDrive\Escritorio\RI_JPA\cws_services_jpa\src\test\resources
2024-11-11 18:05:24,655 [Worker-21: Building] INFO  o.a.m.s.f.DefaultMavenResourcesFiltering - Copying 2 resources from src to bin
2024-11-11 18:05:24,660 [Worker-21: Building] INFO  o.a.m.s.f.DefaultMavenResourcesFiltering - skip non existing resourceDirectory C:\Users\Usuario\OneDrive\Escritorio\RI_JPA\cws_services_jpa\src\test\resources
2024-11-11 18:05:32,666 [Worker-24: Building] INFO  o.a.m.s.f.DefaultMavenResourcesFiltering - Copying 2 resources from src to bin
2024-11-11 18:05:32,672 [Worker-24: Building] INFO  o.a.m.s.f.DefaultMavenResourcesFiltering - skip non existing resourceDirectory C:\Users\Usuario\OneDrive\Escritorio\RI_JPA\cws_services_jpa\src\test\resources
2024-11-11 18:05:35,846 [Worker-24: Building] INFO  o.a.m.s.f.DefaultMavenResourcesFiltering - Copying 2 resources from src to bin
2024-11-11 18:05:35,855 [Worker-24: Building] INFO  o.a.m.s.f.DefaultMavenResourcesFiltering - skip non existing resourceDirectory C:\Users\Usuario\OneDrive\Escritorio\RI_JPA\cws_services_jpa\src\test\resources
2024-11-11 18:05:39,243 [Worker-19: Launching uo.ri.cws.domain] INFO  o.e.m.c.i.p.WorkspaceClassifierResolverManager - Resolving P/cws_util: uo.ri:cws_util:0.0.1-SNAPSHOT with classifier null to /cws_util/bin
2024-11-11 18:05:39,357 [Worker-19: Launching uo.ri.cws.domain] INFO  o.e.m.c.i.p.WorkspaceClassifierResolverManager - Resolving P/cws_util: uo.ri:cws_util:0.0.1-SNAPSHOT with classifier null to /cws_util/bin
2024-11-11 18:05:49,920 [Worker-4: Building] INFO  o.a.m.s.f.DefaultMavenResourcesFiltering - Copying 2 resources from src to bin
2024-11-11 18:05:49,924 [Worker-4: Building] INFO  o.a.m.s.f.DefaultMavenResourcesFiltering - skip non existing resourceDirectory C:\Users\Usuario\OneDrive\Escritorio\RI_JPA\cws_services_jpa\src\test\resources
2024-11-11 18:05:51,030 [Worker-15: Launching uo.ri.cws.domain] INFO  o.e.m.c.i.p.WorkspaceClassifierResolverManager - Resolving P/cws_util: uo.ri:cws_util:0.0.1-SNAPSHOT with classifier null to /cws_util/bin
2024-11-11 18:05:51,122 [Worker-15: Launching uo.ri.cws.domain] INFO  o.e.m.c.i.p.WorkspaceClassifierResolverManager - Resolving P/cws_util: uo.ri:cws_util:0.0.1-SNAPSHOT with classifier null to /cws_util/bin
2024-11-11 18:06:14,601 [Worker-25: Launching uo.ri.cws.domain] INFO  o.a.m.s.f.DefaultMavenResourcesFiltering - Copying 2 resources from src to bin
2024-11-11 18:06:14,608 [Worker-25: Launching uo.ri.cws.domain] INFO  o.a.m.s.f.DefaultMavenResourcesFiltering - skip non existing resourceDirectory C:\Users\Usuario\OneDrive\Escritorio\RI_JPA\cws_services_jpa\src\test\resources
2024-11-11 18:06:14,827 [Worker-25: Launching uo.ri.cws.domain] INFO  o.e.m.c.i.p.WorkspaceClassifierResolverManager - Resolving P/cws_util: uo.ri:cws_util:0.0.1-SNAPSHOT with classifier null to /cws_util/bin
2024-11-11 18:06:14,906 [Worker-25: Launching uo.ri.cws.domain] INFO  o.e.m.c.i.p.WorkspaceClassifierResolverManager - Resolving P/cws_util: uo.ri:cws_util:0.0.1-SNAPSHOT with classifier null to /cws_util/bin
2024-11-11 18:06:25,663 [Worker-17: Building] INFO  o.a.m.s.f.DefaultMavenResourcesFiltering - Copying 2 resources from src to bin
2024-11-11 18:06:25,670 [Worker-17: Building] INFO  o.a.m.s.f.DefaultMavenResourcesFiltering - skip non existing resourceDirectory C:\Users\Usuario\OneDrive\Escritorio\RI_JPA\cws_services_jpa\src\test\resources
2024-11-11 18:06:26,520 [Worker-9: Launching uo.ri.cws.domain] INFO  o.e.m.c.i.p.WorkspaceClassifierResolverManager - Resolving P/cws_util: uo.ri:cws_util:0.0.1-SNAPSHOT with classifier null to /cws_util/bin
2024-11-11 18:06:26,595 [Worker-9: Launching uo.ri.cws.domain] INFO  o.e.m.c.i.p.WorkspaceClassifierResolverManager - Resolving P/cws_util: uo.ri:cws_util:0.0.1-SNAPSHOT with classifier null to /cws_util/bin
2024-11-11 18:07:56,985 [Worker-18: Building] INFO  o.a.m.s.f.DefaultMavenResourcesFiltering - Copying 2 resources from src to bin
2024-11-11 18:07:56,990 [Worker-18: Building] INFO  o.a.m.s.f.DefaultMavenResourcesFiltering - skip non existing resourceDirectory C:\Users\Usuario\OneDrive\Escritorio\RI_JPA\cws_services_jpa\src\test\resources
2024-11-11 18:08:32,283 [Worker-15: Building] INFO  o.a.m.s.f.DefaultMavenResourcesFiltering - Copying 2 resources from src to bin
2024-11-11 18:08:32,289 [Worker-15: Building] INFO  o.a.m.s.f.DefaultMavenResourcesFiltering - skip non existing resourceDirectory C:\Users\Usuario\OneDrive\Escritorio\RI_JPA\cws_services_jpa\src\test\resources
2024-11-11 18:08:51,809 [Worker-15: Building] INFO  o.a.m.s.f.DefaultMavenResourcesFiltering - Copying 2 resources from src to bin
2024-11-11 18:08:51,812 [Worker-15: Building] INFO  o.a.m.s.f.DefaultMavenResourcesFiltering - skip non existing resourceDirectory C:\Users\Usuario\OneDrive\Escritorio\RI_JPA\cws_services_jpa\src\test\resources
2024-11-11 18:09:16,621 [Worker-25: Building] INFO  o.a.m.s.f.DefaultMavenResourcesFiltering - Copying 2 resources from src to bin
2024-11-11 18:09:16,625 [Worker-25: Building] INFO  o.a.m.s.f.DefaultMavenResourcesFiltering - skip non existing resourceDirectory C:\Users\Usuario\OneDrive\Escritorio\RI_JPA\cws_services_jpa\src\test\resources
2024-11-11 18:09:17,910 [Worker-18: Launching uo.ri.cws.domain] INFO  o.e.m.c.i.p.WorkspaceClassifierResolverManager - Resolving P/cws_util: uo.ri:cws_util:0.0.1-SNAPSHOT with classifier null to /cws_util/bin
2024-11-11 18:09:17,993 [Worker-18: Launching uo.ri.cws.domain] INFO  o.e.m.c.i.p.WorkspaceClassifierResolverManager - Resolving P/cws_util: uo.ri:cws_util:0.0.1-SNAPSHOT with classifier null to /cws_util/bin
2024-11-11 18:09:25,275 [Worker-17: Building] INFO  o.a.m.s.f.DefaultMavenResourcesFiltering - Copying 2 resources from src to bin
2024-11-11 18:09:25,281 [Worker-17: Building] INFO  o.a.m.s.f.DefaultMavenResourcesFiltering - skip non existing resourceDirectory C:\Users\Usuario\OneDrive\Escritorio\RI_JPA\cws_services_jpa\src\test\resources
2024-11-11 18:09:26,350 [Worker-8: Launching uo.ri.cws.domain] INFO  o.e.m.c.i.p.WorkspaceClassifierResolverManager - Resolving P/cws_util: uo.ri:cws_util:0.0.1-SNAPSHOT with classifier null to /cws_util/bin
2024-11-11 18:09:26,441 [Worker-8: Launching uo.ri.cws.domain] INFO  o.e.m.c.i.p.WorkspaceClassifierResolverManager - Resolving P/cws_util: uo.ri:cws_util:0.0.1-SNAPSHOT with classifier null to /cws_util/bin
2024-11-11 18:09:36,145 [Worker-18: Launching uo.ri.cws.domain] INFO  o.a.m.s.f.DefaultMavenResourcesFiltering - Copying 2 resources from src to bin
2024-11-11 18:09:36,151 [Worker-18: Launching uo.ri.cws.domain] INFO  o.a.m.s.f.DefaultMavenResourcesFiltering - skip non existing resourceDirectory C:\Users\Usuario\OneDrive\Escritorio\RI_JPA\cws_services_jpa\src\test\resources
2024-11-11 18:09:36,322 [Worker-18: Launching uo.ri.cws.domain] INFO  o.e.m.c.i.p.WorkspaceClassifierResolverManager - Resolving P/cws_util: uo.ri:cws_util:0.0.1-SNAPSHOT with classifier null to /cws_util/bin
2024-11-11 18:09:36,390 [Worker-18: Launching uo.ri.cws.domain] INFO  o.e.m.c.i.p.WorkspaceClassifierResolverManager - Resolving P/cws_util: uo.ri:cws_util:0.0.1-SNAPSHOT with classifier null to /cws_util/bin
2024-11-11 18:09:43,161 [Worker-18: Building] INFO  o.a.m.s.f.DefaultMavenResourcesFiltering - Copying 2 resources from src to bin
2024-11-11 18:09:43,164 [Worker-18: Building] INFO  o.a.m.s.f.DefaultMavenResourcesFiltering - skip non existing resourceDirectory C:\Users\Usuario\OneDrive\Escritorio\RI_JPA\cws_services_jpa\src\test\resources
2024-11-11 18:09:44,332 [Worker-19: Launching uo.ri.cws.domain] INFO  o.e.m.c.i.p.WorkspaceClassifierResolverManager - Resolving P/cws_util: uo.ri:cws_util:0.0.1-SNAPSHOT with classifier null to /cws_util/bin
2024-11-11 18:09:44,410 [Worker-19: Launching uo.ri.cws.domain] INFO  o.e.m.c.i.p.WorkspaceClassifierResolverManager - Resolving P/cws_util: uo.ri:cws_util:0.0.1-SNAPSHOT with classifier null to /cws_util/bin
2024-11-11 18:09:50,542 [Worker-13: Building] INFO  o.a.m.s.f.DefaultMavenResourcesFiltering - Copying 2 resources from src to bin
2024-11-11 18:09:50,549 [Worker-13: Building] INFO  o.a.m.s.f.DefaultMavenResourcesFiltering - skip non existing resourceDirectory C:\Users\Usuario\OneDrive\Escritorio\RI_JPA\cws_services_jpa\src\test\resources
2024-11-11 18:09:54,904 [Worker-9: Building] INFO  o.a.m.s.f.DefaultMavenResourcesFiltering - Copying 2 resources from src to bin
2024-11-11 18:09:54,912 [Worker-9: Building] INFO  o.a.m.s.f.DefaultMavenResourcesFiltering - skip non existing resourceDirectory C:\Users\Usuario\OneDrive\Escritorio\RI_JPA\cws_services_jpa\src\test\resources
2024-11-11 18:09:56,007 [Worker-23: Launching uo.ri.cws.domain] INFO  o.e.m.c.i.p.WorkspaceClassifierResolverManager - Resolving P/cws_util: uo.ri:cws_util:0.0.1-SNAPSHOT with classifier null to /cws_util/bin
2024-11-11 18:09:56,073 [Worker-23: Launching uo.ri.cws.domain] INFO  o.e.m.c.i.p.WorkspaceClassifierResolverManager - Resolving P/cws_util: uo.ri:cws_util:0.0.1-SNAPSHOT with classifier null to /cws_util/bin
2024-11-11 18:10:13,266 [Worker-22: Launching uo.ri.cws.domain] INFO  o.a.m.s.f.DefaultMavenResourcesFiltering - Copying 2 resources from src to bin
2024-11-11 18:10:13,275 [Worker-22: Launching uo.ri.cws.domain] INFO  o.a.m.s.f.DefaultMavenResourcesFiltering - skip non existing resourceDirectory C:\Users\Usuario\OneDrive\Escritorio\RI_JPA\cws_services_jpa\src\test\resources
2024-11-11 18:10:13,545 [Worker-22: Launching uo.ri.cws.domain] INFO  o.e.m.c.i.p.WorkspaceClassifierResolverManager - Resolving P/cws_util: uo.ri:cws_util:0.0.1-SNAPSHOT with classifier null to /cws_util/bin
2024-11-11 18:10:13,656 [Worker-22: Launching uo.ri.cws.domain] INFO  o.e.m.c.i.p.WorkspaceClassifierResolverManager - Resolving P/cws_util: uo.ri:cws_util:0.0.1-SNAPSHOT with classifier null to /cws_util/bin
2024-11-11 18:11:08,491 [Worker-24: Building] INFO  o.a.m.s.f.DefaultMavenResourcesFiltering - Copying 2 resources from src to bin
2024-11-11 18:11:08,496 [Worker-24: Building] INFO  o.a.m.s.f.DefaultMavenResourcesFiltering - skip non existing resourceDirectory C:\Users\Usuario\OneDrive\Escritorio\RI_JPA\cws_services_jpa\src\test\resources
2024-11-11 18:12:43,172 [Worker-17: Building] INFO  o.a.m.s.f.DefaultMavenResourcesFiltering - Copying 2 resources from src to bin
2024-11-11 18:12:43,179 [Worker-17: Building] INFO  o.a.m.s.f.DefaultMavenResourcesFiltering - skip non existing resourceDirectory C:\Users\Usuario\OneDrive\Escritorio\RI_JPA\cws_services_jpa\src\test\resources
2024-11-11 18:12:58,214 [Worker-9: Building] INFO  o.a.m.s.f.DefaultMavenResourcesFiltering - Copying 2 resources from src to bin
2024-11-11 18:12:58,220 [Worker-9: Building] INFO  o.a.m.s.f.DefaultMavenResourcesFiltering - skip non existing resourceDirectory C:\Users\Usuario\OneDrive\Escritorio\RI_JPA\cws_services_jpa\src\test\resources
2024-11-11 18:13:13,869 [Worker-9: Building] INFO  o.a.m.s.f.DefaultMavenResourcesFiltering - Copying 2 resources from src to bin
2024-11-11 18:13:13,877 [Worker-9: Building] INFO  o.a.m.s.f.DefaultMavenResourcesFiltering - skip non existing resourceDirectory C:\Users\Usuario\OneDrive\Escritorio\RI_JPA\cws_services_jpa\src\test\resources
2024-11-11 18:13:23,307 [Worker-20: Building] INFO  o.a.m.s.f.DefaultMavenResourcesFiltering - Copying 2 resources from src to bin
2024-11-11 18:13:23,310 [Worker-20: Building] INFO  o.a.m.s.f.DefaultMavenResourcesFiltering - skip non existing resourceDirectory C:\Users\Usuario\OneDrive\Escritorio\RI_JPA\cws_services_jpa\src\test\resources
2024-11-11 18:13:33,024 [Worker-23: Building] INFO  o.a.m.s.f.DefaultMavenResourcesFiltering - Copying 2 resources from src to bin
2024-11-11 18:13:33,029 [Worker-23: Building] INFO  o.a.m.s.f.DefaultMavenResourcesFiltering - skip non existing resourceDirectory C:\Users\Usuario\OneDrive\Escritorio\RI_JPA\cws_services_jpa\src\test\resources
2024-11-11 18:13:39,209 [Worker-17: Building] INFO  o.a.m.s.f.DefaultMavenResourcesFiltering - Copying 2 resources from src to bin
2024-11-11 18:13:39,214 [Worker-17: Building] INFO  o.a.m.s.f.DefaultMavenResourcesFiltering - skip non existing resourceDirectory C:\Users\Usuario\OneDrive\Escritorio\RI_JPA\cws_services_jpa\src\test\resources
2024-11-11 18:14:15,971 [Worker-5: Building] INFO  o.a.m.s.f.DefaultMavenResourcesFiltering - Copying 2 resources from src to bin
2024-11-11 18:14:15,974 [Worker-5: Building] INFO  o.a.m.s.f.DefaultMavenResourcesFiltering - skip non existing resourceDirectory C:\Users\Usuario\OneDrive\Escritorio\RI_JPA\cws_services_jpa\src\test\resources
2024-11-11 18:14:34,049 [Worker-5: Building] INFO  o.a.m.s.f.DefaultMavenResourcesFiltering - Copying 2 resources from src to bin
2024-11-11 18:14:34,054 [Worker-5: Building] INFO  o.a.m.s.f.DefaultMavenResourcesFiltering - skip non existing resourceDirectory C:\Users\Usuario\OneDrive\Escritorio\RI_JPA\cws_services_jpa\src\test\resources
2024-11-11 18:14:35,373 [Worker-13: Launching uo.ri.cws.domain] INFO  o.e.m.c.i.p.WorkspaceClassifierResolverManager - Resolving P/cws_util: uo.ri:cws_util:0.0.1-SNAPSHOT with classifier null to /cws_util/bin
2024-11-11 18:14:35,437 [Worker-13: Launching uo.ri.cws.domain] INFO  o.e.m.c.i.p.WorkspaceClassifierResolverManager - Resolving P/cws_util: uo.ri:cws_util:0.0.1-SNAPSHOT with classifier null to /cws_util/bin
2024-11-11 18:16:16,681 [Worker-18: Building] INFO  o.a.m.s.f.DefaultMavenResourcesFiltering - Copying 2 resources from src to bin
2024-11-11 18:16:16,688 [Worker-18: Building] INFO  o.a.m.s.f.DefaultMavenResourcesFiltering - skip non existing resourceDirectory C:\Users\Usuario\OneDrive\Escritorio\RI_JPA\cws_services_jpa\src\test\resources
2024-11-11 18:16:26,802 [Worker-17: Building] INFO  o.a.m.s.f.DefaultMavenResourcesFiltering - Copying 2 resources from src to bin
2024-11-11 18:16:26,807 [Worker-17: Building] INFO  o.a.m.s.f.DefaultMavenResourcesFiltering - skip non existing resourceDirectory C:\Users\Usuario\OneDrive\Escritorio\RI_JPA\cws_services_jpa\src\test\resources
2024-11-11 18:16:30,660 [Worker-18: Building] INFO  o.a.m.s.f.DefaultMavenResourcesFiltering - Copying 2 resources from src to bin
2024-11-11 18:16:30,666 [Worker-18: Building] INFO  o.a.m.s.f.DefaultMavenResourcesFiltering - skip non existing resourceDirectory C:\Users\Usuario\OneDrive\Escritorio\RI_JPA\cws_services_jpa\src\test\resources
2024-11-11 18:16:42,143 [Worker-9: Building] INFO  o.a.m.s.f.DefaultMavenResourcesFiltering - Copying 2 resources from src to bin
2024-11-11 18:16:42,147 [Worker-9: Building] INFO  o.a.m.s.f.DefaultMavenResourcesFiltering - skip non existing resourceDirectory C:\Users\Usuario\OneDrive\Escritorio\RI_JPA\cws_services_jpa\src\test\resources
2024-11-11 18:16:44,460 [Worker-3: Building] INFO  o.a.m.s.f.DefaultMavenResourcesFiltering - Copying 2 resources from src to bin
2024-11-11 18:16:44,464 [Worker-3: Building] INFO  o.a.m.s.f.DefaultMavenResourcesFiltering - skip non existing resourceDirectory C:\Users\Usuario\OneDrive\Escritorio\RI_JPA\cws_services_jpa\src\test\resources
2024-11-11 18:16:49,609 [Worker-18: Building] INFO  o.a.m.s.f.DefaultMavenResourcesFiltering - Copying 2 resources from src to bin
2024-11-11 18:16:49,614 [Worker-18: Building] INFO  o.a.m.s.f.DefaultMavenResourcesFiltering - skip non existing resourceDirectory C:\Users\Usuario\OneDrive\Escritorio\RI_JPA\cws_services_jpa\src\test\resources
2024-11-11 18:16:50,741 [Worker-9: Launching uo.ri.cws.domain] INFO  o.e.m.c.i.p.WorkspaceClassifierResolverManager - Resolving P/cws_util: uo.ri:cws_util:0.0.1-SNAPSHOT with classifier null to /cws_util/bin
2024-11-11 18:16:50,812 [Worker-9: Launching uo.ri.cws.domain] INFO  o.e.m.c.i.p.WorkspaceClassifierResolverManager - Resolving P/cws_util: uo.ri:cws_util:0.0.1-SNAPSHOT with classifier null to /cws_util/bin
2024-11-11 18:18:04,464 [Worker-11: Building] INFO  o.a.m.s.f.DefaultMavenResourcesFiltering - Copying 2 resources from src to bin
2024-11-11 18:18:04,469 [Worker-11: Building] INFO  o.a.m.s.f.DefaultMavenResourcesFiltering - skip non existing resourceDirectory C:\Users\Usuario\OneDrive\Escritorio\RI_JPA\cws_services_jpa\src\test\resources
2024-11-11 18:19:10,881 [Worker-18: Building] INFO  o.a.m.s.f.DefaultMavenResourcesFiltering - Copying 2 resources from src to bin
2024-11-11 18:19:10,887 [Worker-18: Building] INFO  o.a.m.s.f.DefaultMavenResourcesFiltering - skip non existing resourceDirectory C:\Users\Usuario\OneDrive\Escritorio\RI_JPA\cws_services_jpa\src\test\resources
2024-11-11 18:19:12,416 [Worker-18: Building] INFO  o.a.m.s.f.DefaultMavenResourcesFiltering - Copying 2 resources from src to bin
2024-11-11 18:19:12,420 [Worker-18: Building] INFO  o.a.m.s.f.DefaultMavenResourcesFiltering - skip non existing resourceDirectory C:\Users\Usuario\OneDrive\Escritorio\RI_JPA\cws_services_jpa\src\test\resources
2024-11-11 18:19:25,004 [Worker-27: Building] INFO  o.a.m.s.f.DefaultMavenResourcesFiltering - Copying 2 resources from src to bin
2024-11-11 18:19:25,008 [Worker-27: Building] INFO  o.a.m.s.f.DefaultMavenResourcesFiltering - skip non existing resourceDirectory C:\Users\Usuario\OneDrive\Escritorio\RI_JPA\cws_services_jpa\src\test\resources
2024-11-11 18:19:27,887 [Worker-17: Building] INFO  o.a.m.s.f.DefaultMavenResourcesFiltering - Copying 2 resources from src to bin
2024-11-11 18:19:27,892 [Worker-17: Building] INFO  o.a.m.s.f.DefaultMavenResourcesFiltering - skip non existing resourceDirectory C:\Users\Usuario\OneDrive\Escritorio\RI_JPA\cws_services_jpa\src\test\resources
2024-11-11 18:19:28,825 [Worker-9: Launching uo.ri.cws.domain] INFO  o.e.m.c.i.p.WorkspaceClassifierResolverManager - Resolving P/cws_util: uo.ri:cws_util:0.0.1-SNAPSHOT with classifier null to /cws_util/bin
2024-11-11 18:19:28,911 [Worker-9: Launching uo.ri.cws.domain] INFO  o.e.m.c.i.p.WorkspaceClassifierResolverManager - Resolving P/cws_util: uo.ri:cws_util:0.0.1-SNAPSHOT with classifier null to /cws_util/bin
2024-11-11 18:20:38,872 [Worker-25: Building] INFO  o.a.m.s.f.DefaultMavenResourcesFiltering - Copying 2 resources from src to bin
2024-11-11 18:20:38,878 [Worker-25: Building] INFO  o.a.m.s.f.DefaultMavenResourcesFiltering - skip non existing resourceDirectory C:\Users\Usuario\OneDrive\Escritorio\RI_JPA\cws_services_jpa\src\test\resources
2024-11-11 18:22:14,294 [Worker-27: Building] INFO  o.a.m.s.f.DefaultMavenResourcesFiltering - Copying 2 resources from src to bin
2024-11-11 18:22:14,299 [Worker-27: Building] INFO  o.a.m.s.f.DefaultMavenResourcesFiltering - skip non existing resourceDirectory C:\Users\Usuario\OneDrive\Escritorio\RI_JPA\cws_services_jpa\src\test\resources
2024-11-11 18:22:17,686 [Worker-3: Building] INFO  o.a.m.s.f.DefaultMavenResourcesFiltering - Copying 2 resources from src to bin
2024-11-11 18:22:17,689 [Worker-3: Building] INFO  o.a.m.s.f.DefaultMavenResourcesFiltering - skip non existing resourceDirectory C:\Users\Usuario\OneDrive\Escritorio\RI_JPA\cws_services_jpa\src\test\resources
2024-11-11 18:22:33,066 [Worker-27: Building] INFO  o.a.m.s.f.DefaultMavenResourcesFiltering - Copying 2 resources from src to bin
2024-11-11 18:22:33,069 [Worker-27: Building] INFO  o.a.m.s.f.DefaultMavenResourcesFiltering - skip non existing resourceDirectory C:\Users\Usuario\OneDrive\Escritorio\RI_JPA\cws_services_jpa\src\test\resources
2024-11-11 18:22:41,059 [Worker-3: Building] INFO  o.a.m.s.f.DefaultMavenResourcesFiltering - Copying 2 resources from src to bin
2024-11-11 18:22:41,063 [Worker-3: Building] INFO  o.a.m.s.f.DefaultMavenResourcesFiltering - skip non existing resourceDirectory C:\Users\Usuario\OneDrive\Escritorio\RI_JPA\cws_services_jpa\src\test\resources
2024-11-11 18:23:06,533 [Worker-17: Building] INFO  o.a.m.s.f.DefaultMavenResourcesFiltering - Copying 2 resources from src to bin
2024-11-11 18:23:06,539 [Worker-17: Building] INFO  o.a.m.s.f.DefaultMavenResourcesFiltering - skip non existing resourceDirectory C:\Users\Usuario\OneDrive\Escritorio\RI_JPA\cws_services_jpa\src\test\resources
2024-11-11 18:23:14,937 [Worker-17: Building] INFO  o.a.m.s.f.DefaultMavenResourcesFiltering - Copying 2 resources from src to bin
2024-11-11 18:23:14,942 [Worker-17: Building] INFO  o.a.m.s.f.DefaultMavenResourcesFiltering - skip non existing resourceDirectory C:\Users\Usuario\OneDrive\Escritorio\RI_JPA\cws_services_jpa\src\test\resources
2024-11-11 18:23:23,427 [Worker-25: Building] INFO  o.a.m.s.f.DefaultMavenResourcesFiltering - Copying 2 resources from src to bin
2024-11-11 18:23:23,432 [Worker-25: Building] INFO  o.a.m.s.f.DefaultMavenResourcesFiltering - skip non existing resourceDirectory C:\Users\Usuario\OneDrive\Escritorio\RI_JPA\cws_services_jpa\src\test\resources
2024-11-11 18:23:26,061 [Worker-27: Launching uo.ri.cws.domain] INFO  o.e.m.c.i.p.WorkspaceClassifierResolverManager - Resolving P/cws_util: uo.ri:cws_util:0.0.1-SNAPSHOT with classifier null to /cws_util/bin
2024-11-11 18:23:26,123 [Worker-27: Launching uo.ri.cws.domain] INFO  o.e.m.c.i.p.WorkspaceClassifierResolverManager - Resolving P/cws_util: uo.ri:cws_util:0.0.1-SNAPSHOT with classifier null to /cws_util/bin
2024-11-11 18:24:04,830 [Worker-25: Building] INFO  o.a.m.s.f.DefaultMavenResourcesFiltering - Copying 2 resources from src to bin
2024-11-11 18:24:04,834 [Worker-25: Building] INFO  o.a.m.s.f.DefaultMavenResourcesFiltering - skip non existing resourceDirectory C:\Users\Usuario\OneDrive\Escritorio\RI_JPA\cws_services_jpa\src\test\resources
2024-11-11 18:24:09,666 [Worker-29: Building] INFO  o.a.m.s.f.DefaultMavenResourcesFiltering - Copying 2 resources from src to bin
2024-11-11 18:24:09,670 [Worker-29: Building] INFO  o.a.m.s.f.DefaultMavenResourcesFiltering - skip non existing resourceDirectory C:\Users\Usuario\OneDrive\Escritorio\RI_JPA\cws_services_jpa\src\test\resources
2024-11-11 18:24:19,002 [Worker-3: Building] INFO  o.a.m.s.f.DefaultMavenResourcesFiltering - Copying 2 resources from src to bin
2024-11-11 18:24:19,007 [Worker-3: Building] INFO  o.a.m.s.f.DefaultMavenResourcesFiltering - skip non existing resourceDirectory C:\Users\Usuario\OneDrive\Escritorio\RI_JPA\cws_services_jpa\src\test\resources
2024-11-11 18:24:28,459 [Worker-28: Building] INFO  o.a.m.s.f.DefaultMavenResourcesFiltering - Copying 2 resources from src to bin
2024-11-11 18:24:28,462 [Worker-28: Building] INFO  o.a.m.s.f.DefaultMavenResourcesFiltering - skip non existing resourceDirectory C:\Users\Usuario\OneDrive\Escritorio\RI_JPA\cws_services_jpa\src\test\resources
2024-11-11 18:24:29,268 [Worker-17: Launching uo.ri.cws.domain] INFO  o.e.m.c.i.p.WorkspaceClassifierResolverManager - Resolving P/cws_util: uo.ri:cws_util:0.0.1-SNAPSHOT with classifier null to /cws_util/bin
2024-11-11 18:24:29,352 [Worker-17: Launching uo.ri.cws.domain] INFO  o.e.m.c.i.p.WorkspaceClassifierResolverManager - Resolving P/cws_util: uo.ri:cws_util:0.0.1-SNAPSHOT with classifier null to /cws_util/bin
2024-11-11 18:24:52,781 [Worker-17: Building] INFO  o.a.m.s.f.DefaultMavenResourcesFiltering - Copying 2 resources from src to bin
2024-11-11 18:24:52,785 [Worker-17: Building] INFO  o.a.m.s.f.DefaultMavenResourcesFiltering - skip non existing resourceDirectory C:\Users\Usuario\OneDrive\Escritorio\RI_JPA\cws_services_jpa\src\test\resources
2024-11-11 18:24:53,907 [Worker-27: Launching uo.ri.cws.domain] INFO  o.e.m.c.i.p.WorkspaceClassifierResolverManager - Resolving P/cws_util: uo.ri:cws_util:0.0.1-SNAPSHOT with classifier null to /cws_util/bin
2024-11-11 18:24:53,973 [Worker-27: Launching uo.ri.cws.domain] INFO  o.e.m.c.i.p.WorkspaceClassifierResolverManager - Resolving P/cws_util: uo.ri:cws_util:0.0.1-SNAPSHOT with classifier null to /cws_util/bin
2024-11-11 18:25:08,132 [Worker-3: Building] INFO  o.a.m.s.f.DefaultMavenResourcesFiltering - Copying 2 resources from src to bin
2024-11-11 18:25:08,137 [Worker-3: Building] INFO  o.a.m.s.f.DefaultMavenResourcesFiltering - skip non existing resourceDirectory C:\Users\Usuario\OneDrive\Escritorio\RI_JPA\cws_services_jpa\src\test\resources
2024-11-11 18:25:08,824 [Worker-17: Launching uo.ri.cws.domain] INFO  o.e.m.c.i.p.WorkspaceClassifierResolverManager - Resolving P/cws_util: uo.ri:cws_util:0.0.1-SNAPSHOT with classifier null to /cws_util/bin
2024-11-11 18:25:08,904 [Worker-17: Launching uo.ri.cws.domain] INFO  o.e.m.c.i.p.WorkspaceClassifierResolverManager - Resolving P/cws_util: uo.ri:cws_util:0.0.1-SNAPSHOT with classifier null to /cws_util/bin
2024-11-11 18:25:15,940 [Worker-27: Building] INFO  o.a.m.s.f.DefaultMavenResourcesFiltering - Copying 2 resources from src to bin
2024-11-11 18:25:15,945 [Worker-27: Building] INFO  o.a.m.s.f.DefaultMavenResourcesFiltering - skip non existing resourceDirectory C:\Users\Usuario\OneDrive\Escritorio\RI_JPA\cws_services_jpa\src\test\resources
2024-11-11 18:25:17,535 [Worker-29: Launching uo.ri.cws.domain] INFO  o.e.m.c.i.p.WorkspaceClassifierResolverManager - Resolving P/cws_util: uo.ri:cws_util:0.0.1-SNAPSHOT with classifier null to /cws_util/bin
2024-11-11 18:25:17,608 [Worker-29: Launching uo.ri.cws.domain] INFO  o.e.m.c.i.p.WorkspaceClassifierResolverManager - Resolving P/cws_util: uo.ri:cws_util:0.0.1-SNAPSHOT with classifier null to /cws_util/bin
2024-11-11 18:25:21,586 [Worker-25: Building] INFO  o.a.m.s.f.DefaultMavenResourcesFiltering - Copying 2 resources from src to bin
2024-11-11 18:25:21,593 [Worker-25: Building] INFO  o.a.m.s.f.DefaultMavenResourcesFiltering - skip non existing resourceDirectory C:\Users\Usuario\OneDrive\Escritorio\RI_JPA\cws_services_jpa\src\test\resources
2024-11-11 18:25:22,634 [Worker-28: Launching uo.ri.cws.domain] INFO  o.e.m.c.i.p.WorkspaceClassifierResolverManager - Resolving P/cws_util: uo.ri:cws_util:0.0.1-SNAPSHOT with classifier null to /cws_util/bin
2024-11-11 18:25:22,699 [Worker-28: Launching uo.ri.cws.domain] INFO  o.e.m.c.i.p.WorkspaceClassifierResolverManager - Resolving P/cws_util: uo.ri:cws_util:0.0.1-SNAPSHOT with classifier null to /cws_util/bin
2024-11-11 18:26:08,874 [Worker-29: Building] INFO  o.a.m.s.f.DefaultMavenResourcesFiltering - Copying 2 resources from src to bin
2024-11-11 18:26:08,881 [Worker-29: Building] INFO  o.a.m.s.f.DefaultMavenResourcesFiltering - skip non existing resourceDirectory C:\Users\Usuario\OneDrive\Escritorio\RI_JPA\cws_services_jpa\src\test\resources
2024-11-11 18:26:17,462 [Worker-25: Building] INFO  o.a.m.s.f.DefaultMavenResourcesFiltering - Copying 2 resources from src to bin
2024-11-11 18:26:17,465 [Worker-25: Building] INFO  o.a.m.s.f.DefaultMavenResourcesFiltering - skip non existing resourceDirectory C:\Users\Usuario\OneDrive\Escritorio\RI_JPA\cws_services_jpa\src\test\resources
2024-11-11 18:26:21,662 [Worker-27: Building] INFO  o.a.m.s.f.DefaultMavenResourcesFiltering - Copying 2 resources from src to bin
2024-11-11 18:26:21,668 [Worker-27: Building] INFO  o.a.m.s.f.DefaultMavenResourcesFiltering - skip non existing resourceDirectory C:\Users\Usuario\OneDrive\Escritorio\RI_JPA\cws_services_jpa\src\test\resources
2024-11-11 18:26:22,546 [Worker-17: Launching uo.ri.cws.domain] INFO  o.e.m.c.i.p.WorkspaceClassifierResolverManager - Resolving P/cws_util: uo.ri:cws_util:0.0.1-SNAPSHOT with classifier null to /cws_util/bin
2024-11-11 18:26:22,630 [Worker-17: Launching uo.ri.cws.domain] INFO  o.e.m.c.i.p.WorkspaceClassifierResolverManager - Resolving P/cws_util: uo.ri:cws_util:0.0.1-SNAPSHOT with classifier null to /cws_util/bin
2024-11-11 18:28:23,083 [Worker-25: Building] INFO  o.a.m.s.f.DefaultMavenResourcesFiltering - Copying 2 resources from src to bin
2024-11-11 18:28:23,087 [Worker-25: Building] INFO  o.a.m.s.f.DefaultMavenResourcesFiltering - skip non existing resourceDirectory C:\Users\Usuario\OneDrive\Escritorio\RI_JPA\cws_services_jpa\src\test\resources
2024-11-11 18:28:30,730 [Worker-29: Launching uo.ri.cws.domain] INFO  o.e.m.c.i.p.WorkspaceClassifierResolverManager - Resolving P/cws_util: uo.ri:cws_util:0.0.1-SNAPSHOT with classifier null to /cws_util/bin
2024-11-11 18:28:30,810 [Worker-29: Launching uo.ri.cws.domain] INFO  o.e.m.c.i.p.WorkspaceClassifierResolverManager - Resolving P/cws_util: uo.ri:cws_util:0.0.1-SNAPSHOT with classifier null to /cws_util/bin
2024-11-11 18:28:45,452 [Worker-29: Building] INFO  o.a.m.s.f.DefaultMavenResourcesFiltering - Copying 2 resources from src to bin
2024-11-11 18:28:45,457 [Worker-29: Building] INFO  o.a.m.s.f.DefaultMavenResourcesFiltering - skip non existing resourceDirectory C:\Users\Usuario\OneDrive\Escritorio\RI_JPA\cws_services_jpa\src\test\resources
2024-11-11 18:28:47,391 [Worker-27: Launching uo.ri.cws.domain] INFO  o.e.m.c.i.p.WorkspaceClassifierResolverManager - Resolving P/cws_util: uo.ri:cws_util:0.0.1-SNAPSHOT with classifier null to /cws_util/bin
2024-11-11 18:28:47,460 [Worker-27: Launching uo.ri.cws.domain] INFO  o.e.m.c.i.p.WorkspaceClassifierResolverManager - Resolving P/cws_util: uo.ri:cws_util:0.0.1-SNAPSHOT with classifier null to /cws_util/bin
2024-11-11 18:29:31,151 [Worker-3: Launching uo.ri.cws.domain] INFO  o.a.m.s.f.DefaultMavenResourcesFiltering - Copying 2 resources from src to bin
2024-11-11 18:29:31,155 [Worker-3: Launching uo.ri.cws.domain] INFO  o.a.m.s.f.DefaultMavenResourcesFiltering - skip non existing resourceDirectory C:\Users\Usuario\OneDrive\Escritorio\RI_JPA\cws_services_jpa\src\test\resources
2024-11-11 18:29:31,321 [Worker-3: Launching uo.ri.cws.domain] INFO  o.e.m.c.i.p.WorkspaceClassifierResolverManager - Resolving P/cws_util: uo.ri:cws_util:0.0.1-SNAPSHOT with classifier null to /cws_util/bin
2024-11-11 18:29:31,385 [Worker-3: Launching uo.ri.cws.domain] INFO  o.e.m.c.i.p.WorkspaceClassifierResolverManager - Resolving P/cws_util: uo.ri:cws_util:0.0.1-SNAPSHOT with classifier null to /cws_util/bin
2024-11-11 18:29:50,305 [Worker-3: Building] INFO  o.a.m.s.f.DefaultMavenResourcesFiltering - Copying 2 resources from src to bin
2024-11-11 18:29:50,309 [Worker-3: Building] INFO  o.a.m.s.f.DefaultMavenResourcesFiltering - skip non existing resourceDirectory C:\Users\Usuario\OneDrive\Escritorio\RI_JPA\cws_services_jpa\src\test\resources
2024-11-11 18:30:28,118 [Worker-28: Building] INFO  o.a.m.s.f.DefaultMavenResourcesFiltering - Copying 2 resources from src to bin
2024-11-11 18:30:28,121 [Worker-28: Building] INFO  o.a.m.s.f.DefaultMavenResourcesFiltering - skip non existing resourceDirectory C:\Users\Usuario\OneDrive\Escritorio\RI_JPA\cws_services_jpa\src\test\resources
2024-11-11 18:32:40,999 [Worker-3: Building] INFO  o.a.m.s.f.DefaultMavenResourcesFiltering - Copying 2 resources from src to bin
2024-11-11 18:32:41,003 [Worker-3: Building] INFO  o.a.m.s.f.DefaultMavenResourcesFiltering - skip non existing resourceDirectory C:\Users\Usuario\OneDrive\Escritorio\RI_JPA\cws_services_jpa\src\test\resources
2024-11-11 18:33:13,120 [Worker-3: Building] INFO  o.a.m.s.f.DefaultMavenResourcesFiltering - Copying 2 resources from src to bin
2024-11-11 18:33:13,123 [Worker-3: Building] INFO  o.a.m.s.f.DefaultMavenResourcesFiltering - skip non existing resourceDirectory C:\Users\Usuario\OneDrive\Escritorio\RI_JPA\cws_services_jpa\src\test\resources
2024-11-11 18:33:16,408 [Worker-27: Launching uo.ri.cws.domain] INFO  o.e.m.c.i.p.WorkspaceClassifierResolverManager - Resolving P/cws_util: uo.ri:cws_util:0.0.1-SNAPSHOT with classifier null to /cws_util/bin
2024-11-11 18:33:16,475 [Worker-27: Launching uo.ri.cws.domain] INFO  o.e.m.c.i.p.WorkspaceClassifierResolverManager - Resolving P/cws_util: uo.ri:cws_util:0.0.1-SNAPSHOT with classifier null to /cws_util/bin
2024-11-11 18:34:23,372 [main] INFO  o.e.m.jdt.internal.UnitTestSupport - Updating WorkOrderTests from maven configuration
2024-11-11 18:34:23,890 [Worker-27: Launching WorkOrderTests] INFO  o.e.m.c.i.p.WorkspaceClassifierResolverManager - Resolving P/cws_util: uo.ri:cws_util:0.0.1-SNAPSHOT with classifier null to /cws_util/bin
2024-11-11 18:34:23,958 [Worker-27: Launching WorkOrderTests] INFO  o.e.m.c.i.p.WorkspaceClassifierResolverManager - Resolving P/cws_util: uo.ri:cws_util:0.0.1-SNAPSHOT with classifier null to /cws_util/bin
2024-11-11 18:42:01,341 [Worker-3: Building] INFO  o.a.m.s.f.DefaultMavenResourcesFiltering - Copying 2 resources from src to bin
2024-11-11 18:42:01,351 [Worker-3: Building] INFO  o.a.m.s.f.DefaultMavenResourcesFiltering - skip non existing resourceDirectory C:\Users\Usuario\OneDrive\Escritorio\RI_JPA\cws_services_jpa\src\test\resources
2024-11-11 18:42:27,109 [Worker-29: Launching WorkOrderTests] INFO  o.e.m.c.i.p.WorkspaceClassifierResolverManager - Resolving P/cws_util: uo.ri:cws_util:0.0.1-SNAPSHOT with classifier null to /cws_util/bin
2024-11-11 18:42:27,200 [Worker-29: Launching WorkOrderTests] INFO  o.e.m.c.i.p.WorkspaceClassifierResolverManager - Resolving P/cws_util: uo.ri:cws_util:0.0.1-SNAPSHOT with classifier null to /cws_util/bin
2024-11-11 18:42:52,960 [Worker-33: Launching uo.ri.cws.associations] INFO  o.e.m.c.i.p.WorkspaceClassifierResolverManager - Resolving P/cws_util: uo.ri:cws_util:0.0.1-SNAPSHOT with classifier null to /cws_util/bin
2024-11-11 18:42:53,018 [Worker-33: Launching uo.ri.cws.associations] INFO  o.e.m.c.i.p.WorkspaceClassifierResolverManager - Resolving P/cws_util: uo.ri:cws_util:0.0.1-SNAPSHOT with classifier null to /cws_util/bin
2024-11-11 18:45:53,613 [Worker-32: Building] INFO  o.a.m.s.f.DefaultMavenResourcesFiltering - Copying 2 resources from src to bin
2024-11-11 18:45:53,619 [Worker-32: Building] INFO  o.a.m.s.f.DefaultMavenResourcesFiltering - skip non existing resourceDirectory C:\Users\Usuario\OneDrive\Escritorio\RI_JPA\cws_services_jpa\src\test\resources
2024-11-11 18:47:02,352 [Worker-27: Building] INFO  o.a.m.s.f.DefaultMavenResourcesFiltering - Copying 2 resources from src to bin
2024-11-11 18:47:02,357 [Worker-27: Building] INFO  o.a.m.s.f.DefaultMavenResourcesFiltering - skip non existing resourceDirectory C:\Users\Usuario\OneDrive\Escritorio\RI_JPA\cws_services_jpa\src\test\resources
2024-11-11 18:47:26,984 [Worker-3: Building] INFO  o.a.m.s.f.DefaultMavenResourcesFiltering - Copying 2 resources from src to bin
2024-11-11 18:47:26,987 [Worker-3: Building] INFO  o.a.m.s.f.DefaultMavenResourcesFiltering - skip non existing resourceDirectory C:\Users\Usuario\OneDrive\Escritorio\RI_JPA\cws_services_jpa\src\test\resources
2024-11-11 18:49:28,304 [Worker-17: Building] INFO  o.a.m.s.f.DefaultMavenResourcesFiltering - Copying 2 resources from src to bin
2024-11-11 18:49:28,312 [Worker-17: Building] INFO  o.a.m.s.f.DefaultMavenResourcesFiltering - skip non existing resourceDirectory C:\Users\Usuario\OneDrive\Escritorio\RI_JPA\cws_services_jpa\src\test\resources
2024-11-11 18:49:30,583 [Worker-30: Launching uo.ri.cws.associations] INFO  o.e.m.c.i.p.WorkspaceClassifierResolverManager - Resolving P/cws_util: uo.ri:cws_util:0.0.1-SNAPSHOT with classifier null to /cws_util/bin
2024-11-11 18:49:30,670 [Worker-30: Launching uo.ri.cws.associations] INFO  o.e.m.c.i.p.WorkspaceClassifierResolverManager - Resolving P/cws_util: uo.ri:cws_util:0.0.1-SNAPSHOT with classifier null to /cws_util/bin
2024-11-11 18:49:49,015 [Worker-27: Launching uo.ri.cws.persistence] INFO  o.e.m.c.i.p.WorkspaceClassifierResolverManager - Resolving P/cws_util: uo.ri:cws_util:0.0.1-SNAPSHOT with classifier null to /cws_util/bin
2024-11-11 18:49:49,066 [Worker-27: Launching uo.ri.cws.persistence] INFO  o.e.m.c.i.p.WorkspaceClassifierResolverManager - Resolving P/cws_util: uo.ri:cws_util:0.0.1-SNAPSHOT with classifier null to /cws_util/bin
2024-11-11 18:50:13,717 [Worker-30: Launching uo.ri.cws.associations] INFO  o.e.m.c.i.p.WorkspaceClassifierResolverManager - Resolving P/cws_util: uo.ri:cws_util:0.0.1-SNAPSHOT with classifier null to /cws_util/bin
2024-11-11 18:50:13,796 [Worker-30: Launching uo.ri.cws.associations] INFO  o.e.m.c.i.p.WorkspaceClassifierResolverManager - Resolving P/cws_util: uo.ri:cws_util:0.0.1-SNAPSHOT with classifier null to /cws_util/bin
2024-11-11 18:50:20,904 [Worker-30: Launching uo.ri.cws.domain] INFO  o.e.m.c.i.p.WorkspaceClassifierResolverManager - Resolving P/cws_util: uo.ri:cws_util:0.0.1-SNAPSHOT with classifier null to /cws_util/bin
2024-11-11 18:50:20,976 [Worker-30: Launching uo.ri.cws.domain] INFO  o.e.m.c.i.p.WorkspaceClassifierResolverManager - Resolving P/cws_util: uo.ri:cws_util:0.0.1-SNAPSHOT with classifier null to /cws_util/bin
2024-11-11 18:50:33,869 [Worker-35: Launching uo.ri.cws.domain] INFO  o.e.m.c.i.p.WorkspaceClassifierResolverManager - Resolving P/cws_util: uo.ri:cws_util:0.0.1-SNAPSHOT with classifier null to /cws_util/bin
2024-11-11 18:50:33,943 [Worker-35: Launching uo.ri.cws.domain] INFO  o.e.m.c.i.p.WorkspaceClassifierResolverManager - Resolving P/cws_util: uo.ri:cws_util:0.0.1-SNAPSHOT with classifier null to /cws_util/bin
2024-11-11 18:51:15,878 [Worker-37: Building] INFO  o.a.m.s.f.DefaultMavenResourcesFiltering - Copying 2 resources from src to bin
2024-11-11 18:51:15,882 [Worker-37: Building] INFO  o.a.m.s.f.DefaultMavenResourcesFiltering - skip non existing resourceDirectory C:\Users\Usuario\OneDrive\Escritorio\RI_JPA\cws_services_jpa\src\test\resources
2024-11-11 18:51:20,300 [Worker-32: Launching uo.ri.cws.domain] INFO  o.e.m.c.i.p.WorkspaceClassifierResolverManager - Resolving P/cws_util: uo.ri:cws_util:0.0.1-SNAPSHOT with classifier null to /cws_util/bin
2024-11-11 18:51:20,358 [Worker-32: Launching uo.ri.cws.domain] INFO  o.e.m.c.i.p.WorkspaceClassifierResolverManager - Resolving P/cws_util: uo.ri:cws_util:0.0.1-SNAPSHOT with classifier null to /cws_util/bin
2024-11-11 18:51:38,211 [Worker-32: Building] INFO  o.a.m.s.f.DefaultMavenResourcesFiltering - Copying 2 resources from src to bin
2024-11-11 18:51:38,216 [Worker-32: Building] INFO  o.a.m.s.f.DefaultMavenResourcesFiltering - skip non existing resourceDirectory C:\Users\Usuario\OneDrive\Escritorio\RI_JPA\cws_services_jpa\src\test\resources
2024-11-11 18:51:38,925 [Worker-32: Launching uo.ri.cws.domain] INFO  o.e.m.c.i.p.WorkspaceClassifierResolverManager - Resolving P/cws_util: uo.ri:cws_util:0.0.1-SNAPSHOT with classifier null to /cws_util/bin
2024-11-11 18:51:38,994 [Worker-32: Launching uo.ri.cws.domain] INFO  o.e.m.c.i.p.WorkspaceClassifierResolverManager - Resolving P/cws_util: uo.ri:cws_util:0.0.1-SNAPSHOT with classifier null to /cws_util/bin
2024-11-11 18:51:53,709 [Worker-30: Building] INFO  o.a.m.s.f.DefaultMavenResourcesFiltering - Copying 2 resources from src to bin
2024-11-11 18:51:53,713 [Worker-30: Building] INFO  o.a.m.s.f.DefaultMavenResourcesFiltering - skip non existing resourceDirectory C:\Users\Usuario\OneDrive\Escritorio\RI_JPA\cws_services_jpa\src\test\resources
2024-11-11 18:51:59,604 [Worker-27: Launching uo.ri.cws.domain] INFO  o.e.m.c.i.p.WorkspaceClassifierResolverManager - Resolving P/cws_util: uo.ri:cws_util:0.0.1-SNAPSHOT with classifier null to /cws_util/bin
2024-11-11 18:51:59,662 [Worker-27: Launching uo.ri.cws.domain] INFO  o.e.m.c.i.p.WorkspaceClassifierResolverManager - Resolving P/cws_util: uo.ri:cws_util:0.0.1-SNAPSHOT with classifier null to /cws_util/bin
2024-11-11 18:52:08,445 [Worker-30: Building] INFO  o.a.m.s.f.DefaultMavenResourcesFiltering - Copying 2 resources from src to bin
2024-11-11 18:52:08,450 [Worker-30: Building] INFO  o.a.m.s.f.DefaultMavenResourcesFiltering - skip non existing resourceDirectory C:\Users\Usuario\OneDrive\Escritorio\RI_JPA\cws_services_jpa\src\test\resources
2024-11-11 18:53:04,475 [Worker-32: Building] INFO  o.a.m.s.f.DefaultMavenResourcesFiltering - Copying 2 resources from src to bin
2024-11-11 18:53:04,478 [Worker-32: Building] INFO  o.a.m.s.f.DefaultMavenResourcesFiltering - skip non existing resourceDirectory C:\Users\Usuario\OneDrive\Escritorio\RI_JPA\cws_services_jpa\src\test\resources
2024-11-11 18:53:16,021 [Worker-27: Building] INFO  o.a.m.s.f.DefaultMavenResourcesFiltering - Copying 2 resources from src to bin
2024-11-11 18:53:16,025 [Worker-27: Building] INFO  o.a.m.s.f.DefaultMavenResourcesFiltering - skip non existing resourceDirectory C:\Users\Usuario\OneDrive\Escritorio\RI_JPA\cws_services_jpa\src\test\resources
2024-11-11 18:53:23,220 [Worker-36: Launching uo.ri.cws.domain] INFO  o.e.m.c.i.p.WorkspaceClassifierResolverManager - Resolving P/cws_util: uo.ri:cws_util:0.0.1-SNAPSHOT with classifier null to /cws_util/bin
2024-11-11 18:53:23,280 [Worker-36: Launching uo.ri.cws.domain] INFO  o.e.m.c.i.p.WorkspaceClassifierResolverManager - Resolving P/cws_util: uo.ri:cws_util:0.0.1-SNAPSHOT with classifier null to /cws_util/bin
2024-11-11 18:54:36,796 [Worker-30: Building] INFO  o.a.m.s.f.DefaultMavenResourcesFiltering - Copying 2 resources from src to bin
2024-11-11 18:54:36,802 [Worker-30: Building] INFO  o.a.m.s.f.DefaultMavenResourcesFiltering - skip non existing resourceDirectory C:\Users\Usuario\OneDrive\Escritorio\RI_JPA\cws_services_jpa\src\test\resources
2024-11-11 18:54:38,092 [Worker-36: Launching uo.ri.cws.domain] INFO  o.e.m.c.i.p.WorkspaceClassifierResolverManager - Resolving P/cws_util: uo.ri:cws_util:0.0.1-SNAPSHOT with classifier null to /cws_util/bin
2024-11-11 18:54:38,151 [Worker-36: Launching uo.ri.cws.domain] INFO  o.e.m.c.i.p.WorkspaceClassifierResolverManager - Resolving P/cws_util: uo.ri:cws_util:0.0.1-SNAPSHOT with classifier null to /cws_util/bin
2024-11-11 18:56:10,676 [Worker-37: Building] INFO  o.a.m.s.f.DefaultMavenResourcesFiltering - Copying 2 resources from src to bin
2024-11-11 18:56:10,683 [Worker-37: Building] INFO  o.a.m.s.f.DefaultMavenResourcesFiltering - skip non existing resourceDirectory C:\Users\Usuario\OneDrive\Escritorio\RI_JPA\cws_services_jpa\src\test\resources
2024-11-11 18:56:57,745 [Worker-32: Launching uo.ri.cws.domain] INFO  o.e.m.c.i.p.WorkspaceClassifierResolverManager - Resolving P/cws_util: uo.ri:cws_util:0.0.1-SNAPSHOT with classifier null to /cws_util/bin
2024-11-11 18:56:57,802 [Worker-32: Launching uo.ri.cws.domain] INFO  o.e.m.c.i.p.WorkspaceClassifierResolverManager - Resolving P/cws_util: uo.ri:cws_util:0.0.1-SNAPSHOT with classifier null to /cws_util/bin
2024-11-11 18:57:09,496 [Worker-30: Building] INFO  o.a.m.s.f.DefaultMavenResourcesFiltering - Copying 2 resources from src to bin
2024-11-11 18:57:09,500 [Worker-30: Building] INFO  o.a.m.s.f.DefaultMavenResourcesFiltering - skip non existing resourceDirectory C:\Users\Usuario\OneDrive\Escritorio\RI_JPA\cws_services_jpa\src\test\resources
2024-11-11 18:57:10,026 [Worker-30: Launching uo.ri.cws.domain] INFO  o.e.m.c.i.p.WorkspaceClassifierResolverManager - Resolving P/cws_util: uo.ri:cws_util:0.0.1-SNAPSHOT with classifier null to /cws_util/bin
2024-11-11 18:57:10,102 [Worker-30: Launching uo.ri.cws.domain] INFO  o.e.m.c.i.p.WorkspaceClassifierResolverManager - Resolving P/cws_util: uo.ri:cws_util:0.0.1-SNAPSHOT with classifier null to /cws_util/bin
2024-11-11 18:57:37,736 [Worker-27: Building] INFO  o.a.m.s.f.DefaultMavenResourcesFiltering - Copying 2 resources from src to bin
2024-11-11 18:57:37,739 [Worker-27: Building] INFO  o.a.m.s.f.DefaultMavenResourcesFiltering - skip non existing resourceDirectory C:\Users\Usuario\OneDrive\Escritorio\RI_JPA\cws_services_jpa\src\test\resources
2024-11-11 18:59:19,381 [Worker-30: Building] INFO  o.a.m.s.f.DefaultMavenResourcesFiltering - Copying 2 resources from src to bin
2024-11-11 18:59:19,386 [Worker-30: Building] INFO  o.a.m.s.f.DefaultMavenResourcesFiltering - skip non existing resourceDirectory C:\Users\Usuario\OneDrive\Escritorio\RI_JPA\cws_services_jpa\src\test\resources
2024-11-11 19:00:18,525 [Worker-35: Building] INFO  o.a.m.s.f.DefaultMavenResourcesFiltering - Copying 2 resources from src to bin
2024-11-11 19:00:18,531 [Worker-35: Building] INFO  o.a.m.s.f.DefaultMavenResourcesFiltering - skip non existing resourceDirectory C:\Users\Usuario\OneDrive\Escritorio\RI_JPA\cws_services_jpa\src\test\resources
2024-11-11 19:01:34,412 [Worker-36: Building] INFO  o.a.m.s.f.DefaultMavenResourcesFiltering - Copying 2 resources from src to bin
2024-11-11 19:01:34,418 [Worker-36: Building] INFO  o.a.m.s.f.DefaultMavenResourcesFiltering - skip non existing resourceDirectory C:\Users\Usuario\OneDrive\Escritorio\RI_JPA\cws_services_jpa\src\test\resources
2024-11-11 19:01:35,916 [Worker-36: Launching uo.ri.cws.domain] INFO  o.e.m.c.i.p.WorkspaceClassifierResolverManager - Resolving P/cws_util: uo.ri:cws_util:0.0.1-SNAPSHOT with classifier null to /cws_util/bin
2024-11-11 19:01:35,977 [Worker-36: Launching uo.ri.cws.domain] INFO  o.e.m.c.i.p.WorkspaceClassifierResolverManager - Resolving P/cws_util: uo.ri:cws_util:0.0.1-SNAPSHOT with classifier null to /cws_util/bin
2024-11-11 19:01:52,689 [Worker-36: Building] INFO  o.a.m.s.f.DefaultMavenResourcesFiltering - Copying 2 resources from src to bin
2024-11-11 19:01:52,693 [Worker-36: Building] INFO  o.a.m.s.f.DefaultMavenResourcesFiltering - skip non existing resourceDirectory C:\Users\Usuario\OneDrive\Escritorio\RI_JPA\cws_services_jpa\src\test\resources
2024-11-11 19:02:10,159 [Worker-30: Building] INFO  o.a.m.s.f.DefaultMavenResourcesFiltering - Copying 2 resources from src to bin
2024-11-11 19:02:10,162 [Worker-30: Building] INFO  o.a.m.s.f.DefaultMavenResourcesFiltering - skip non existing resourceDirectory C:\Users\Usuario\OneDrive\Escritorio\RI_JPA\cws_services_jpa\src\test\resources
2024-11-11 19:03:57,979 [Worker-30: Building] INFO  o.a.m.s.f.DefaultMavenResourcesFiltering - Copying 2 resources from src to bin
2024-11-11 19:03:57,983 [Worker-30: Building] INFO  o.a.m.s.f.DefaultMavenResourcesFiltering - skip non existing resourceDirectory C:\Users\Usuario\OneDrive\Escritorio\RI_JPA\cws_services_jpa\src\test\resources
2024-11-11 19:04:01,776 [Worker-17: Building] INFO  o.a.m.s.f.DefaultMavenResourcesFiltering - Copying 2 resources from src to bin
2024-11-11 19:04:01,783 [Worker-17: Building] INFO  o.a.m.s.f.DefaultMavenResourcesFiltering - skip non existing resourceDirectory C:\Users\Usuario\OneDrive\Escritorio\RI_JPA\cws_services_jpa\src\test\resources
2024-11-11 19:04:02,914 [Worker-27: Launching uo.ri.cws.domain] INFO  o.e.m.c.i.p.WorkspaceClassifierResolverManager - Resolving P/cws_util: uo.ri:cws_util:0.0.1-SNAPSHOT with classifier null to /cws_util/bin
2024-11-11 19:04:02,986 [Worker-27: Launching uo.ri.cws.domain] INFO  o.e.m.c.i.p.WorkspaceClassifierResolverManager - Resolving P/cws_util: uo.ri:cws_util:0.0.1-SNAPSHOT with classifier null to /cws_util/bin
2024-11-11 19:04:21,457 [Worker-38: Launching uo.ri.cws.domain] INFO  o.a.m.s.f.DefaultMavenResourcesFiltering - Copying 2 resources from src to bin
2024-11-11 19:04:21,461 [Worker-38: Launching uo.ri.cws.domain] INFO  o.a.m.s.f.DefaultMavenResourcesFiltering - skip non existing resourceDirectory C:\Users\Usuario\OneDrive\Escritorio\RI_JPA\cws_services_jpa\src\test\resources
2024-11-11 19:04:21,606 [Worker-38: Launching uo.ri.cws.domain] INFO  o.e.m.c.i.p.WorkspaceClassifierResolverManager - Resolving P/cws_util: uo.ri:cws_util:0.0.1-SNAPSHOT with classifier null to /cws_util/bin
2024-11-11 19:04:21,673 [Worker-38: Launching uo.ri.cws.domain] INFO  o.e.m.c.i.p.WorkspaceClassifierResolverManager - Resolving P/cws_util: uo.ri:cws_util:0.0.1-SNAPSHOT with classifier null to /cws_util/bin
2024-11-11 19:04:36,262 [Worker-35: Building] INFO  o.a.m.s.f.DefaultMavenResourcesFiltering - Copying 2 resources from src to bin
2024-11-11 19:04:36,266 [Worker-35: Building] INFO  o.a.m.s.f.DefaultMavenResourcesFiltering - skip non existing resourceDirectory C:\Users\Usuario\OneDrive\Escritorio\RI_JPA\cws_services_jpa\src\test\resources
2024-11-11 19:04:37,661 [Worker-30: Launching uo.ri.cws.domain] INFO  o.e.m.c.i.p.WorkspaceClassifierResolverManager - Resolving P/cws_util: uo.ri:cws_util:0.0.1-SNAPSHOT with classifier null to /cws_util/bin
2024-11-11 19:04:37,720 [Worker-30: Launching uo.ri.cws.domain] INFO  o.e.m.c.i.p.WorkspaceClassifierResolverManager - Resolving P/cws_util: uo.ri:cws_util:0.0.1-SNAPSHOT with classifier null to /cws_util/bin
2024-11-11 19:05:04,977 [Worker-17: Building] INFO  o.a.m.s.f.DefaultMavenResourcesFiltering - Copying 2 resources from src to bin
2024-11-11 19:05:04,981 [Worker-17: Building] INFO  o.a.m.s.f.DefaultMavenResourcesFiltering - skip non existing resourceDirectory C:\Users\Usuario\OneDrive\Escritorio\RI_JPA\cws_services_jpa\src\test\resources
2024-11-11 19:05:06,615 [Worker-30: Launching uo.ri.cws.domain] INFO  o.e.m.c.i.p.WorkspaceClassifierResolverManager - Resolving P/cws_util: uo.ri:cws_util:0.0.1-SNAPSHOT with classifier null to /cws_util/bin
2024-11-11 19:05:06,672 [Worker-30: Launching uo.ri.cws.domain] INFO  o.e.m.c.i.p.WorkspaceClassifierResolverManager - Resolving P/cws_util: uo.ri:cws_util:0.0.1-SNAPSHOT with classifier null to /cws_util/bin
2024-11-11 19:05:16,752 [Worker-38: Building] INFO  o.a.m.s.f.DefaultMavenResourcesFiltering - Copying 2 resources from src to bin
2024-11-11 19:05:16,756 [Worker-38: Building] INFO  o.a.m.s.f.DefaultMavenResourcesFiltering - skip non existing resourceDirectory C:\Users\Usuario\OneDrive\Escritorio\RI_JPA\cws_services_jpa\src\test\resources
2024-11-11 19:05:18,466 [Worker-35: Launching uo.ri.cws.domain] INFO  o.e.m.c.i.p.WorkspaceClassifierResolverManager - Resolving P/cws_util: uo.ri:cws_util:0.0.1-SNAPSHOT with classifier null to /cws_util/bin
2024-11-11 19:05:18,526 [Worker-35: Launching uo.ri.cws.domain] INFO  o.e.m.c.i.p.WorkspaceClassifierResolverManager - Resolving P/cws_util: uo.ri:cws_util:0.0.1-SNAPSHOT with classifier null to /cws_util/bin
2024-11-11 19:08:56,333 [Worker-32: Building] INFO  o.a.m.s.f.DefaultMavenResourcesFiltering - Copying 2 resources from src to bin
2024-11-11 19:08:56,339 [Worker-32: Building] INFO  o.a.m.s.f.DefaultMavenResourcesFiltering - skip non existing resourceDirectory C:\Users\Usuario\OneDrive\Escritorio\RI_JPA\cws_services_jpa\src\test\resources
2024-11-11 19:09:11,647 [Worker-27: Building] INFO  o.a.m.s.f.DefaultMavenResourcesFiltering - Copying 2 resources from src to bin
2024-11-11 19:09:11,650 [Worker-27: Building] INFO  o.a.m.s.f.DefaultMavenResourcesFiltering - skip non existing resourceDirectory C:\Users\Usuario\OneDrive\Escritorio\RI_JPA\cws_services_jpa\src\test\resources
2024-11-11 19:09:50,298 [Worker-27: Building] INFO  o.a.m.s.f.DefaultMavenResourcesFiltering - Copying 2 resources from src to bin
2024-11-11 19:09:50,305 [Worker-27: Building] INFO  o.a.m.s.f.DefaultMavenResourcesFiltering - skip non existing resourceDirectory C:\Users\Usuario\OneDrive\Escritorio\RI_JPA\cws_services_jpa\src\test\resources
2024-11-11 19:09:53,611 [Worker-30: Building] INFO  o.a.m.s.f.DefaultMavenResourcesFiltering - Copying 2 resources from src to bin
2024-11-11 19:09:53,619 [Worker-30: Building] INFO  o.a.m.s.f.DefaultMavenResourcesFiltering - skip non existing resourceDirectory C:\Users\Usuario\OneDrive\Escritorio\RI_JPA\cws_services_jpa\src\test\resources
2024-11-11 19:09:59,044 [Worker-30: Building] INFO  o.a.m.s.f.DefaultMavenResourcesFiltering - Copying 2 resources from src to bin
2024-11-11 19:09:59,050 [Worker-30: Building] INFO  o.a.m.s.f.DefaultMavenResourcesFiltering - skip non existing resourceDirectory C:\Users\Usuario\OneDrive\Escritorio\RI_JPA\cws_services_jpa\src\test\resources
2024-11-11 19:10:00,376 [Worker-30: Launching uo.ri.cws.domain] INFO  o.e.m.c.i.p.WorkspaceClassifierResolverManager - Resolving P/cws_util: uo.ri:cws_util:0.0.1-SNAPSHOT with classifier null to /cws_util/bin
2024-11-11 19:10:00,452 [Worker-30: Launching uo.ri.cws.domain] INFO  o.e.m.c.i.p.WorkspaceClassifierResolverManager - Resolving P/cws_util: uo.ri:cws_util:0.0.1-SNAPSHOT with classifier null to /cws_util/bin
2024-11-11 19:11:47,082 [Worker-38: Building] INFO  o.a.m.s.f.DefaultMavenResourcesFiltering - Copying 2 resources from src to bin
2024-11-11 19:11:47,086 [Worker-38: Building] INFO  o.a.m.s.f.DefaultMavenResourcesFiltering - skip non existing resourceDirectory C:\Users\Usuario\OneDrive\Escritorio\RI_JPA\cws_services_jpa\src\test\resources
2024-11-11 19:12:11,703 [Worker-32: Building] INFO  o.a.m.s.f.DefaultMavenResourcesFiltering - Copying 2 resources from src to bin
2024-11-11 19:12:11,706 [Worker-32: Building] INFO  o.a.m.s.f.DefaultMavenResourcesFiltering - skip non existing resourceDirectory C:\Users\Usuario\OneDrive\Escritorio\RI_JPA\cws_services_jpa\src\test\resources
2024-11-11 19:12:30,261 [Worker-38: Building] INFO  o.a.m.s.f.DefaultMavenResourcesFiltering - Copying 2 resources from src to bin
2024-11-11 19:12:30,265 [Worker-38: Building] INFO  o.a.m.s.f.DefaultMavenResourcesFiltering - skip non existing resourceDirectory C:\Users\Usuario\OneDrive\Escritorio\RI_JPA\cws_services_jpa\src\test\resources
2024-11-11 19:12:51,824 [Worker-32: Building] INFO  o.a.m.s.f.DefaultMavenResourcesFiltering - Copying 2 resources from src to bin
2024-11-11 19:12:51,827 [Worker-32: Building] INFO  o.a.m.s.f.DefaultMavenResourcesFiltering - skip non existing resourceDirectory C:\Users\Usuario\OneDrive\Escritorio\RI_JPA\cws_services_jpa\src\test\resources
2024-11-11 19:12:56,858 [Worker-27: Building] INFO  o.a.m.s.f.DefaultMavenResourcesFiltering - Copying 2 resources from src to bin
2024-11-11 19:12:56,860 [Worker-27: Building] INFO  o.a.m.s.f.DefaultMavenResourcesFiltering - skip non existing resourceDirectory C:\Users\Usuario\OneDrive\Escritorio\RI_JPA\cws_services_jpa\src\test\resources
2024-11-11 19:12:57,985 [Worker-37: Launching uo.ri.cws.domain] INFO  o.e.m.c.i.p.WorkspaceClassifierResolverManager - Resolving P/cws_util: uo.ri:cws_util:0.0.1-SNAPSHOT with classifier null to /cws_util/bin
2024-11-11 19:12:58,028 [Worker-37: Launching uo.ri.cws.domain] INFO  o.e.m.c.i.p.WorkspaceClassifierResolverManager - Resolving P/cws_util: uo.ri:cws_util:0.0.1-SNAPSHOT with classifier null to /cws_util/bin
2024-11-11 19:13:20,642 [Worker-30: Building] INFO  o.a.m.s.f.DefaultMavenResourcesFiltering - Copying 2 resources from src to bin
2024-11-11 19:13:20,645 [Worker-30: Building] INFO  o.a.m.s.f.DefaultMavenResourcesFiltering - skip non existing resourceDirectory C:\Users\Usuario\OneDrive\Escritorio\RI_JPA\cws_services_jpa\src\test\resources
2024-11-11 19:13:21,838 [Worker-35: Launching uo.ri.cws.domain] INFO  o.e.m.c.i.p.WorkspaceClassifierResolverManager - Resolving P/cws_util: uo.ri:cws_util:0.0.1-SNAPSHOT with classifier null to /cws_util/bin
2024-11-11 19:13:21,880 [Worker-35: Launching uo.ri.cws.domain] INFO  o.e.m.c.i.p.WorkspaceClassifierResolverManager - Resolving P/cws_util: uo.ri:cws_util:0.0.1-SNAPSHOT with classifier null to /cws_util/bin
2024-11-11 19:13:30,583 [Worker-37: Building] INFO  o.a.m.s.f.DefaultMavenResourcesFiltering - Copying 2 resources from src to bin
2024-11-11 19:13:30,585 [Worker-37: Building] INFO  o.a.m.s.f.DefaultMavenResourcesFiltering - skip non existing resourceDirectory C:\Users\Usuario\OneDrive\Escritorio\RI_JPA\cws_services_jpa\src\test\resources
2024-11-11 19:13:44,641 [main] INFO  o.e.m.jdt.internal.UnitTestSupport - Updating ChargeTests from maven configuration
2024-11-11 19:13:44,838 [Worker-32: Launching ChargeTests] INFO  o.e.m.c.i.p.WorkspaceClassifierResolverManager - Resolving P/cws_util: uo.ri:cws_util:0.0.1-SNAPSHOT with classifier null to /cws_util/bin
2024-11-11 19:13:44,883 [Worker-32: Launching ChargeTests] INFO  o.e.m.c.i.p.WorkspaceClassifierResolverManager - Resolving P/cws_util: uo.ri:cws_util:0.0.1-SNAPSHOT with classifier null to /cws_util/bin
2024-11-11 19:13:58,671 [Worker-35: Launching ChargeTests] INFO  o.a.m.s.f.DefaultMavenResourcesFiltering - Copying 0 resource from src to bin
2024-11-11 19:13:58,673 [Worker-35: Launching ChargeTests] INFO  o.a.m.s.f.DefaultMavenResourcesFiltering - skip non existing resourceDirectory C:\Users\Usuario\OneDrive\Escritorio\RI_JPA\cws_services_jpa\src\test\resources
2024-11-11 19:13:58,790 [Worker-35: Launching ChargeTests] INFO  o.e.m.c.i.p.WorkspaceClassifierResolverManager - Resolving P/cws_util: uo.ri:cws_util:0.0.1-SNAPSHOT with classifier null to /cws_util/bin
2024-11-11 19:13:58,829 [Worker-35: Launching ChargeTests] INFO  o.e.m.c.i.p.WorkspaceClassifierResolverManager - Resolving P/cws_util: uo.ri:cws_util:0.0.1-SNAPSHOT with classifier null to /cws_util/bin
2024-11-11 19:14:37,828 [Worker-37: Launching ChargeTests] INFO  o.e.m.c.i.p.WorkspaceClassifierResolverManager - Resolving P/cws_util: uo.ri:cws_util:0.0.1-SNAPSHOT with classifier null to /cws_util/bin
2024-11-11 19:14:37,874 [Worker-37: Launching ChargeTests] INFO  o.e.m.c.i.p.WorkspaceClassifierResolverManager - Resolving P/cws_util: uo.ri:cws_util:0.0.1-SNAPSHOT with classifier null to /cws_util/bin
2024-11-11 19:14:45,885 [Worker-35: Launching ChargeTests] INFO  o.e.m.c.i.p.WorkspaceClassifierResolverManager - Resolving P/cws_util: uo.ri:cws_util:0.0.1-SNAPSHOT with classifier null to /cws_util/bin
2024-11-11 19:14:45,927 [Worker-35: Launching ChargeTests] INFO  o.e.m.c.i.p.WorkspaceClassifierResolverManager - Resolving P/cws_util: uo.ri:cws_util:0.0.1-SNAPSHOT with classifier null to /cws_util/bin
2024-11-11 19:14:50,763 [main] INFO  o.e.m.jdt.internal.UnitTestSupport - Updating uo.ri.cws.domain (1) from maven configuration
2024-11-11 19:14:50,929 [Worker-39: Launching uo.ri.cws.domain (1)] INFO  o.e.m.c.i.p.WorkspaceClassifierResolverManager - Resolving P/cws_util: uo.ri:cws_util:0.0.1-SNAPSHOT with classifier null to /cws_util/bin
2024-11-11 19:14:50,970 [Worker-39: Launching uo.ri.cws.domain (1)] INFO  o.e.m.c.i.p.WorkspaceClassifierResolverManager - Resolving P/cws_util: uo.ri:cws_util:0.0.1-SNAPSHOT with classifier null to /cws_util/bin
2024-11-11 19:15:22,628 [Worker-30: Building] INFO  o.a.m.s.f.DefaultMavenResourcesFiltering - Copying 2 resources from src to bin
2024-11-11 19:15:22,630 [Worker-30: Building] INFO  o.a.m.s.f.DefaultMavenResourcesFiltering - skip non existing resourceDirectory C:\Users\Usuario\OneDrive\Escritorio\RI_JPA\cws_services_jpa\src\test\resources
2024-11-11 19:15:40,593 [Worker-32: Launching uo.ri.cws.domain (1)] INFO  o.a.m.s.f.DefaultMavenResourcesFiltering - Copying 2 resources from src to bin
2024-11-11 19:15:40,598 [Worker-32: Launching uo.ri.cws.domain (1)] INFO  o.a.m.s.f.DefaultMavenResourcesFiltering - skip non existing resourceDirectory C:\Users\Usuario\OneDrive\Escritorio\RI_JPA\cws_services_jpa\src\test\resources
2024-11-11 19:15:40,719 [Worker-32: Launching uo.ri.cws.domain (1)] INFO  o.e.m.c.i.p.WorkspaceClassifierResolverManager - Resolving P/cws_util: uo.ri:cws_util:0.0.1-SNAPSHOT with classifier null to /cws_util/bin
2024-11-11 19:15:40,757 [Worker-32: Launching uo.ri.cws.domain (1)] INFO  o.e.m.c.i.p.WorkspaceClassifierResolverManager - Resolving P/cws_util: uo.ri:cws_util:0.0.1-SNAPSHOT with classifier null to /cws_util/bin
2024-11-11 19:16:10,413 [main] INFO  o.e.m.jdt.internal.UnitTestSupport - Updating InvoiceRemoveWorkOrderTests from maven configuration
2024-11-11 19:16:11,174 [Worker-32: Launching InvoiceRemoveWorkOrderTests] INFO  o.a.m.s.f.DefaultMavenResourcesFiltering - Copying 0 resource from src to bin
2024-11-11 19:16:11,177 [Worker-32: Launching InvoiceRemoveWorkOrderTests] INFO  o.a.m.s.f.DefaultMavenResourcesFiltering - skip non existing resourceDirectory C:\Users\Usuario\OneDrive\Escritorio\RI_JPA\cws_services_jpa\src\test\resources
2024-11-11 19:16:11,292 [Worker-32: Launching InvoiceRemoveWorkOrderTests] INFO  o.e.m.c.i.p.WorkspaceClassifierResolverManager - Resolving P/cws_util: uo.ri:cws_util:0.0.1-SNAPSHOT with classifier null to /cws_util/bin
2024-11-11 19:16:11,341 [Worker-32: Launching InvoiceRemoveWorkOrderTests] INFO  o.e.m.c.i.p.WorkspaceClassifierResolverManager - Resolving P/cws_util: uo.ri:cws_util:0.0.1-SNAPSHOT with classifier null to /cws_util/bin
2024-11-11 19:16:54,194 [Worker-30: Building] INFO  o.a.m.s.f.DefaultMavenResourcesFiltering - Copying 2 resources from src to bin
2024-11-11 19:16:54,197 [Worker-30: Building] INFO  o.a.m.s.f.DefaultMavenResourcesFiltering - skip non existing resourceDirectory C:\Users\Usuario\OneDrive\Escritorio\RI_JPA\cws_services_jpa\src\test\resources
2024-11-11 19:17:47,438 [Worker-30: Building] INFO  o.a.m.s.f.DefaultMavenResourcesFiltering - Copying 2 resources from src to bin
2024-11-11 19:17:47,440 [Worker-30: Building] INFO  o.a.m.s.f.DefaultMavenResourcesFiltering - skip non existing resourceDirectory C:\Users\Usuario\OneDrive\Escritorio\RI_JPA\cws_services_jpa\src\test\resources
2024-11-11 19:18:01,107 [Worker-41: Building] INFO  o.a.m.s.f.DefaultMavenResourcesFiltering - Copying 2 resources from src to bin
2024-11-11 19:18:01,110 [Worker-41: Building] INFO  o.a.m.s.f.DefaultMavenResourcesFiltering - skip non existing resourceDirectory C:\Users\Usuario\OneDrive\Escritorio\RI_JPA\cws_services_jpa\src\test\resources
2024-11-11 19:18:46,075 [Worker-27: Building] INFO  o.a.m.s.f.DefaultMavenResourcesFiltering - Copying 2 resources from src to bin
2024-11-11 19:18:46,078 [Worker-27: Building] INFO  o.a.m.s.f.DefaultMavenResourcesFiltering - skip non existing resourceDirectory C:\Users\Usuario\OneDrive\Escritorio\RI_JPA\cws_services_jpa\src\test\resources
2024-11-11 19:19:25,763 [Worker-41: Building] INFO  o.a.m.s.f.DefaultMavenResourcesFiltering - Copying 2 resources from src to bin
2024-11-11 19:19:25,766 [Worker-41: Building] INFO  o.a.m.s.f.DefaultMavenResourcesFiltering - skip non existing resourceDirectory C:\Users\Usuario\OneDrive\Escritorio\RI_JPA\cws_services_jpa\src\test\resources
2024-11-11 19:19:52,695 [Worker-27: Building] INFO  o.a.m.s.f.DefaultMavenResourcesFiltering - Copying 2 resources from src to bin
2024-11-11 19:19:52,699 [Worker-27: Building] INFO  o.a.m.s.f.DefaultMavenResourcesFiltering - skip non existing resourceDirectory C:\Users\Usuario\OneDrive\Escritorio\RI_JPA\cws_services_jpa\src\test\resources
2024-11-11 19:20:29,025 [Worker-42: Building] INFO  o.a.m.s.f.DefaultMavenResourcesFiltering - Copying 2 resources from src to bin
2024-11-11 19:20:29,028 [Worker-42: Building] INFO  o.a.m.s.f.DefaultMavenResourcesFiltering - skip non existing resourceDirectory C:\Users\Usuario\OneDrive\Escritorio\RI_JPA\cws_services_jpa\src\test\resources
2024-11-11 19:20:34,913 [Worker-37: Building] INFO  o.a.m.s.f.DefaultMavenResourcesFiltering - Copying 2 resources from src to bin
2024-11-11 19:20:34,918 [Worker-37: Building] INFO  o.a.m.s.f.DefaultMavenResourcesFiltering - skip non existing resourceDirectory C:\Users\Usuario\OneDrive\Escritorio\RI_JPA\cws_services_jpa\src\test\resources
2024-11-11 19:20:53,234 [Worker-30: Building] INFO  o.a.m.s.f.DefaultMavenResourcesFiltering - Copying 2 resources from src to bin
2024-11-11 19:20:53,237 [Worker-30: Building] INFO  o.a.m.s.f.DefaultMavenResourcesFiltering - skip non existing resourceDirectory C:\Users\Usuario\OneDrive\Escritorio\RI_JPA\cws_services_jpa\src\test\resources
2024-11-11 19:22:41,433 [Worker-38: Building] INFO  o.a.m.s.f.DefaultMavenResourcesFiltering - Copying 2 resources from src to bin
2024-11-11 19:22:41,437 [Worker-38: Building] INFO  o.a.m.s.f.DefaultMavenResourcesFiltering - skip non existing resourceDirectory C:\Users\Usuario\OneDrive\Escritorio\RI_JPA\cws_services_jpa\src\test\resources
2024-11-11 19:22:49,071 [Worker-42: Launching InvoiceRemoveWorkOrderTests] INFO  o.e.m.c.i.p.WorkspaceClassifierResolverManager - Resolving P/cws_util: uo.ri:cws_util:0.0.1-SNAPSHOT with classifier null to /cws_util/bin
2024-11-11 19:22:49,115 [Worker-42: Launching InvoiceRemoveWorkOrderTests] INFO  o.e.m.c.i.p.WorkspaceClassifierResolverManager - Resolving P/cws_util: uo.ri:cws_util:0.0.1-SNAPSHOT with classifier null to /cws_util/bin
2024-11-11 19:23:01,227 [Worker-39: Launching InvoiceRemoveWorkOrderTests] INFO  o.e.m.c.i.p.WorkspaceClassifierResolverManager - Resolving P/cws_util: uo.ri:cws_util:0.0.1-SNAPSHOT with classifier null to /cws_util/bin
2024-11-11 19:23:01,274 [Worker-39: Launching InvoiceRemoveWorkOrderTests] INFO  o.e.m.c.i.p.WorkspaceClassifierResolverManager - Resolving P/cws_util: uo.ri:cws_util:0.0.1-SNAPSHOT with classifier null to /cws_util/bin
2024-11-11 19:23:18,926 [Worker-41: Launching InvoiceRemoveWorkOrderTests] INFO  o.e.m.c.i.p.WorkspaceClassifierResolverManager - Resolving P/cws_util: uo.ri:cws_util:0.0.1-SNAPSHOT with classifier null to /cws_util/bin
2024-11-11 19:23:18,971 [Worker-41: Launching InvoiceRemoveWorkOrderTests] INFO  o.e.m.c.i.p.WorkspaceClassifierResolverManager - Resolving P/cws_util: uo.ri:cws_util:0.0.1-SNAPSHOT with classifier null to /cws_util/bin
2024-11-11 19:24:49,203 [Worker-30: Building] INFO  o.a.m.s.f.DefaultMavenResourcesFiltering - Copying 2 resources from src to bin
2024-11-11 19:24:49,206 [Worker-30: Building] INFO  o.a.m.s.f.DefaultMavenResourcesFiltering - skip non existing resourceDirectory C:\Users\Usuario\OneDrive\Escritorio\RI_JPA\cws_services_jpa\src\test\resources
2024-11-11 19:26:04,803 [Worker-37: Building] INFO  o.a.m.s.f.DefaultMavenResourcesFiltering - Copying 2 resources from src to bin
2024-11-11 19:26:04,807 [Worker-37: Building] INFO  o.a.m.s.f.DefaultMavenResourcesFiltering - skip non existing resourceDirectory C:\Users\Usuario\OneDrive\Escritorio\RI_JPA\cws_services_jpa\src\test\resources
2024-11-11 19:26:22,059 [Worker-45: Building] INFO  o.a.m.s.f.DefaultMavenResourcesFiltering - Copying 2 resources from src to bin
2024-11-11 19:26:22,061 [Worker-45: Building] INFO  o.a.m.s.f.DefaultMavenResourcesFiltering - skip non existing resourceDirectory C:\Users\Usuario\OneDrive\Escritorio\RI_JPA\cws_services_jpa\src\test\resources
2024-11-11 19:26:28,288 [Worker-38: Building] INFO  o.a.m.s.f.DefaultMavenResourcesFiltering - Copying 2 resources from src to bin
2024-11-11 19:26:28,291 [Worker-38: Building] INFO  o.a.m.s.f.DefaultMavenResourcesFiltering - skip non existing resourceDirectory C:\Users\Usuario\OneDrive\Escritorio\RI_JPA\cws_services_jpa\src\test\resources
2024-11-11 19:26:29,708 [Worker-45: Launching InvoiceRemoveWorkOrderTests] INFO  o.e.m.c.i.p.WorkspaceClassifierResolverManager - Resolving P/cws_util: uo.ri:cws_util:0.0.1-SNAPSHOT with classifier null to /cws_util/bin
2024-11-11 19:26:29,751 [Worker-45: Launching InvoiceRemoveWorkOrderTests] INFO  o.e.m.c.i.p.WorkspaceClassifierResolverManager - Resolving P/cws_util: uo.ri:cws_util:0.0.1-SNAPSHOT with classifier null to /cws_util/bin
2024-11-11 19:27:04,111 [Worker-42: Launching uo.ri.cws.domain (1)] INFO  o.e.m.c.i.p.WorkspaceClassifierResolverManager - Resolving P/cws_util: uo.ri:cws_util:0.0.1-SNAPSHOT with classifier null to /cws_util/bin
2024-11-11 19:27:04,158 [Worker-42: Launching uo.ri.cws.domain (1)] INFO  o.e.m.c.i.p.WorkspaceClassifierResolverManager - Resolving P/cws_util: uo.ri:cws_util:0.0.1-SNAPSHOT with classifier null to /cws_util/bin
2024-11-11 19:27:48,873 [Worker-41: Building] INFO  o.a.m.s.f.DefaultMavenResourcesFiltering - Copying 2 resources from src to bin
2024-11-11 19:27:48,876 [Worker-41: Building] INFO  o.a.m.s.f.DefaultMavenResourcesFiltering - skip non existing resourceDirectory C:\Users\Usuario\OneDrive\Escritorio\RI_JPA\cws_services_jpa\src\test\resources
2024-11-11 19:27:49,740 [Worker-32: Launching uo.ri.cws.domain (1)] INFO  o.e.m.c.i.p.WorkspaceClassifierResolverManager - Resolving P/cws_util: uo.ri:cws_util:0.0.1-SNAPSHOT with classifier null to /cws_util/bin
2024-11-11 19:27:49,793 [Worker-32: Launching uo.ri.cws.domain (1)] INFO  o.e.m.c.i.p.WorkspaceClassifierResolverManager - Resolving P/cws_util: uo.ri:cws_util:0.0.1-SNAPSHOT with classifier null to /cws_util/bin
2024-11-11 19:28:09,568 [Worker-39: Launching WorkOrderTests] INFO  o.e.m.c.i.p.WorkspaceClassifierResolverManager - Resolving P/cws_util: uo.ri:cws_util:0.0.1-SNAPSHOT with classifier null to /cws_util/bin
2024-11-11 19:28:09,609 [Worker-39: Launching WorkOrderTests] INFO  o.e.m.c.i.p.WorkspaceClassifierResolverManager - Resolving P/cws_util: uo.ri:cws_util:0.0.1-SNAPSHOT with classifier null to /cws_util/bin
2024-11-11 19:28:15,948 [Worker-44: Launching WorkOrderTests] INFO  o.e.m.c.i.p.WorkspaceClassifierResolverManager - Resolving P/cws_util: uo.ri:cws_util:0.0.1-SNAPSHOT with classifier null to /cws_util/bin
2024-11-11 19:28:15,993 [Worker-44: Launching WorkOrderTests] INFO  o.e.m.c.i.p.WorkspaceClassifierResolverManager - Resolving P/cws_util: uo.ri:cws_util:0.0.1-SNAPSHOT with classifier null to /cws_util/bin
2024-11-11 19:29:59,992 [Worker-37: Launching WorkOrderTests] INFO  o.e.m.c.i.p.WorkspaceClassifierResolverManager - Resolving P/cws_util: uo.ri:cws_util:0.0.1-SNAPSHOT with classifier null to /cws_util/bin
2024-11-11 19:30:00,040 [Worker-37: Launching WorkOrderTests] INFO  o.e.m.c.i.p.WorkspaceClassifierResolverManager - Resolving P/cws_util: uo.ri:cws_util:0.0.1-SNAPSHOT with classifier null to /cws_util/bin
2024-11-11 19:30:32,662 [Worker-30: Launching WorkOrderTests] INFO  o.e.m.c.i.p.WorkspaceClassifierResolverManager - Resolving P/cws_util: uo.ri:cws_util:0.0.1-SNAPSHOT with classifier null to /cws_util/bin
2024-11-11 19:30:32,710 [Worker-30: Launching WorkOrderTests] INFO  o.e.m.c.i.p.WorkspaceClassifierResolverManager - Resolving P/cws_util: uo.ri:cws_util:0.0.1-SNAPSHOT with classifier null to /cws_util/bin
2024-11-11 19:30:45,198 [Worker-44: Launching WorkOrderTests] INFO  o.e.m.c.i.p.WorkspaceClassifierResolverManager - Resolving P/cws_util: uo.ri:cws_util:0.0.1-SNAPSHOT with classifier null to /cws_util/bin
2024-11-11 19:30:45,238 [Worker-44: Launching WorkOrderTests] INFO  o.e.m.c.i.p.WorkspaceClassifierResolverManager - Resolving P/cws_util: uo.ri:cws_util:0.0.1-SNAPSHOT with classifier null to /cws_util/bin
2024-11-11 19:32:39,002 [Worker-41: Building] INFO  o.a.m.s.f.DefaultMavenResourcesFiltering - Copying 2 resources from src to bin
2024-11-11 19:32:39,006 [Worker-41: Building] INFO  o.a.m.s.f.DefaultMavenResourcesFiltering - skip non existing resourceDirectory C:\Users\Usuario\OneDrive\Escritorio\RI_JPA\cws_services_jpa\src\test\resources
2024-11-11 19:32:40,100 [Worker-44: Launching WorkOrderTests] INFO  o.e.m.c.i.p.WorkspaceClassifierResolverManager - Resolving P/cws_util: uo.ri:cws_util:0.0.1-SNAPSHOT with classifier null to /cws_util/bin
2024-11-11 19:32:40,142 [Worker-44: Launching WorkOrderTests] INFO  o.e.m.c.i.p.WorkspaceClassifierResolverManager - Resolving P/cws_util: uo.ri:cws_util:0.0.1-SNAPSHOT with classifier null to /cws_util/bin
2024-11-11 19:32:53,816 [Worker-45: Launching WorkOrderTests] INFO  o.e.m.c.i.p.WorkspaceClassifierResolverManager - Resolving P/cws_util: uo.ri:cws_util:0.0.1-SNAPSHOT with classifier null to /cws_util/bin
2024-11-11 19:32:53,866 [Worker-45: Launching WorkOrderTests] INFO  o.e.m.c.i.p.WorkspaceClassifierResolverManager - Resolving P/cws_util: uo.ri:cws_util:0.0.1-SNAPSHOT with classifier null to /cws_util/bin
2024-11-11 19:32:59,509 [Worker-37: Launching WorkOrderTests] INFO  o.e.m.c.i.p.WorkspaceClassifierResolverManager - Resolving P/cws_util: uo.ri:cws_util:0.0.1-SNAPSHOT with classifier null to /cws_util/bin
2024-11-11 19:32:59,553 [Worker-37: Launching WorkOrderTests] INFO  o.e.m.c.i.p.WorkspaceClassifierResolverManager - Resolving P/cws_util: uo.ri:cws_util:0.0.1-SNAPSHOT with classifier null to /cws_util/bin
2024-11-11 19:33:42,844 [Worker-30: Launching WorkOrderTests] INFO  o.e.m.c.i.p.WorkspaceClassifierResolverManager - Resolving P/cws_util: uo.ri:cws_util:0.0.1-SNAPSHOT with classifier null to /cws_util/bin
2024-11-11 19:33:42,891 [Worker-30: Launching WorkOrderTests] INFO  o.e.m.c.i.p.WorkspaceClassifierResolverManager - Resolving P/cws_util: uo.ri:cws_util:0.0.1-SNAPSHOT with classifier null to /cws_util/bin
2024-11-11 19:34:29,083 [Worker-27: Launching WorkOrderTests] INFO  o.e.m.c.i.p.WorkspaceClassifierResolverManager - Resolving P/cws_util: uo.ri:cws_util:0.0.1-SNAPSHOT with classifier null to /cws_util/bin
2024-11-11 19:34:29,126 [Worker-27: Launching WorkOrderTests] INFO  o.e.m.c.i.p.WorkspaceClassifierResolverManager - Resolving P/cws_util: uo.ri:cws_util:0.0.1-SNAPSHOT with classifier null to /cws_util/bin
2024-11-11 19:36:39,708 [Worker-43: Building] INFO  o.a.m.s.f.DefaultMavenResourcesFiltering - Copying 2 resources from src to bin
2024-11-11 19:36:39,713 [Worker-43: Building] INFO  o.a.m.s.f.DefaultMavenResourcesFiltering - skip non existing resourceDirectory C:\Users\Usuario\OneDrive\Escritorio\RI_JPA\cws_services_jpa\src\test\resources
2024-11-11 19:36:40,758 [Worker-42: Launching WorkOrderTests] INFO  o.e.m.c.i.p.WorkspaceClassifierResolverManager - Resolving P/cws_util: uo.ri:cws_util:0.0.1-SNAPSHOT with classifier null to /cws_util/bin
2024-11-11 19:36:40,797 [Worker-42: Launching WorkOrderTests] INFO  o.e.m.c.i.p.WorkspaceClassifierResolverManager - Resolving P/cws_util: uo.ri:cws_util:0.0.1-SNAPSHOT with classifier null to /cws_util/bin
2024-11-11 19:37:00,302 [Worker-46: Launching uo.ri.cws.domain (1)] INFO  o.e.m.c.i.p.WorkspaceClassifierResolverManager - Resolving P/cws_util: uo.ri:cws_util:0.0.1-SNAPSHOT with classifier null to /cws_util/bin
2024-11-11 19:37:00,347 [Worker-46: Launching uo.ri.cws.domain (1)] INFO  o.e.m.c.i.p.WorkspaceClassifierResolverManager - Resolving P/cws_util: uo.ri:cws_util:0.0.1-SNAPSHOT with classifier null to /cws_util/bin
2024-11-11 19:37:17,660 [Worker-37: Launching ChargeTests] INFO  o.e.m.c.i.p.WorkspaceClassifierResolverManager - Resolving P/cws_util: uo.ri:cws_util:0.0.1-SNAPSHOT with classifier null to /cws_util/bin
2024-11-11 19:37:17,706 [Worker-37: Launching ChargeTests] INFO  o.e.m.c.i.p.WorkspaceClassifierResolverManager - Resolving P/cws_util: uo.ri:cws_util:0.0.1-SNAPSHOT with classifier null to /cws_util/bin
2024-11-11 19:38:16,142 [Worker-40: Launching ChargeTests] INFO  o.e.m.c.i.p.WorkspaceClassifierResolverManager - Resolving P/cws_util: uo.ri:cws_util:0.0.1-SNAPSHOT with classifier null to /cws_util/bin
2024-11-11 19:38:16,184 [Worker-40: Launching ChargeTests] INFO  o.e.m.c.i.p.WorkspaceClassifierResolverManager - Resolving P/cws_util: uo.ri:cws_util:0.0.1-SNAPSHOT with classifier null to /cws_util/bin
2024-11-11 19:38:21,416 [Worker-27: Launching ChargeTests] INFO  o.e.m.c.i.p.WorkspaceClassifierResolverManager - Resolving P/cws_util: uo.ri:cws_util:0.0.1-SNAPSHOT with classifier null to /cws_util/bin
2024-11-11 19:38:21,457 [Worker-27: Launching ChargeTests] INFO  o.e.m.c.i.p.WorkspaceClassifierResolverManager - Resolving P/cws_util: uo.ri:cws_util:0.0.1-SNAPSHOT with classifier null to /cws_util/bin
2024-11-11 19:38:59,728 [Worker-46: Launching ChargeTests] INFO  o.a.m.s.f.DefaultMavenResourcesFiltering - Copying 0 resource from src to bin
2024-11-11 19:38:59,730 [Worker-46: Launching ChargeTests] INFO  o.a.m.s.f.DefaultMavenResourcesFiltering - skip non existing resourceDirectory C:\Users\Usuario\OneDrive\Escritorio\RI_JPA\cws_services_jpa\src\test\resources
2024-11-11 19:38:59,843 [Worker-46: Launching ChargeTests] INFO  o.e.m.c.i.p.WorkspaceClassifierResolverManager - Resolving P/cws_util: uo.ri:cws_util:0.0.1-SNAPSHOT with classifier null to /cws_util/bin
2024-11-11 19:38:59,886 [Worker-46: Launching ChargeTests] INFO  o.e.m.c.i.p.WorkspaceClassifierResolverManager - Resolving P/cws_util: uo.ri:cws_util:0.0.1-SNAPSHOT with classifier null to /cws_util/bin
2024-11-11 19:39:05,497 [Worker-44: Launching ChargeTests] INFO  o.e.m.c.i.p.WorkspaceClassifierResolverManager - Resolving P/cws_util: uo.ri:cws_util:0.0.1-SNAPSHOT with classifier null to /cws_util/bin
2024-11-11 19:39:05,541 [Worker-44: Launching ChargeTests] INFO  o.e.m.c.i.p.WorkspaceClassifierResolverManager - Resolving P/cws_util: uo.ri:cws_util:0.0.1-SNAPSHOT with classifier null to /cws_util/bin
2024-11-11 19:39:15,617 [Worker-35: Launching ChargeTests] INFO  o.e.m.c.i.p.WorkspaceClassifierResolverManager - Resolving P/cws_util: uo.ri:cws_util:0.0.1-SNAPSHOT with classifier null to /cws_util/bin
2024-11-11 19:39:15,661 [Worker-35: Launching ChargeTests] INFO  o.e.m.c.i.p.WorkspaceClassifierResolverManager - Resolving P/cws_util: uo.ri:cws_util:0.0.1-SNAPSHOT with classifier null to /cws_util/bin
2024-11-11 19:45:49,726 [Worker-46: Building] INFO  o.a.m.s.f.DefaultMavenResourcesFiltering - Copying 2 resources from src to bin
2024-11-11 19:45:49,729 [Worker-46: Building] INFO  o.a.m.s.f.DefaultMavenResourcesFiltering - skip non existing resourceDirectory C:\Users\Usuario\OneDrive\Escritorio\RI_JPA\cws_services_jpa\src\test\resources
2024-11-11 19:45:51,117 [Worker-46: Launching ChargeTests] INFO  o.e.m.c.i.p.WorkspaceClassifierResolverManager - Resolving P/cws_util: uo.ri:cws_util:0.0.1-SNAPSHOT with classifier null to /cws_util/bin
2024-11-11 19:45:51,160 [Worker-46: Launching ChargeTests] INFO  o.e.m.c.i.p.WorkspaceClassifierResolverManager - Resolving P/cws_util: uo.ri:cws_util:0.0.1-SNAPSHOT with classifier null to /cws_util/bin
2024-11-11 19:45:56,134 [Worker-41: Launching ChargeTests] INFO  o.e.m.c.i.p.WorkspaceClassifierResolverManager - Resolving P/cws_util: uo.ri:cws_util:0.0.1-SNAPSHOT with classifier null to /cws_util/bin
2024-11-11 19:45:56,176 [Worker-41: Launching ChargeTests] INFO  o.e.m.c.i.p.WorkspaceClassifierResolverManager - Resolving P/cws_util: uo.ri:cws_util:0.0.1-SNAPSHOT with classifier null to /cws_util/bin
2024-11-11 19:47:26,476 [Worker-37: Launching ChargeTests] INFO  o.e.m.c.i.p.WorkspaceClassifierResolverManager - Resolving P/cws_util: uo.ri:cws_util:0.0.1-SNAPSHOT with classifier null to /cws_util/bin
2024-11-11 19:47:26,526 [Worker-37: Launching ChargeTests] INFO  o.e.m.c.i.p.WorkspaceClassifierResolverManager - Resolving P/cws_util: uo.ri:cws_util:0.0.1-SNAPSHOT with classifier null to /cws_util/bin
2024-11-11 19:49:15,126 [Worker-40: Building] INFO  o.a.m.s.f.DefaultMavenResourcesFiltering - Copying 2 resources from src to bin
2024-11-11 19:49:15,131 [Worker-40: Building] INFO  o.a.m.s.f.DefaultMavenResourcesFiltering - skip non existing resourceDirectory C:\Users\Usuario\OneDrive\Escritorio\RI_JPA\cws_services_jpa\src\test\resources
2024-11-11 19:49:22,111 [Worker-37: Building] INFO  o.a.m.s.f.DefaultMavenResourcesFiltering - Copying 2 resources from src to bin
2024-11-11 19:49:22,116 [Worker-37: Building] INFO  o.a.m.s.f.DefaultMavenResourcesFiltering - skip non existing resourceDirectory C:\Users\Usuario\OneDrive\Escritorio\RI_JPA\cws_services_jpa\src\test\resources
2024-11-11 19:49:28,738 [Worker-48: Building] INFO  o.a.m.s.f.DefaultMavenResourcesFiltering - Copying 2 resources from src to bin
2024-11-11 19:49:28,741 [Worker-48: Building] INFO  o.a.m.s.f.DefaultMavenResourcesFiltering - skip non existing resourceDirectory C:\Users\Usuario\OneDrive\Escritorio\RI_JPA\cws_services_jpa\src\test\resources
2024-11-11 19:50:08,055 [Worker-37: Building] INFO  o.a.m.s.f.DefaultMavenResourcesFiltering - Copying 2 resources from src to bin
2024-11-11 19:50:08,059 [Worker-37: Building] INFO  o.a.m.s.f.DefaultMavenResourcesFiltering - skip non existing resourceDirectory C:\Users\Usuario\OneDrive\Escritorio\RI_JPA\cws_services_jpa\src\test\resources
2024-11-11 19:50:14,408 [Worker-40: Building] INFO  o.a.m.s.f.DefaultMavenResourcesFiltering - Copying 2 resources from src to bin
2024-11-11 19:50:14,412 [Worker-40: Building] INFO  o.a.m.s.f.DefaultMavenResourcesFiltering - skip non existing resourceDirectory C:\Users\Usuario\OneDrive\Escritorio\RI_JPA\cws_services_jpa\src\test\resources
2024-11-11 19:50:24,957 [Worker-40: Building] INFO  o.a.m.s.f.DefaultMavenResourcesFiltering - Copying 2 resources from src to bin
2024-11-11 19:50:24,959 [Worker-40: Building] INFO  o.a.m.s.f.DefaultMavenResourcesFiltering - skip non existing resourceDirectory C:\Users\Usuario\OneDrive\Escritorio\RI_JPA\cws_services_jpa\src\test\resources
2024-11-11 19:50:29,759 [Worker-47: Building] INFO  o.a.m.s.f.DefaultMavenResourcesFiltering - Copying 2 resources from src to bin
2024-11-11 19:50:29,763 [Worker-47: Building] INFO  o.a.m.s.f.DefaultMavenResourcesFiltering - skip non existing resourceDirectory C:\Users\Usuario\OneDrive\Escritorio\RI_JPA\cws_services_jpa\src\test\resources
2024-11-11 19:50:32,800 [Worker-37: Building] INFO  o.a.m.s.f.DefaultMavenResourcesFiltering - Copying 2 resources from src to bin
2024-11-11 19:50:32,802 [Worker-37: Building] INFO  o.a.m.s.f.DefaultMavenResourcesFiltering - skip non existing resourceDirectory C:\Users\Usuario\OneDrive\Escritorio\RI_JPA\cws_services_jpa\src\test\resources
2024-11-11 19:50:42,482 [Worker-48: Building] INFO  o.a.m.s.f.DefaultMavenResourcesFiltering - Copying 2 resources from src to bin
2024-11-11 19:50:42,487 [Worker-48: Building] INFO  o.a.m.s.f.DefaultMavenResourcesFiltering - skip non existing resourceDirectory C:\Users\Usuario\OneDrive\Escritorio\RI_JPA\cws_services_jpa\src\test\resources
2024-11-11 19:50:52,427 [Worker-43: Building] INFO  o.a.m.s.f.DefaultMavenResourcesFiltering - Copying 2 resources from src to bin
2024-11-11 19:50:52,431 [Worker-43: Building] INFO  o.a.m.s.f.DefaultMavenResourcesFiltering - skip non existing resourceDirectory C:\Users\Usuario\OneDrive\Escritorio\RI_JPA\cws_services_jpa\src\test\resources
2024-11-11 19:50:53,926 [Worker-47: Launching ChargeTests] INFO  o.e.m.c.i.p.WorkspaceClassifierResolverManager - Resolving P/cws_util: uo.ri:cws_util:0.0.1-SNAPSHOT with classifier null to /cws_util/bin
2024-11-11 19:50:53,972 [Worker-47: Launching ChargeTests] INFO  o.e.m.c.i.p.WorkspaceClassifierResolverManager - Resolving P/cws_util: uo.ri:cws_util:0.0.1-SNAPSHOT with classifier null to /cws_util/bin
2024-11-11 19:52:21,456 [Worker-45: Launching ChargeTests] INFO  o.e.m.c.i.p.WorkspaceClassifierResolverManager - Resolving P/cws_util: uo.ri:cws_util:0.0.1-SNAPSHOT with classifier null to /cws_util/bin
2024-11-11 19:52:21,507 [Worker-45: Launching ChargeTests] INFO  o.e.m.c.i.p.WorkspaceClassifierResolverManager - Resolving P/cws_util: uo.ri:cws_util:0.0.1-SNAPSHOT with classifier null to /cws_util/bin
2024-11-11 19:52:37,414 [Worker-48: Launching ChargeTests] INFO  o.e.m.c.i.p.WorkspaceClassifierResolverManager - Resolving P/cws_util: uo.ri:cws_util:0.0.1-SNAPSHOT with classifier null to /cws_util/bin
2024-11-11 19:52:37,459 [Worker-48: Launching ChargeTests] INFO  o.e.m.c.i.p.WorkspaceClassifierResolverManager - Resolving P/cws_util: uo.ri:cws_util:0.0.1-SNAPSHOT with classifier null to /cws_util/bin
2024-11-11 19:53:06,865 [Worker-54: Launching ChargeTests] INFO  o.e.m.c.i.p.WorkspaceClassifierResolverManager - Resolving P/cws_util: uo.ri:cws_util:0.0.1-SNAPSHOT with classifier null to /cws_util/bin
2024-11-11 19:53:06,910 [Worker-54: Launching ChargeTests] INFO  o.e.m.c.i.p.WorkspaceClassifierResolverManager - Resolving P/cws_util: uo.ri:cws_util:0.0.1-SNAPSHOT with classifier null to /cws_util/bin
2024-11-11 19:53:09,193 [Worker-44: Launching ChargeTests] INFO  o.e.m.c.i.p.WorkspaceClassifierResolverManager - Resolving P/cws_util: uo.ri:cws_util:0.0.1-SNAPSHOT with classifier null to /cws_util/bin
2024-11-11 19:53:09,237 [Worker-44: Launching ChargeTests] INFO  o.e.m.c.i.p.WorkspaceClassifierResolverManager - Resolving P/cws_util: uo.ri:cws_util:0.0.1-SNAPSHOT with classifier null to /cws_util/bin
2024-11-11 19:53:14,963 [Worker-44: Launching ChargeTests] INFO  o.e.m.c.i.p.WorkspaceClassifierResolverManager - Resolving P/cws_util: uo.ri:cws_util:0.0.1-SNAPSHOT with classifier null to /cws_util/bin
2024-11-11 19:53:15,008 [Worker-44: Launching ChargeTests] INFO  o.e.m.c.i.p.WorkspaceClassifierResolverManager - Resolving P/cws_util: uo.ri:cws_util:0.0.1-SNAPSHOT with classifier null to /cws_util/bin
2024-11-11 19:54:09,527 [Worker-44: Launching ChargeTests] INFO  o.e.m.c.i.p.WorkspaceClassifierResolverManager - Resolving P/cws_util: uo.ri:cws_util:0.0.1-SNAPSHOT with classifier null to /cws_util/bin
2024-11-11 19:54:09,574 [Worker-44: Launching ChargeTests] INFO  o.e.m.c.i.p.WorkspaceClassifierResolverManager - Resolving P/cws_util: uo.ri:cws_util:0.0.1-SNAPSHOT with classifier null to /cws_util/bin
2024-11-11 19:55:23,956 [Worker-53: Building] INFO  o.a.m.s.f.DefaultMavenResourcesFiltering - Copying 2 resources from src to bin
2024-11-11 19:55:23,963 [Worker-53: Building] INFO  o.a.m.s.f.DefaultMavenResourcesFiltering - skip non existing resourceDirectory C:\Users\Usuario\OneDrive\Escritorio\RI_JPA\cws_services_jpa\src\test\resources
2024-11-11 19:55:25,209 [Worker-56: Launching ChargeTests] INFO  o.e.m.c.i.p.WorkspaceClassifierResolverManager - Resolving P/cws_util: uo.ri:cws_util:0.0.1-SNAPSHOT with classifier null to /cws_util/bin
2024-11-11 19:55:25,287 [Worker-56: Launching ChargeTests] INFO  o.e.m.c.i.p.WorkspaceClassifierResolverManager - Resolving P/cws_util: uo.ri:cws_util:0.0.1-SNAPSHOT with classifier null to /cws_util/bin
2024-11-11 19:55:54,642 [Worker-52: Building] INFO  o.a.m.s.f.DefaultMavenResourcesFiltering - Copying 2 resources from src to bin
2024-11-11 19:55:54,646 [Worker-52: Building] INFO  o.a.m.s.f.DefaultMavenResourcesFiltering - skip non existing resourceDirectory C:\Users\Usuario\OneDrive\Escritorio\RI_JPA\cws_services_jpa\src\test\resources
2024-11-11 19:56:29,177 [Worker-55: Launching ChargeTests] INFO  o.a.m.s.f.DefaultMavenResourcesFiltering - Copying 2 resources from src to bin
2024-11-11 19:56:29,184 [Worker-55: Launching ChargeTests] INFO  o.a.m.s.f.DefaultMavenResourcesFiltering - skip non existing resourceDirectory C:\Users\Usuario\OneDrive\Escritorio\RI_JPA\cws_services_jpa\src\test\resources
2024-11-11 19:56:29,400 [Worker-55: Launching ChargeTests] INFO  o.e.m.c.i.p.WorkspaceClassifierResolverManager - Resolving P/cws_util: uo.ri:cws_util:0.0.1-SNAPSHOT with classifier null to /cws_util/bin
2024-11-11 19:56:29,466 [Worker-55: Launching ChargeTests] INFO  o.e.m.c.i.p.WorkspaceClassifierResolverManager - Resolving P/cws_util: uo.ri:cws_util:0.0.1-SNAPSHOT with classifier null to /cws_util/bin
2024-11-11 19:56:35,767 [Worker-45: Launching ChargeTests] INFO  o.e.m.c.i.p.WorkspaceClassifierResolverManager - Resolving P/cws_util: uo.ri:cws_util:0.0.1-SNAPSHOT with classifier null to /cws_util/bin
2024-11-11 19:56:35,837 [Worker-45: Launching ChargeTests] INFO  o.e.m.c.i.p.WorkspaceClassifierResolverManager - Resolving P/cws_util: uo.ri:cws_util:0.0.1-SNAPSHOT with classifier null to /cws_util/bin
2024-11-11 19:57:55,043 [Worker-45: Building] INFO  o.a.m.s.f.DefaultMavenResourcesFiltering - Copying 2 resources from src to bin
2024-11-11 19:57:55,051 [Worker-45: Building] INFO  o.a.m.s.f.DefaultMavenResourcesFiltering - skip non existing resourceDirectory C:\Users\Usuario\OneDrive\Escritorio\RI_JPA\cws_services_jpa\src\test\resources
2024-11-11 19:57:58,628 [Worker-50: Launching ChargeTests] INFO  o.e.m.c.i.p.WorkspaceClassifierResolverManager - Resolving P/cws_util: uo.ri:cws_util:0.0.1-SNAPSHOT with classifier null to /cws_util/bin
2024-11-11 19:57:58,820 [Worker-50: Launching ChargeTests] INFO  o.e.m.c.i.p.WorkspaceClassifierResolverManager - Resolving P/cws_util: uo.ri:cws_util:0.0.1-SNAPSHOT with classifier null to /cws_util/bin
2024-11-11 19:58:08,090 [Worker-51: Launching uo.ri.cws.domain (1)] INFO  o.e.m.c.i.p.WorkspaceClassifierResolverManager - Resolving P/cws_util: uo.ri:cws_util:0.0.1-SNAPSHOT with classifier null to /cws_util/bin
2024-11-11 19:58:08,183 [Worker-51: Launching uo.ri.cws.domain (1)] INFO  o.e.m.c.i.p.WorkspaceClassifierResolverManager - Resolving P/cws_util: uo.ri:cws_util:0.0.1-SNAPSHOT with classifier null to /cws_util/bin
2024-11-11 19:58:52,795 [Worker-48: Launching uo.ri.cws.domain (1)] INFO  o.e.m.c.i.p.WorkspaceClassifierResolverManager - Resolving P/cws_util: uo.ri:cws_util:0.0.1-SNAPSHOT with classifier null to /cws_util/bin
2024-11-11 19:58:52,891 [Worker-48: Launching uo.ri.cws.domain (1)] INFO  o.e.m.c.i.p.WorkspaceClassifierResolverManager - Resolving P/cws_util: uo.ri:cws_util:0.0.1-SNAPSHOT with classifier null to /cws_util/bin
2024-11-11 19:58:53,842 [Worker-45: Launching uo.ri.cws.domain (1)] INFO  o.e.m.c.i.p.WorkspaceClassifierResolverManager - Resolving P/cws_util: uo.ri:cws_util:0.0.1-SNAPSHOT with classifier null to /cws_util/bin
2024-11-11 19:58:53,975 [Worker-45: Launching uo.ri.cws.domain (1)] INFO  o.e.m.c.i.p.WorkspaceClassifierResolverManager - Resolving P/cws_util: uo.ri:cws_util:0.0.1-SNAPSHOT with classifier null to /cws_util/bin
2024-11-11 19:59:02,850 [Worker-55: Launching uo.ri.cws.domain (1)] INFO  o.e.m.c.i.p.WorkspaceClassifierResolverManager - Resolving P/cws_util: uo.ri:cws_util:0.0.1-SNAPSHOT with classifier null to /cws_util/bin
2024-11-11 19:59:02,910 [Worker-55: Launching uo.ri.cws.domain (1)] INFO  o.e.m.c.i.p.WorkspaceClassifierResolverManager - Resolving P/cws_util: uo.ri:cws_util:0.0.1-SNAPSHOT with classifier null to /cws_util/bin
2024-11-11 19:59:54,013 [Burningwave - Resource releaser] INFO  o.b.c.a.StaticComponentContainer - (StaticComponentContainer.java:391) - ... Waiting for all tasks ending
2024-11-11 19:59:54,017 [Burningwave - Resource releaser] INFO  o.b.c.a.StaticComponentContainer - (StaticComponentContainer.java:397) - Closing all component containers
2024-11-11 19:59:54,025 [Burningwave - Resource releaser] INFO  o.b.c.a.StaticComponentContainer - (StaticComponentContainer.java:403) - Closing FileSystemHelper
2024-11-11 19:59:54,028 [Burningwave - Resource releaser] INFO  o.b.c.a.StaticComponentContainer - (StaticComponentContainer.java:409) - ... Waiting for all tasks ending before shutting down the BackgroundExecutor
2024-11-11 19:59:54,031 [Burningwave - Resource releaser] INFO  o.b.c.a.StaticComponentContainer - (StaticComponentContainer.java:414) - Shutting down BackgroundExecutor
2024-11-11 19:59:54,036 [Burningwave - Resource releaser] INFO  o.b.c.a.StaticComponentContainer - (StaticComponentContainer.java:420) - Stopping all threads monitoring thread
2024-11-11 19:59:54,036 [Burningwave - Resource releaser] INFO  o.b.c.a.StaticComponentContainer - (StaticComponentContainer.java:425) - Closing ThreadHolder
2024-11-11 19:59:54,037 [Burningwave - Resource releaser] INFO  o.b.c.a.StaticComponentContainer - (StaticComponentContainer.java:430) - Shutting down ThreadSupplier
2024-11-11 20:46:35,855 [main] INFO  o.b.c.a.StaticComponentContainer - (StaticComponentContainer.java:368) - Instantiated org.burningwave.core.SLF4JManagedLoggerRepository
2024-11-11 20:46:35,865 [main] INFO  o.b.c.a.StaticComponentContainer - (StaticComponentContainer.java:369) - 

	Configuration values for static components:

		background-executor.all-tasks-monitoring.enabled=\
			true
		background-executor.all-tasks-monitoring.interval=\
			30000
		background-executor.all-tasks-monitoring.logger.enabled=\
			false
		background-executor.all-tasks-monitoring.minimum-elapsed-time-to-consider-a-task-as-probable-dead-locked=\
			300000
		background-executor.all-tasks-monitoring.probable-dead-locked-tasks-handling.policy=\
			log only
		background-executor.queued-task-executor[0].name=\
			Low priority tasks
		background-executor.queued-task-executor[0].priority=\
			1
		background-executor.queued-task-executor[1].name=\
			Normal priority tasks
		background-executor.queued-task-executor[1].priority=\
			5
		background-executor.queued-task-executor[2].name=\
			High priority tasks
		background-executor.queued-task-executor[2].priority=\
			10
		background-executor.task-creation-tracking.enabled=\
			${background-executor.all-tasks-monitoring.enabled}
		banner.additonal-informations=\
			${Implementation-Title} ${Implementation-Version}
		banner.additonal-informations.retrieve-from-manifest-file-with-implementation-title=\
			Burningwave Core
		banner.file=\
			org/burningwave/banner.bwb
		banner.hide=\
			true
		buffer-handler.default-allocation-mode=\
			ByteBuffer::allocateDirect
		buffer-handler.default-buffer-size=\
			1024
		group-name-for-named-elements=\
			Burningwave
		iterable-object-helper.default-values-separator=\
			;
		iterable-object-helper.parallel-iteration.applicability.default-minimum-collection-size=\
			2
		iterable-object-helper.parallel-iteration.applicability.max-runtime-thread-count-threshold=\
			autodetect
		iterable-object-helper.parallel-iteration.applicability.output-collection-enabled-types=\
			java.util.concurrent.ConcurrentHashMap$CollectionView;\
			java.util.Collections$SynchronizedCollection;\
			java.util.concurrent.CopyOnWriteArrayList;\
			java.util.concurrent.CopyOnWriteArraySet;\
			java.util.concurrent.BlockingQueue;\
			java.util.concurrent.ConcurrentSkipListSet;\
			java.util.concurrent.ConcurrentSkipListMap$EntrySet;\
			java.util.concurrent.ConcurrentSkipListMap$KeySet;\
			java.util.concurrent.ConcurrentSkipListMap$Values;
		jvm.driver.init=\
			false
		managed-logger.repository=\
			autodetect
		managed-logger.repository.enabled=\
			true
		managed-logger.repository.logging.warn.disabled-for=\
			org.burningwave.core.assembler.ComponentContainer$ClassLoader;\
			org.burningwave.core.classes.MemoryClassLoader;\
			org.burningwave.core.classes.PathScannerClassLoader;
		modules.export-all-to-all=\
			true
		resource-releaser.enabled=\
			true
		synchronizer.all-threads-monitoring.enabled=\
			false
		synchronizer.all-threads-monitoring.interval=\
			90000
		thread-supplier.default-daemon-flag-value=\
			true
		thread-supplier.default-thread-priority=\
			5
		thread-supplier.max-detached-thread-count=\
			${thread-supplier.max-poolable-thread-count}
		thread-supplier.max-detached-thread-count.elapsed-time-threshold-from-last-increase-for-gradual-decreasing-to-initial-value=\
			30000
		thread-supplier.max-detached-thread-count.increasing-step=\
			autodetect
		thread-supplier.max-poolable-thread-count=\
			autodetect
		thread-supplier.poolable-thread-request-timeout=\
			6000


2024-11-11 20:46:35,875 [main] INFO  o.b.core.jvm.BufferHandler - (BufferHandler.java:127) - default buffer size: 1024 bytes
2024-11-11 20:46:35,878 [main] INFO  o.b.core.jvm.BufferHandler - (BufferHandler.java:141) - default allocation mode: ByteBuffer::allocateDirect
2024-11-11 20:46:35,894 [main] INFO  org.burningwave.core.Cache - (Cache.java:76) - Building cache
2024-11-11 20:46:36,003 [main] INFO  o.b.c.a.StaticComponentContainer - (StaticComponentContainer.java:443) - org.burningwave.core.assembler.StaticComponentContainer initialized in 0.710317 seconds
2024-11-11 22:20:07,961 [Worker-39: Loading available Gradle versions] INFO  o.e.b.c.i.u.g.PublishedGradleVersions - Gradle version information cache is up-to-date. Trying to read.
2024-11-11 22:20:38,521 [Worker-39: Building] INFO  o.e.m.c.i.p.WorkspaceClassifierResolverManager - Resolving P/cws_util: uo.ri:cws_util:0.0.1-SNAPSHOT with classifier  to /cws_util/bin
2024-11-11 22:20:40,223 [Worker-39: Building] INFO  o.a.m.s.f.DefaultMavenResourcesFiltering - Copying 2 resources from src to bin
2024-11-11 22:20:40,238 [Worker-39: Building] INFO  o.a.m.s.f.DefaultMavenResourcesFiltering - skip non existing resourceDirectory C:\Users\Usuario\OneDrive\Escritorio\RI_JPA\cws_services_jpa\src\test\resources
2024-11-11 22:20:43,041 [Worker-37: Building] INFO  o.e.m.c.i.p.WorkspaceClassifierResolverManager - Resolving P/cws_services_jpa: uo.ri:cws_services_jpa:0.0.1-SNAPSHOT with classifier  to /cws_services_jpa/bin
2024-11-11 22:20:43,042 [Worker-37: Building] INFO  o.e.m.c.i.p.WorkspaceClassifierResolverManager - Resolving P/cws_util: uo.ri:cws_util:0.0.1-SNAPSHOT with classifier  to /cws_util/bin
2024-11-11 22:20:43,083 [Worker-37: Building] INFO  o.a.m.s.f.DefaultMavenResourcesFiltering - Copying 0 resource from src to bin
2024-11-11 22:20:43,086 [Worker-37: Building] INFO  o.a.m.s.f.DefaultMavenResourcesFiltering - skip non existing resourceDirectory C:\Users\Usuario\OneDrive\Escritorio\RI_JPA\cws_client_manager\src\test\resources
2024-11-11 22:20:52,276 [Burningwave - Resource releaser] INFO  o.b.c.a.StaticComponentContainer - (StaticComponentContainer.java:391) - ... Waiting for all tasks ending
2024-11-11 22:20:52,285 [Burningwave - Resource releaser] INFO  o.b.c.a.StaticComponentContainer - (StaticComponentContainer.java:397) - Closing all component containers
2024-11-11 22:20:52,291 [Burningwave - Resource releaser] INFO  o.b.c.a.StaticComponentContainer - (StaticComponentContainer.java:403) - Closing FileSystemHelper
2024-11-11 22:20:52,296 [Burningwave - Resource releaser] INFO  o.b.c.a.StaticComponentContainer - (StaticComponentContainer.java:409) - ... Waiting for all tasks ending before shutting down the BackgroundExecutor
2024-11-11 22:20:52,298 [Burningwave - Resource releaser] INFO  o.b.c.a.StaticComponentContainer - (StaticComponentContainer.java:414) - Shutting down BackgroundExecutor
2024-11-11 22:20:52,299 [Burningwave - Resource releaser] INFO  o.b.c.a.StaticComponentContainer - (StaticComponentContainer.java:420) - Stopping all threads monitoring thread
2024-11-11 22:20:52,301 [Burningwave - Resource releaser] INFO  o.b.c.a.StaticComponentContainer - (StaticComponentContainer.java:425) - Closing ThreadHolder
2024-11-11 22:20:52,305 [Burningwave - Resource releaser] INFO  o.b.c.a.StaticComponentContainer - (StaticComponentContainer.java:430) - Shutting down ThreadSupplier
2024-12-04 09:35:03,078 [main] INFO  o.b.c.a.StaticComponentContainer - (StaticComponentContainer.java:368) - Instantiated org.burningwave.core.SLF4JManagedLoggerRepository
2024-12-04 09:35:03,078 [main] INFO  o.b.c.a.StaticComponentContainer - (StaticComponentContainer.java:369) - 

	Configuration values for static components:

		background-executor.all-tasks-monitoring.enabled=\
			true
		background-executor.all-tasks-monitoring.interval=\
			30000
		background-executor.all-tasks-monitoring.logger.enabled=\
			false
		background-executor.all-tasks-monitoring.minimum-elapsed-time-to-consider-a-task-as-probable-dead-locked=\
			300000
		background-executor.all-tasks-monitoring.probable-dead-locked-tasks-handling.policy=\
			log only
		background-executor.queued-task-executor[0].name=\
			Low priority tasks
		background-executor.queued-task-executor[0].priority=\
			1
		background-executor.queued-task-executor[1].name=\
			Normal priority tasks
		background-executor.queued-task-executor[1].priority=\
			5
		background-executor.queued-task-executor[2].name=\
			High priority tasks
		background-executor.queued-task-executor[2].priority=\
			10
		background-executor.task-creation-tracking.enabled=\
			${background-executor.all-tasks-monitoring.enabled}
		banner.additonal-informations=\
			${Implementation-Title} ${Implementation-Version}
		banner.additonal-informations.retrieve-from-manifest-file-with-implementation-title=\
			Burningwave Core
		banner.file=\
			org/burningwave/banner.bwb
		banner.hide=\
			true
		buffer-handler.default-allocation-mode=\
			ByteBuffer::allocateDirect
		buffer-handler.default-buffer-size=\
			1024
		group-name-for-named-elements=\
			Burningwave
		iterable-object-helper.default-values-separator=\
			;
		iterable-object-helper.parallel-iteration.applicability.default-minimum-collection-size=\
			2
		iterable-object-helper.parallel-iteration.applicability.max-runtime-thread-count-threshold=\
			autodetect
		iterable-object-helper.parallel-iteration.applicability.output-collection-enabled-types=\
			java.util.concurrent.ConcurrentHashMap$CollectionView;\
			java.util.Collections$SynchronizedCollection;\
			java.util.concurrent.CopyOnWriteArrayList;\
			java.util.concurrent.CopyOnWriteArraySet;\
			java.util.concurrent.BlockingQueue;\
			java.util.concurrent.ConcurrentSkipListSet;\
			java.util.concurrent.ConcurrentSkipListMap$EntrySet;\
			java.util.concurrent.ConcurrentSkipListMap$KeySet;\
			java.util.concurrent.ConcurrentSkipListMap$Values;
		jvm.driver.init=\
			false
		managed-logger.repository=\
			autodetect
		managed-logger.repository.enabled=\
			true
		managed-logger.repository.logging.warn.disabled-for=\
			org.burningwave.core.assembler.ComponentContainer$ClassLoader;\
			org.burningwave.core.classes.MemoryClassLoader;\
			org.burningwave.core.classes.PathScannerClassLoader;
		modules.export-all-to-all=\
			true
		resource-releaser.enabled=\
			true
		synchronizer.all-threads-monitoring.enabled=\
			false
		synchronizer.all-threads-monitoring.interval=\
			90000
		thread-supplier.default-daemon-flag-value=\
			true
		thread-supplier.default-thread-priority=\
			5
		thread-supplier.max-detached-thread-count=\
			${thread-supplier.max-poolable-thread-count}
		thread-supplier.max-detached-thread-count.elapsed-time-threshold-from-last-increase-for-gradual-decreasing-to-initial-value=\
			30000
		thread-supplier.max-detached-thread-count.increasing-step=\
			autodetect
		thread-supplier.max-poolable-thread-count=\
			autodetect
		thread-supplier.poolable-thread-request-timeout=\
			6000


2024-12-04 09:35:03,093 [main] INFO  o.b.core.jvm.BufferHandler - (BufferHandler.java:127) - default buffer size: 1024 bytes
2024-12-04 09:35:03,093 [main] INFO  o.b.core.jvm.BufferHandler - (BufferHandler.java:141) - default allocation mode: ByteBuffer::allocateDirect
2024-12-04 09:35:03,095 [main] INFO  org.burningwave.core.Cache - (Cache.java:76) - Building cache
2024-12-04 09:35:03,109 [main] INFO  o.b.c.a.StaticComponentContainer - (StaticComponentContainer.java:443) - org.burningwave.core.assembler.StaticComponentContainer initialized in 0.1412982 seconds
2024-12-04 09:35:05,376 [Worker-6: Loading available Gradle versions] INFO  o.e.b.c.i.u.g.PublishedGradleVersions - Gradle version information cache is out-of-date. Trying to update.
2024-12-04 09:36:01,780 [Burningwave - Resource releaser] INFO  o.b.c.a.StaticComponentContainer - (StaticComponentContainer.java:391) - ... Waiting for all tasks ending
2024-12-04 09:36:01,782 [Burningwave - Resource releaser] INFO  o.b.c.a.StaticComponentContainer - (StaticComponentContainer.java:397) - Closing all component containers
2024-12-04 09:36:01,785 [Burningwave - Resource releaser] INFO  o.b.c.a.StaticComponentContainer - (StaticComponentContainer.java:403) - Closing FileSystemHelper
2024-12-04 09:36:01,787 [Burningwave - Resource releaser] INFO  o.b.c.a.StaticComponentContainer - (StaticComponentContainer.java:409) - ... Waiting for all tasks ending before shutting down the BackgroundExecutor
2024-12-04 09:36:01,788 [Burningwave - Resource releaser] INFO  o.b.c.a.StaticComponentContainer - (StaticComponentContainer.java:414) - Shutting down BackgroundExecutor
2024-12-04 09:36:01,789 [Burningwave - Resource releaser] INFO  o.b.c.a.StaticComponentContainer - (StaticComponentContainer.java:420) - Stopping all threads monitoring thread
2024-12-04 09:36:01,789 [Burningwave - Resource releaser] INFO  o.b.c.a.StaticComponentContainer - (StaticComponentContainer.java:425) - Closing ThreadHolder
2024-12-04 09:36:01,790 [Burningwave - Resource releaser] INFO  o.b.c.a.StaticComponentContainer - (StaticComponentContainer.java:430) - Shutting down ThreadSupplier
2024-12-05 15:45:52,612 [main] INFO  o.b.c.a.StaticComponentContainer - (StaticComponentContainer.java:368) - Instantiated org.burningwave.core.SLF4JManagedLoggerRepository
2024-12-05 15:45:52,615 [main] INFO  o.b.c.a.StaticComponentContainer - (StaticComponentContainer.java:369) - 

	Configuration values for static components:

		background-executor.all-tasks-monitoring.enabled=\
			true
		background-executor.all-tasks-monitoring.interval=\
			30000
		background-executor.all-tasks-monitoring.logger.enabled=\
			false
		background-executor.all-tasks-monitoring.minimum-elapsed-time-to-consider-a-task-as-probable-dead-locked=\
			300000
		background-executor.all-tasks-monitoring.probable-dead-locked-tasks-handling.policy=\
			log only
		background-executor.queued-task-executor[0].name=\
			Low priority tasks
		background-executor.queued-task-executor[0].priority=\
			1
		background-executor.queued-task-executor[1].name=\
			Normal priority tasks
		background-executor.queued-task-executor[1].priority=\
			5
		background-executor.queued-task-executor[2].name=\
			High priority tasks
		background-executor.queued-task-executor[2].priority=\
			10
		background-executor.task-creation-tracking.enabled=\
			${background-executor.all-tasks-monitoring.enabled}
		banner.additonal-informations=\
			${Implementation-Title} ${Implementation-Version}
		banner.additonal-informations.retrieve-from-manifest-file-with-implementation-title=\
			Burningwave Core
		banner.file=\
			org/burningwave/banner.bwb
		banner.hide=\
			true
		buffer-handler.default-allocation-mode=\
			ByteBuffer::allocateDirect
		buffer-handler.default-buffer-size=\
			1024
		group-name-for-named-elements=\
			Burningwave
		iterable-object-helper.default-values-separator=\
			;
		iterable-object-helper.parallel-iteration.applicability.default-minimum-collection-size=\
			2
		iterable-object-helper.parallel-iteration.applicability.max-runtime-thread-count-threshold=\
			autodetect
		iterable-object-helper.parallel-iteration.applicability.output-collection-enabled-types=\
			java.util.concurrent.ConcurrentHashMap$CollectionView;\
			java.util.Collections$SynchronizedCollection;\
			java.util.concurrent.CopyOnWriteArrayList;\
			java.util.concurrent.CopyOnWriteArraySet;\
			java.util.concurrent.BlockingQueue;\
			java.util.concurrent.ConcurrentSkipListSet;\
			java.util.concurrent.ConcurrentSkipListMap$EntrySet;\
			java.util.concurrent.ConcurrentSkipListMap$KeySet;\
			java.util.concurrent.ConcurrentSkipListMap$Values;
		jvm.driver.init=\
			false
		managed-logger.repository=\
			autodetect
		managed-logger.repository.enabled=\
			true
		managed-logger.repository.logging.warn.disabled-for=\
			org.burningwave.core.assembler.ComponentContainer$ClassLoader;\
			org.burningwave.core.classes.MemoryClassLoader;\
			org.burningwave.core.classes.PathScannerClassLoader;
		modules.export-all-to-all=\
			true
		resource-releaser.enabled=\
			true
		synchronizer.all-threads-monitoring.enabled=\
			false
		synchronizer.all-threads-monitoring.interval=\
			90000
		thread-supplier.default-daemon-flag-value=\
			true
		thread-supplier.default-thread-priority=\
			5
		thread-supplier.max-detached-thread-count=\
			${thread-supplier.max-poolable-thread-count}
		thread-supplier.max-detached-thread-count.elapsed-time-threshold-from-last-increase-for-gradual-decreasing-to-initial-value=\
			30000
		thread-supplier.max-detached-thread-count.increasing-step=\
			autodetect
		thread-supplier.max-poolable-thread-count=\
			autodetect
		thread-supplier.poolable-thread-request-timeout=\
			6000


2024-12-05 15:45:52,618 [main] INFO  o.b.core.jvm.BufferHandler - (BufferHandler.java:127) - default buffer size: 1024 bytes
2024-12-05 15:45:52,619 [main] INFO  o.b.core.jvm.BufferHandler - (BufferHandler.java:141) - default allocation mode: ByteBuffer::allocateDirect
2024-12-05 15:45:52,627 [main] INFO  org.burningwave.core.Cache - (Cache.java:76) - Building cache
2024-12-05 15:45:52,655 [main] INFO  o.b.c.a.StaticComponentContainer - (StaticComponentContainer.java:443) - org.burningwave.core.assembler.StaticComponentContainer initialized in 0.184401 seconds
2024-12-05 15:45:57,732 [Worker-5: Loading available Gradle versions] INFO  o.e.b.c.i.u.g.PublishedGradleVersions - Gradle version information cache is out-of-date. Trying to update.
2024-12-05 15:47:21,792 [Worker-9: Updating Maven Dependencies] WARN  o.e.m.c.i.embedder.EclipseLogger - The POM for uo.ri:cws_services_jpa:jar:0.0.1-SNAPSHOT is missing, no dependency information available
2024-12-05 15:47:24,185 [Worker-9: Updating Maven Dependencies] INFO  o.e.m.c.i.l.LifecycleMappingFactory - Using org.eclipse.m2e.jdt.JarLifecycleMapping lifecycle mapping for MavenProject: uo.ri:cws_client_mechanic:0.0.1-SNAPSHOT @ C:\Users\Usuario\OneDrive\Escritorio\RI_JPA\cws_client_mechanic\pom.xml.
2024-12-05 15:47:24,464 [Worker-9: Updating Maven Dependencies] INFO  o.e.m.c.i.l.LifecycleMappingFactory - Using org.eclipse.m2e.jdt.JarLifecycleMapping lifecycle mapping for MavenProject: uo.ri:cws_client_manager:0.0.1-SNAPSHOT @ C:\Users\Usuario\OneDrive\Escritorio\RI_JPA\cws_client_manager\pom.xml.
2024-12-05 15:47:24,572 [Worker-13: Building] INFO  o.a.m.s.f.DefaultMavenResourcesFiltering - Copying 0 resource from src to bin
2024-12-05 15:47:24,583 [Worker-13: Building] INFO  o.a.m.s.f.DefaultMavenResourcesFiltering - skip non existing resourceDirectory C:\Users\Usuario\OneDrive\Escritorio\RI_JPA\cws_util\src\test\resources
2024-12-05 15:47:24,721 [Worker-9: Updating Maven Dependencies] INFO  o.e.m.c.i.l.LifecycleMappingFactory - Using org.eclipse.m2e.jdt.JarLifecycleMapping lifecycle mapping for MavenProject: uo.ri:cws_client_foreman:0.0.1-SNAPSHOT @ C:\Users\Usuario\OneDrive\Escritorio\RI_JPA\cws_client_foreman\pom.xml.
2024-12-05 15:47:24,903 [Worker-9: Updating Maven Dependencies] INFO  o.e.m.c.i.l.LifecycleMappingFactory - Using org.eclipse.m2e.jdt.JarLifecycleMapping lifecycle mapping for MavenProject: uo.ri:cws_client_cashier:0.0.1-SNAPSHOT @ C:\Users\Usuario\OneDrive\Escritorio\RI_JPA\cws_client_cashier\pom.xml.
2024-12-05 15:47:26,243 [Worker-9: Updating Maven Dependencies] ERROR o.e.m.j.i.l.MavenLaunchConfigurationListener - Launch configuration ChargeTests references non-existing project cws_services_jpa.
org.eclipse.core.runtime.CoreException: Launch configuration ChargeTests references non-existing project cws_services_jpa.
	at org.eclipse.jdt.launching.JavaRuntime.abort(JavaRuntime.java:1870)
	at org.eclipse.jdt.launching.JavaRuntime.getJavaProject(JavaRuntime.java:1747)
	at org.eclipse.m2e.jdt.internal.launch.MavenLaunchConfigurationListener.updateLaunchConfiguration(MavenLaunchConfigurationListener.java:66)
	at org.eclipse.m2e.jdt.internal.launch.MavenLaunchConfigurationListener.launchConfigurationChanged(MavenLaunchConfigurationListener.java:52)
	at org.eclipse.debug.internal.core.LaunchManager$ConfigurationNotifier.run(LaunchManager.java:219)
	at org.eclipse.core.runtime.SafeRunner.run(SafeRunner.java:47)
	at org.eclipse.debug.internal.core.LaunchManager$ConfigurationNotifier.notify(LaunchManager.java:203)
	at org.eclipse.debug.internal.core.LaunchConfigurationWorkingCopy.setDirty(LaunchConfigurationWorkingCopy.java:527)
	at org.eclipse.debug.internal.core.LaunchConfigurationWorkingCopy.setAttribute(LaunchConfigurationWorkingCopy.java:415)
	at org.eclipse.m2e.jdt.internal.launch.MavenRuntimeClasspathProvider.disable(MavenRuntimeClasspathProvider.java:409)
	at org.eclipse.m2e.jdt.internal.launch.MavenRuntimeClasspathProvider.disable(MavenRuntimeClasspathProvider.java:435)
	at org.eclipse.m2e.jdt.internal.launch.MavenLaunchConfigurationListener.mavenProjectChanged(MavenLaunchConfigurationListener.java:137)
	at org.eclipse.m2e.core.internal.project.registry.ProjectRegistryManager.notifyProjectChangeListeners(ProjectRegistryManager.java:892)
	at org.eclipse.m2e.core.internal.project.registry.ProjectRegistryManager.applyMutableProjectRegistry(ProjectRegistryManager.java:1042)
	at org.eclipse.m2e.core.internal.project.registry.ProjectRegistryRefreshJob.lambda$0(ProjectRegistryRefreshJob.java:162)
	at org.eclipse.m2e.core.internal.embedder.MavenExecutionContext.executeBare(MavenExecutionContext.java:458)
	at org.eclipse.m2e.core.internal.embedder.MavenExecutionContext.execute(MavenExecutionContext.java:339)
	at org.eclipse.m2e.core.internal.embedder.MavenExecutionContext.execute(MavenExecutionContext.java:278)
	at org.eclipse.m2e.core.internal.project.registry.ProjectRegistryRefreshJob.run(ProjectRegistryRefreshJob.java:106)
	at org.eclipse.core.internal.jobs.Worker.run(Worker.java:63)
2024-12-05 15:47:26,264 [Worker-9: Updating Maven Dependencies] ERROR o.e.m.j.i.l.MavenLaunchConfigurationListener - Launch configuration ChargeTests references non-existing project cws_services_jpa.
org.eclipse.core.runtime.CoreException: Launch configuration ChargeTests references non-existing project cws_services_jpa.
	at org.eclipse.jdt.launching.JavaRuntime.abort(JavaRuntime.java:1870)
	at org.eclipse.jdt.launching.JavaRuntime.getJavaProject(JavaRuntime.java:1747)
	at org.eclipse.m2e.jdt.internal.launch.MavenLaunchConfigurationListener.updateLaunchConfiguration(MavenLaunchConfigurationListener.java:66)
	at org.eclipse.m2e.jdt.internal.launch.MavenLaunchConfigurationListener.launchConfigurationChanged(MavenLaunchConfigurationListener.java:52)
	at org.eclipse.debug.internal.core.LaunchManager$ConfigurationNotifier.run(LaunchManager.java:219)
	at org.eclipse.core.runtime.SafeRunner.run(SafeRunner.java:47)
	at org.eclipse.debug.internal.core.LaunchManager$ConfigurationNotifier.notify(LaunchManager.java:203)
	at org.eclipse.debug.internal.core.LaunchConfigurationWorkingCopy.setDirty(LaunchConfigurationWorkingCopy.java:527)
	at org.eclipse.debug.internal.core.LaunchConfigurationWorkingCopy.setAttribute(LaunchConfigurationWorkingCopy.java:415)
	at org.eclipse.m2e.jdt.internal.launch.MavenRuntimeClasspathProvider.disable(MavenRuntimeClasspathProvider.java:410)
	at org.eclipse.m2e.jdt.internal.launch.MavenRuntimeClasspathProvider.disable(MavenRuntimeClasspathProvider.java:435)
	at org.eclipse.m2e.jdt.internal.launch.MavenLaunchConfigurationListener.mavenProjectChanged(MavenLaunchConfigurationListener.java:137)
	at org.eclipse.m2e.core.internal.project.registry.ProjectRegistryManager.notifyProjectChangeListeners(ProjectRegistryManager.java:892)
	at org.eclipse.m2e.core.internal.project.registry.ProjectRegistryManager.applyMutableProjectRegistry(ProjectRegistryManager.java:1042)
	at org.eclipse.m2e.core.internal.project.registry.ProjectRegistryRefreshJob.lambda$0(ProjectRegistryRefreshJob.java:162)
	at org.eclipse.m2e.core.internal.embedder.MavenExecutionContext.executeBare(MavenExecutionContext.java:458)
	at org.eclipse.m2e.core.internal.embedder.MavenExecutionContext.execute(MavenExecutionContext.java:339)
	at org.eclipse.m2e.core.internal.embedder.MavenExecutionContext.execute(MavenExecutionContext.java:278)
	at org.eclipse.m2e.core.internal.project.registry.ProjectRegistryRefreshJob.run(ProjectRegistryRefreshJob.java:106)
	at org.eclipse.core.internal.jobs.Worker.run(Worker.java:63)
2024-12-05 15:47:26,278 [Worker-9: Updating Maven Dependencies] ERROR o.e.m.j.i.l.MavenLaunchConfigurationListener - Launch configuration ChargeTests references non-existing project cws_services_jpa.
org.eclipse.core.runtime.CoreException: Launch configuration ChargeTests references non-existing project cws_services_jpa.
	at org.eclipse.jdt.launching.JavaRuntime.abort(JavaRuntime.java:1870)
	at org.eclipse.jdt.launching.JavaRuntime.getJavaProject(JavaRuntime.java:1747)
	at org.eclipse.m2e.jdt.internal.launch.MavenLaunchConfigurationListener.updateLaunchConfiguration(MavenLaunchConfigurationListener.java:66)
	at org.eclipse.m2e.jdt.internal.launch.MavenLaunchConfigurationListener.launchConfigurationChanged(MavenLaunchConfigurationListener.java:52)
	at org.eclipse.debug.internal.core.LaunchManager$ConfigurationNotifier.run(LaunchManager.java:219)
	at org.eclipse.core.runtime.SafeRunner.run(SafeRunner.java:47)
	at org.eclipse.debug.internal.core.LaunchManager$ConfigurationNotifier.notify(LaunchManager.java:203)
	at org.eclipse.debug.internal.core.LaunchManager.launchConfigurationChanged(LaunchManager.java:1960)
	at org.eclipse.debug.internal.core.LaunchConfigurationWorkingCopy.writeNewFile(LaunchConfigurationWorkingCopy.java:380)
	at org.eclipse.debug.internal.core.LaunchConfigurationWorkingCopy.doSave0(LaunchConfigurationWorkingCopy.java:259)
	at org.eclipse.debug.internal.core.LaunchConfigurationWorkingCopy.doSave(LaunchConfigurationWorkingCopy.java:229)
	at org.eclipse.debug.internal.core.LaunchConfigurationWorkingCopy.doSave(LaunchConfigurationWorkingCopy.java:187)
	at org.eclipse.m2e.jdt.internal.launch.MavenRuntimeClasspathProvider.disable(MavenRuntimeClasspathProvider.java:411)
	at org.eclipse.m2e.jdt.internal.launch.MavenRuntimeClasspathProvider.disable(MavenRuntimeClasspathProvider.java:435)
	at org.eclipse.m2e.jdt.internal.launch.MavenLaunchConfigurationListener.mavenProjectChanged(MavenLaunchConfigurationListener.java:137)
	at org.eclipse.m2e.core.internal.project.registry.ProjectRegistryManager.notifyProjectChangeListeners(ProjectRegistryManager.java:892)
	at org.eclipse.m2e.core.internal.project.registry.ProjectRegistryManager.applyMutableProjectRegistry(ProjectRegistryManager.java:1042)
	at org.eclipse.m2e.core.internal.project.registry.ProjectRegistryRefreshJob.lambda$0(ProjectRegistryRefreshJob.java:162)
	at org.eclipse.m2e.core.internal.embedder.MavenExecutionContext.executeBare(MavenExecutionContext.java:458)
	at org.eclipse.m2e.core.internal.embedder.MavenExecutionContext.execute(MavenExecutionContext.java:339)
	at org.eclipse.m2e.core.internal.embedder.MavenExecutionContext.execute(MavenExecutionContext.java:278)
	at org.eclipse.m2e.core.internal.project.registry.ProjectRegistryRefreshJob.run(ProjectRegistryRefreshJob.java:106)
	at org.eclipse.core.internal.jobs.Worker.run(Worker.java:63)
2024-12-05 15:47:26,281 [Worker-9: Updating Maven Dependencies] ERROR o.e.m.j.i.l.MavenLaunchConfigurationListener - Launch configuration InvoiceRemoveWorkOrderTests references non-existing project cws_services_jpa.
org.eclipse.core.runtime.CoreException: Launch configuration InvoiceRemoveWorkOrderTests references non-existing project cws_services_jpa.
	at org.eclipse.jdt.launching.JavaRuntime.abort(JavaRuntime.java:1870)
	at org.eclipse.jdt.launching.JavaRuntime.getJavaProject(JavaRuntime.java:1747)
	at org.eclipse.m2e.jdt.internal.launch.MavenLaunchConfigurationListener.updateLaunchConfiguration(MavenLaunchConfigurationListener.java:66)
	at org.eclipse.m2e.jdt.internal.launch.MavenLaunchConfigurationListener.launchConfigurationChanged(MavenLaunchConfigurationListener.java:52)
	at org.eclipse.debug.internal.core.LaunchManager$ConfigurationNotifier.run(LaunchManager.java:219)
	at org.eclipse.core.runtime.SafeRunner.run(SafeRunner.java:47)
	at org.eclipse.debug.internal.core.LaunchManager$ConfigurationNotifier.notify(LaunchManager.java:203)
	at org.eclipse.debug.internal.core.LaunchConfigurationWorkingCopy.setDirty(LaunchConfigurationWorkingCopy.java:527)
	at org.eclipse.debug.internal.core.LaunchConfigurationWorkingCopy.setAttribute(LaunchConfigurationWorkingCopy.java:415)
	at org.eclipse.m2e.jdt.internal.launch.MavenRuntimeClasspathProvider.disable(MavenRuntimeClasspathProvider.java:409)
	at org.eclipse.m2e.jdt.internal.launch.MavenRuntimeClasspathProvider.disable(MavenRuntimeClasspathProvider.java:435)
	at org.eclipse.m2e.jdt.internal.launch.MavenLaunchConfigurationListener.mavenProjectChanged(MavenLaunchConfigurationListener.java:137)
	at org.eclipse.m2e.core.internal.project.registry.ProjectRegistryManager.notifyProjectChangeListeners(ProjectRegistryManager.java:892)
	at org.eclipse.m2e.core.internal.project.registry.ProjectRegistryManager.applyMutableProjectRegistry(ProjectRegistryManager.java:1042)
	at org.eclipse.m2e.core.internal.project.registry.ProjectRegistryRefreshJob.lambda$0(ProjectRegistryRefreshJob.java:162)
	at org.eclipse.m2e.core.internal.embedder.MavenExecutionContext.executeBare(MavenExecutionContext.java:458)
	at org.eclipse.m2e.core.internal.embedder.MavenExecutionContext.execute(MavenExecutionContext.java:339)
	at org.eclipse.m2e.core.internal.embedder.MavenExecutionContext.execute(MavenExecutionContext.java:278)
	at org.eclipse.m2e.core.internal.project.registry.ProjectRegistryRefreshJob.run(ProjectRegistryRefreshJob.java:106)
	at org.eclipse.core.internal.jobs.Worker.run(Worker.java:63)
2024-12-05 15:47:26,285 [Worker-9: Updating Maven Dependencies] ERROR o.e.m.j.i.l.MavenLaunchConfigurationListener - Launch configuration InvoiceRemoveWorkOrderTests references non-existing project cws_services_jpa.
org.eclipse.core.runtime.CoreException: Launch configuration InvoiceRemoveWorkOrderTests references non-existing project cws_services_jpa.
	at org.eclipse.jdt.launching.JavaRuntime.abort(JavaRuntime.java:1870)
	at org.eclipse.jdt.launching.JavaRuntime.getJavaProject(JavaRuntime.java:1747)
	at org.eclipse.m2e.jdt.internal.launch.MavenLaunchConfigurationListener.updateLaunchConfiguration(MavenLaunchConfigurationListener.java:66)
	at org.eclipse.m2e.jdt.internal.launch.MavenLaunchConfigurationListener.launchConfigurationChanged(MavenLaunchConfigurationListener.java:52)
	at org.eclipse.debug.internal.core.LaunchManager$ConfigurationNotifier.run(LaunchManager.java:219)
	at org.eclipse.core.runtime.SafeRunner.run(SafeRunner.java:47)
	at org.eclipse.debug.internal.core.LaunchManager$ConfigurationNotifier.notify(LaunchManager.java:203)
	at org.eclipse.debug.internal.core.LaunchConfigurationWorkingCopy.setDirty(LaunchConfigurationWorkingCopy.java:527)
	at org.eclipse.debug.internal.core.LaunchConfigurationWorkingCopy.setAttribute(LaunchConfigurationWorkingCopy.java:415)
	at org.eclipse.m2e.jdt.internal.launch.MavenRuntimeClasspathProvider.disable(MavenRuntimeClasspathProvider.java:410)
	at org.eclipse.m2e.jdt.internal.launch.MavenRuntimeClasspathProvider.disable(MavenRuntimeClasspathProvider.java:435)
	at org.eclipse.m2e.jdt.internal.launch.MavenLaunchConfigurationListener.mavenProjectChanged(MavenLaunchConfigurationListener.java:137)
	at org.eclipse.m2e.core.internal.project.registry.ProjectRegistryManager.notifyProjectChangeListeners(ProjectRegistryManager.java:892)
	at org.eclipse.m2e.core.internal.project.registry.ProjectRegistryManager.applyMutableProjectRegistry(ProjectRegistryManager.java:1042)
	at org.eclipse.m2e.core.internal.project.registry.ProjectRegistryRefreshJob.lambda$0(ProjectRegistryRefreshJob.java:162)
	at org.eclipse.m2e.core.internal.embedder.MavenExecutionContext.executeBare(MavenExecutionContext.java:458)
	at org.eclipse.m2e.core.internal.embedder.MavenExecutionContext.execute(MavenExecutionContext.java:339)
	at org.eclipse.m2e.core.internal.embedder.MavenExecutionContext.execute(MavenExecutionContext.java:278)
	at org.eclipse.m2e.core.internal.project.registry.ProjectRegistryRefreshJob.run(ProjectRegistryRefreshJob.java:106)
	at org.eclipse.core.internal.jobs.Worker.run(Worker.java:63)
2024-12-05 15:47:26,297 [Worker-9: Updating Maven Dependencies] ERROR o.e.m.j.i.l.MavenLaunchConfigurationListener - Launch configuration InvoiceRemoveWorkOrderTests references non-existing project cws_services_jpa.
org.eclipse.core.runtime.CoreException: Launch configuration InvoiceRemoveWorkOrderTests references non-existing project cws_services_jpa.
	at org.eclipse.jdt.launching.JavaRuntime.abort(JavaRuntime.java:1870)
	at org.eclipse.jdt.launching.JavaRuntime.getJavaProject(JavaRuntime.java:1747)
	at org.eclipse.m2e.jdt.internal.launch.MavenLaunchConfigurationListener.updateLaunchConfiguration(MavenLaunchConfigurationListener.java:66)
	at org.eclipse.m2e.jdt.internal.launch.MavenLaunchConfigurationListener.launchConfigurationChanged(MavenLaunchConfigurationListener.java:52)
	at org.eclipse.debug.internal.core.LaunchManager$ConfigurationNotifier.run(LaunchManager.java:219)
	at org.eclipse.core.runtime.SafeRunner.run(SafeRunner.java:47)
	at org.eclipse.debug.internal.core.LaunchManager$ConfigurationNotifier.notify(LaunchManager.java:203)
	at org.eclipse.debug.internal.core.LaunchManager.launchConfigurationChanged(LaunchManager.java:1960)
	at org.eclipse.debug.internal.core.LaunchConfigurationWorkingCopy.writeNewFile(LaunchConfigurationWorkingCopy.java:380)
	at org.eclipse.debug.internal.core.LaunchConfigurationWorkingCopy.doSave0(LaunchConfigurationWorkingCopy.java:259)
	at org.eclipse.debug.internal.core.LaunchConfigurationWorkingCopy.doSave(LaunchConfigurationWorkingCopy.java:229)
	at org.eclipse.debug.internal.core.LaunchConfigurationWorkingCopy.doSave(LaunchConfigurationWorkingCopy.java:187)
	at org.eclipse.m2e.jdt.internal.launch.MavenRuntimeClasspathProvider.disable(MavenRuntimeClasspathProvider.java:411)
	at org.eclipse.m2e.jdt.internal.launch.MavenRuntimeClasspathProvider.disable(MavenRuntimeClasspathProvider.java:435)
	at org.eclipse.m2e.jdt.internal.launch.MavenLaunchConfigurationListener.mavenProjectChanged(MavenLaunchConfigurationListener.java:137)
	at org.eclipse.m2e.core.internal.project.registry.ProjectRegistryManager.notifyProjectChangeListeners(ProjectRegistryManager.java:892)
	at org.eclipse.m2e.core.internal.project.registry.ProjectRegistryManager.applyMutableProjectRegistry(ProjectRegistryManager.java:1042)
	at org.eclipse.m2e.core.internal.project.registry.ProjectRegistryRefreshJob.lambda$0(ProjectRegistryRefreshJob.java:162)
	at org.eclipse.m2e.core.internal.embedder.MavenExecutionContext.executeBare(MavenExecutionContext.java:458)
	at org.eclipse.m2e.core.internal.embedder.MavenExecutionContext.execute(MavenExecutionContext.java:339)
	at org.eclipse.m2e.core.internal.embedder.MavenExecutionContext.execute(MavenExecutionContext.java:278)
	at org.eclipse.m2e.core.internal.project.registry.ProjectRegistryRefreshJob.run(ProjectRegistryRefreshJob.java:106)
	at org.eclipse.core.internal.jobs.Worker.run(Worker.java:63)
2024-12-05 15:47:26,301 [Worker-9: Updating Maven Dependencies] ERROR o.e.m.j.i.l.MavenLaunchConfigurationListener - Launch configuration uo.ri.cws.associations references non-existing project cws_services_jpa.
org.eclipse.core.runtime.CoreException: Launch configuration uo.ri.cws.associations references non-existing project cws_services_jpa.
	at org.eclipse.jdt.launching.JavaRuntime.abort(JavaRuntime.java:1870)
	at org.eclipse.jdt.launching.JavaRuntime.getJavaProject(JavaRuntime.java:1747)
	at org.eclipse.m2e.jdt.internal.launch.MavenLaunchConfigurationListener.updateLaunchConfiguration(MavenLaunchConfigurationListener.java:66)
	at org.eclipse.m2e.jdt.internal.launch.MavenLaunchConfigurationListener.launchConfigurationChanged(MavenLaunchConfigurationListener.java:52)
	at org.eclipse.debug.internal.core.LaunchManager$ConfigurationNotifier.run(LaunchManager.java:219)
	at org.eclipse.core.runtime.SafeRunner.run(SafeRunner.java:47)
	at org.eclipse.debug.internal.core.LaunchManager$ConfigurationNotifier.notify(LaunchManager.java:203)
	at org.eclipse.debug.internal.core.LaunchConfigurationWorkingCopy.setDirty(LaunchConfigurationWorkingCopy.java:527)
	at org.eclipse.debug.internal.core.LaunchConfigurationWorkingCopy.setAttribute(LaunchConfigurationWorkingCopy.java:415)
	at org.eclipse.m2e.jdt.internal.launch.MavenRuntimeClasspathProvider.disable(MavenRuntimeClasspathProvider.java:409)
	at org.eclipse.m2e.jdt.internal.launch.MavenRuntimeClasspathProvider.disable(MavenRuntimeClasspathProvider.java:435)
	at org.eclipse.m2e.jdt.internal.launch.MavenLaunchConfigurationListener.mavenProjectChanged(MavenLaunchConfigurationListener.java:137)
	at org.eclipse.m2e.core.internal.project.registry.ProjectRegistryManager.notifyProjectChangeListeners(ProjectRegistryManager.java:892)
	at org.eclipse.m2e.core.internal.project.registry.ProjectRegistryManager.applyMutableProjectRegistry(ProjectRegistryManager.java:1042)
	at org.eclipse.m2e.core.internal.project.registry.ProjectRegistryRefreshJob.lambda$0(ProjectRegistryRefreshJob.java:162)
	at org.eclipse.m2e.core.internal.embedder.MavenExecutionContext.executeBare(MavenExecutionContext.java:458)
	at org.eclipse.m2e.core.internal.embedder.MavenExecutionContext.execute(MavenExecutionContext.java:339)
	at org.eclipse.m2e.core.internal.embedder.MavenExecutionContext.execute(MavenExecutionContext.java:278)
	at org.eclipse.m2e.core.internal.project.registry.ProjectRegistryRefreshJob.run(ProjectRegistryRefreshJob.java:106)
	at org.eclipse.core.internal.jobs.Worker.run(Worker.java:63)
2024-12-05 15:47:26,306 [Worker-9: Updating Maven Dependencies] ERROR o.e.m.j.i.l.MavenLaunchConfigurationListener - Launch configuration uo.ri.cws.associations references non-existing project cws_services_jpa.
org.eclipse.core.runtime.CoreException: Launch configuration uo.ri.cws.associations references non-existing project cws_services_jpa.
	at org.eclipse.jdt.launching.JavaRuntime.abort(JavaRuntime.java:1870)
	at org.eclipse.jdt.launching.JavaRuntime.getJavaProject(JavaRuntime.java:1747)
	at org.eclipse.m2e.jdt.internal.launch.MavenLaunchConfigurationListener.updateLaunchConfiguration(MavenLaunchConfigurationListener.java:66)
	at org.eclipse.m2e.jdt.internal.launch.MavenLaunchConfigurationListener.launchConfigurationChanged(MavenLaunchConfigurationListener.java:52)
	at org.eclipse.debug.internal.core.LaunchManager$ConfigurationNotifier.run(LaunchManager.java:219)
	at org.eclipse.core.runtime.SafeRunner.run(SafeRunner.java:47)
	at org.eclipse.debug.internal.core.LaunchManager$ConfigurationNotifier.notify(LaunchManager.java:203)
	at org.eclipse.debug.internal.core.LaunchConfigurationWorkingCopy.setDirty(LaunchConfigurationWorkingCopy.java:527)
	at org.eclipse.debug.internal.core.LaunchConfigurationWorkingCopy.setAttribute(LaunchConfigurationWorkingCopy.java:415)
	at org.eclipse.m2e.jdt.internal.launch.MavenRuntimeClasspathProvider.disable(MavenRuntimeClasspathProvider.java:410)
	at org.eclipse.m2e.jdt.internal.launch.MavenRuntimeClasspathProvider.disable(MavenRuntimeClasspathProvider.java:435)
	at org.eclipse.m2e.jdt.internal.launch.MavenLaunchConfigurationListener.mavenProjectChanged(MavenLaunchConfigurationListener.java:137)
	at org.eclipse.m2e.core.internal.project.registry.ProjectRegistryManager.notifyProjectChangeListeners(ProjectRegistryManager.java:892)
	at org.eclipse.m2e.core.internal.project.registry.ProjectRegistryManager.applyMutableProjectRegistry(ProjectRegistryManager.java:1042)
	at org.eclipse.m2e.core.internal.project.registry.ProjectRegistryRefreshJob.lambda$0(ProjectRegistryRefreshJob.java:162)
	at org.eclipse.m2e.core.internal.embedder.MavenExecutionContext.executeBare(MavenExecutionContext.java:458)
	at org.eclipse.m2e.core.internal.embedder.MavenExecutionContext.execute(MavenExecutionContext.java:339)
	at org.eclipse.m2e.core.internal.embedder.MavenExecutionContext.execute(MavenExecutionContext.java:278)
	at org.eclipse.m2e.core.internal.project.registry.ProjectRegistryRefreshJob.run(ProjectRegistryRefreshJob.java:106)
	at org.eclipse.core.internal.jobs.Worker.run(Worker.java:63)
2024-12-05 15:47:26,318 [Worker-9: Updating Maven Dependencies] ERROR o.e.m.j.i.l.MavenLaunchConfigurationListener - Launch configuration uo.ri.cws.associations references non-existing project cws_services_jpa.
org.eclipse.core.runtime.CoreException: Launch configuration uo.ri.cws.associations references non-existing project cws_services_jpa.
	at org.eclipse.jdt.launching.JavaRuntime.abort(JavaRuntime.java:1870)
	at org.eclipse.jdt.launching.JavaRuntime.getJavaProject(JavaRuntime.java:1747)
	at org.eclipse.m2e.jdt.internal.launch.MavenLaunchConfigurationListener.updateLaunchConfiguration(MavenLaunchConfigurationListener.java:66)
	at org.eclipse.m2e.jdt.internal.launch.MavenLaunchConfigurationListener.launchConfigurationChanged(MavenLaunchConfigurationListener.java:52)
	at org.eclipse.debug.internal.core.LaunchManager$ConfigurationNotifier.run(LaunchManager.java:219)
	at org.eclipse.core.runtime.SafeRunner.run(SafeRunner.java:47)
	at org.eclipse.debug.internal.core.LaunchManager$ConfigurationNotifier.notify(LaunchManager.java:203)
	at org.eclipse.debug.internal.core.LaunchManager.launchConfigurationChanged(LaunchManager.java:1960)
	at org.eclipse.debug.internal.core.LaunchConfigurationWorkingCopy.writeNewFile(LaunchConfigurationWorkingCopy.java:380)
	at org.eclipse.debug.internal.core.LaunchConfigurationWorkingCopy.doSave0(LaunchConfigurationWorkingCopy.java:259)
	at org.eclipse.debug.internal.core.LaunchConfigurationWorkingCopy.doSave(LaunchConfigurationWorkingCopy.java:229)
	at org.eclipse.debug.internal.core.LaunchConfigurationWorkingCopy.doSave(LaunchConfigurationWorkingCopy.java:187)
	at org.eclipse.m2e.jdt.internal.launch.MavenRuntimeClasspathProvider.disable(MavenRuntimeClasspathProvider.java:411)
	at org.eclipse.m2e.jdt.internal.launch.MavenRuntimeClasspathProvider.disable(MavenRuntimeClasspathProvider.java:435)
	at org.eclipse.m2e.jdt.internal.launch.MavenLaunchConfigurationListener.mavenProjectChanged(MavenLaunchConfigurationListener.java:137)
	at org.eclipse.m2e.core.internal.project.registry.ProjectRegistryManager.notifyProjectChangeListeners(ProjectRegistryManager.java:892)
	at org.eclipse.m2e.core.internal.project.registry.ProjectRegistryManager.applyMutableProjectRegistry(ProjectRegistryManager.java:1042)
	at org.eclipse.m2e.core.internal.project.registry.ProjectRegistryRefreshJob.lambda$0(ProjectRegistryRefreshJob.java:162)
	at org.eclipse.m2e.core.internal.embedder.MavenExecutionContext.executeBare(MavenExecutionContext.java:458)
	at org.eclipse.m2e.core.internal.embedder.MavenExecutionContext.execute(MavenExecutionContext.java:339)
	at org.eclipse.m2e.core.internal.embedder.MavenExecutionContext.execute(MavenExecutionContext.java:278)
	at org.eclipse.m2e.core.internal.project.registry.ProjectRegistryRefreshJob.run(ProjectRegistryRefreshJob.java:106)
	at org.eclipse.core.internal.jobs.Worker.run(Worker.java:63)
2024-12-05 15:47:26,320 [Worker-9: Updating Maven Dependencies] ERROR o.e.m.j.i.l.MavenLaunchConfigurationListener - Launch configuration uo.ri.cws.domain (1) references non-existing project cws_services_jpa.
org.eclipse.core.runtime.CoreException: Launch configuration uo.ri.cws.domain (1) references non-existing project cws_services_jpa.
	at org.eclipse.jdt.launching.JavaRuntime.abort(JavaRuntime.java:1870)
	at org.eclipse.jdt.launching.JavaRuntime.getJavaProject(JavaRuntime.java:1747)
	at org.eclipse.m2e.jdt.internal.launch.MavenLaunchConfigurationListener.updateLaunchConfiguration(MavenLaunchConfigurationListener.java:66)
	at org.eclipse.m2e.jdt.internal.launch.MavenLaunchConfigurationListener.launchConfigurationChanged(MavenLaunchConfigurationListener.java:52)
	at org.eclipse.debug.internal.core.LaunchManager$ConfigurationNotifier.run(LaunchManager.java:219)
	at org.eclipse.core.runtime.SafeRunner.run(SafeRunner.java:47)
	at org.eclipse.debug.internal.core.LaunchManager$ConfigurationNotifier.notify(LaunchManager.java:203)
	at org.eclipse.debug.internal.core.LaunchConfigurationWorkingCopy.setDirty(LaunchConfigurationWorkingCopy.java:527)
	at org.eclipse.debug.internal.core.LaunchConfigurationWorkingCopy.setAttribute(LaunchConfigurationWorkingCopy.java:415)
	at org.eclipse.m2e.jdt.internal.launch.MavenRuntimeClasspathProvider.disable(MavenRuntimeClasspathProvider.java:409)
	at org.eclipse.m2e.jdt.internal.launch.MavenRuntimeClasspathProvider.disable(MavenRuntimeClasspathProvider.java:435)
	at org.eclipse.m2e.jdt.internal.launch.MavenLaunchConfigurationListener.mavenProjectChanged(MavenLaunchConfigurationListener.java:137)
	at org.eclipse.m2e.core.internal.project.registry.ProjectRegistryManager.notifyProjectChangeListeners(ProjectRegistryManager.java:892)
	at org.eclipse.m2e.core.internal.project.registry.ProjectRegistryManager.applyMutableProjectRegistry(ProjectRegistryManager.java:1042)
	at org.eclipse.m2e.core.internal.project.registry.ProjectRegistryRefreshJob.lambda$0(ProjectRegistryRefreshJob.java:162)
	at org.eclipse.m2e.core.internal.embedder.MavenExecutionContext.executeBare(MavenExecutionContext.java:458)
	at org.eclipse.m2e.core.internal.embedder.MavenExecutionContext.execute(MavenExecutionContext.java:339)
	at org.eclipse.m2e.core.internal.embedder.MavenExecutionContext.execute(MavenExecutionContext.java:278)
	at org.eclipse.m2e.core.internal.project.registry.ProjectRegistryRefreshJob.run(ProjectRegistryRefreshJob.java:106)
	at org.eclipse.core.internal.jobs.Worker.run(Worker.java:63)
2024-12-05 15:47:26,326 [Worker-9: Updating Maven Dependencies] ERROR o.e.m.j.i.l.MavenLaunchConfigurationListener - Launch configuration uo.ri.cws.domain (1) references non-existing project cws_services_jpa.
org.eclipse.core.runtime.CoreException: Launch configuration uo.ri.cws.domain (1) references non-existing project cws_services_jpa.
	at org.eclipse.jdt.launching.JavaRuntime.abort(JavaRuntime.java:1870)
	at org.eclipse.jdt.launching.JavaRuntime.getJavaProject(JavaRuntime.java:1747)
	at org.eclipse.m2e.jdt.internal.launch.MavenLaunchConfigurationListener.updateLaunchConfiguration(MavenLaunchConfigurationListener.java:66)
	at org.eclipse.m2e.jdt.internal.launch.MavenLaunchConfigurationListener.launchConfigurationChanged(MavenLaunchConfigurationListener.java:52)
	at org.eclipse.debug.internal.core.LaunchManager$ConfigurationNotifier.run(LaunchManager.java:219)
	at org.eclipse.core.runtime.SafeRunner.run(SafeRunner.java:47)
	at org.eclipse.debug.internal.core.LaunchManager$ConfigurationNotifier.notify(LaunchManager.java:203)
	at org.eclipse.debug.internal.core.LaunchConfigurationWorkingCopy.setDirty(LaunchConfigurationWorkingCopy.java:527)
	at org.eclipse.debug.internal.core.LaunchConfigurationWorkingCopy.setAttribute(LaunchConfigurationWorkingCopy.java:415)
	at org.eclipse.m2e.jdt.internal.launch.MavenRuntimeClasspathProvider.disable(MavenRuntimeClasspathProvider.java:410)
	at org.eclipse.m2e.jdt.internal.launch.MavenRuntimeClasspathProvider.disable(MavenRuntimeClasspathProvider.java:435)
	at org.eclipse.m2e.jdt.internal.launch.MavenLaunchConfigurationListener.mavenProjectChanged(MavenLaunchConfigurationListener.java:137)
	at org.eclipse.m2e.core.internal.project.registry.ProjectRegistryManager.notifyProjectChangeListeners(ProjectRegistryManager.java:892)
	at org.eclipse.m2e.core.internal.project.registry.ProjectRegistryManager.applyMutableProjectRegistry(ProjectRegistryManager.java:1042)
	at org.eclipse.m2e.core.internal.project.registry.ProjectRegistryRefreshJob.lambda$0(ProjectRegistryRefreshJob.java:162)
	at org.eclipse.m2e.core.internal.embedder.MavenExecutionContext.executeBare(MavenExecutionContext.java:458)
	at org.eclipse.m2e.core.internal.embedder.MavenExecutionContext.execute(MavenExecutionContext.java:339)
	at org.eclipse.m2e.core.internal.embedder.MavenExecutionContext.execute(MavenExecutionContext.java:278)
	at org.eclipse.m2e.core.internal.project.registry.ProjectRegistryRefreshJob.run(ProjectRegistryRefreshJob.java:106)
	at org.eclipse.core.internal.jobs.Worker.run(Worker.java:63)
2024-12-05 15:47:26,336 [Worker-9: Updating Maven Dependencies] ERROR o.e.m.j.i.l.MavenLaunchConfigurationListener - Launch configuration uo.ri.cws.domain (1) references non-existing project cws_services_jpa.
org.eclipse.core.runtime.CoreException: Launch configuration uo.ri.cws.domain (1) references non-existing project cws_services_jpa.
	at org.eclipse.jdt.launching.JavaRuntime.abort(JavaRuntime.java:1870)
	at org.eclipse.jdt.launching.JavaRuntime.getJavaProject(JavaRuntime.java:1747)
	at org.eclipse.m2e.jdt.internal.launch.MavenLaunchConfigurationListener.updateLaunchConfiguration(MavenLaunchConfigurationListener.java:66)
	at org.eclipse.m2e.jdt.internal.launch.MavenLaunchConfigurationListener.launchConfigurationChanged(MavenLaunchConfigurationListener.java:52)
	at org.eclipse.debug.internal.core.LaunchManager$ConfigurationNotifier.run(LaunchManager.java:219)
	at org.eclipse.core.runtime.SafeRunner.run(SafeRunner.java:47)
	at org.eclipse.debug.internal.core.LaunchManager$ConfigurationNotifier.notify(LaunchManager.java:203)
	at org.eclipse.debug.internal.core.LaunchManager.launchConfigurationChanged(LaunchManager.java:1960)
	at org.eclipse.debug.internal.core.LaunchConfigurationWorkingCopy.writeNewFile(LaunchConfigurationWorkingCopy.java:380)
	at org.eclipse.debug.internal.core.LaunchConfigurationWorkingCopy.doSave0(LaunchConfigurationWorkingCopy.java:259)
	at org.eclipse.debug.internal.core.LaunchConfigurationWorkingCopy.doSave(LaunchConfigurationWorkingCopy.java:229)
	at org.eclipse.debug.internal.core.LaunchConfigurationWorkingCopy.doSave(LaunchConfigurationWorkingCopy.java:187)
	at org.eclipse.m2e.jdt.internal.launch.MavenRuntimeClasspathProvider.disable(MavenRuntimeClasspathProvider.java:411)
	at org.eclipse.m2e.jdt.internal.launch.MavenRuntimeClasspathProvider.disable(MavenRuntimeClasspathProvider.java:435)
	at org.eclipse.m2e.jdt.internal.launch.MavenLaunchConfigurationListener.mavenProjectChanged(MavenLaunchConfigurationListener.java:137)
	at org.eclipse.m2e.core.internal.project.registry.ProjectRegistryManager.notifyProjectChangeListeners(ProjectRegistryManager.java:892)
	at org.eclipse.m2e.core.internal.project.registry.ProjectRegistryManager.applyMutableProjectRegistry(ProjectRegistryManager.java:1042)
	at org.eclipse.m2e.core.internal.project.registry.ProjectRegistryRefreshJob.lambda$0(ProjectRegistryRefreshJob.java:162)
	at org.eclipse.m2e.core.internal.embedder.MavenExecutionContext.executeBare(MavenExecutionContext.java:458)
	at org.eclipse.m2e.core.internal.embedder.MavenExecutionContext.execute(MavenExecutionContext.java:339)
	at org.eclipse.m2e.core.internal.embedder.MavenExecutionContext.execute(MavenExecutionContext.java:278)
	at org.eclipse.m2e.core.internal.project.registry.ProjectRegistryRefreshJob.run(ProjectRegistryRefreshJob.java:106)
	at org.eclipse.core.internal.jobs.Worker.run(Worker.java:63)
2024-12-05 15:47:26,341 [Worker-9: Updating Maven Dependencies] ERROR o.e.m.j.i.l.MavenLaunchConfigurationListener - Launch configuration uo.ri.cws.domain references non-existing project cws_services_jpa.
org.eclipse.core.runtime.CoreException: Launch configuration uo.ri.cws.domain references non-existing project cws_services_jpa.
	at org.eclipse.jdt.launching.JavaRuntime.abort(JavaRuntime.java:1870)
	at org.eclipse.jdt.launching.JavaRuntime.getJavaProject(JavaRuntime.java:1747)
	at org.eclipse.m2e.jdt.internal.launch.MavenLaunchConfigurationListener.updateLaunchConfiguration(MavenLaunchConfigurationListener.java:66)
	at org.eclipse.m2e.jdt.internal.launch.MavenLaunchConfigurationListener.launchConfigurationChanged(MavenLaunchConfigurationListener.java:52)
	at org.eclipse.debug.internal.core.LaunchManager$ConfigurationNotifier.run(LaunchManager.java:219)
	at org.eclipse.core.runtime.SafeRunner.run(SafeRunner.java:47)
	at org.eclipse.debug.internal.core.LaunchManager$ConfigurationNotifier.notify(LaunchManager.java:203)
	at org.eclipse.debug.internal.core.LaunchConfigurationWorkingCopy.setDirty(LaunchConfigurationWorkingCopy.java:527)
	at org.eclipse.debug.internal.core.LaunchConfigurationWorkingCopy.setAttribute(LaunchConfigurationWorkingCopy.java:415)
	at org.eclipse.m2e.jdt.internal.launch.MavenRuntimeClasspathProvider.disable(MavenRuntimeClasspathProvider.java:409)
	at org.eclipse.m2e.jdt.internal.launch.MavenRuntimeClasspathProvider.disable(MavenRuntimeClasspathProvider.java:435)
	at org.eclipse.m2e.jdt.internal.launch.MavenLaunchConfigurationListener.mavenProjectChanged(MavenLaunchConfigurationListener.java:137)
	at org.eclipse.m2e.core.internal.project.registry.ProjectRegistryManager.notifyProjectChangeListeners(ProjectRegistryManager.java:892)
	at org.eclipse.m2e.core.internal.project.registry.ProjectRegistryManager.applyMutableProjectRegistry(ProjectRegistryManager.java:1042)
	at org.eclipse.m2e.core.internal.project.registry.ProjectRegistryRefreshJob.lambda$0(ProjectRegistryRefreshJob.java:162)
	at org.eclipse.m2e.core.internal.embedder.MavenExecutionContext.executeBare(MavenExecutionContext.java:458)
	at org.eclipse.m2e.core.internal.embedder.MavenExecutionContext.execute(MavenExecutionContext.java:339)
	at org.eclipse.m2e.core.internal.embedder.MavenExecutionContext.execute(MavenExecutionContext.java:278)
	at org.eclipse.m2e.core.internal.project.registry.ProjectRegistryRefreshJob.run(ProjectRegistryRefreshJob.java:106)
	at org.eclipse.core.internal.jobs.Worker.run(Worker.java:63)
2024-12-05 15:47:26,345 [Worker-9: Updating Maven Dependencies] ERROR o.e.m.j.i.l.MavenLaunchConfigurationListener - Launch configuration uo.ri.cws.domain references non-existing project cws_services_jpa.
org.eclipse.core.runtime.CoreException: Launch configuration uo.ri.cws.domain references non-existing project cws_services_jpa.
	at org.eclipse.jdt.launching.JavaRuntime.abort(JavaRuntime.java:1870)
	at org.eclipse.jdt.launching.JavaRuntime.getJavaProject(JavaRuntime.java:1747)
	at org.eclipse.m2e.jdt.internal.launch.MavenLaunchConfigurationListener.updateLaunchConfiguration(MavenLaunchConfigurationListener.java:66)
	at org.eclipse.m2e.jdt.internal.launch.MavenLaunchConfigurationListener.launchConfigurationChanged(MavenLaunchConfigurationListener.java:52)
	at org.eclipse.debug.internal.core.LaunchManager$ConfigurationNotifier.run(LaunchManager.java:219)
	at org.eclipse.core.runtime.SafeRunner.run(SafeRunner.java:47)
	at org.eclipse.debug.internal.core.LaunchManager$ConfigurationNotifier.notify(LaunchManager.java:203)
	at org.eclipse.debug.internal.core.LaunchConfigurationWorkingCopy.setDirty(LaunchConfigurationWorkingCopy.java:527)
	at org.eclipse.debug.internal.core.LaunchConfigurationWorkingCopy.setAttribute(LaunchConfigurationWorkingCopy.java:415)
	at org.eclipse.m2e.jdt.internal.launch.MavenRuntimeClasspathProvider.disable(MavenRuntimeClasspathProvider.java:410)
	at org.eclipse.m2e.jdt.internal.launch.MavenRuntimeClasspathProvider.disable(MavenRuntimeClasspathProvider.java:435)
	at org.eclipse.m2e.jdt.internal.launch.MavenLaunchConfigurationListener.mavenProjectChanged(MavenLaunchConfigurationListener.java:137)
	at org.eclipse.m2e.core.internal.project.registry.ProjectRegistryManager.notifyProjectChangeListeners(ProjectRegistryManager.java:892)
	at org.eclipse.m2e.core.internal.project.registry.ProjectRegistryManager.applyMutableProjectRegistry(ProjectRegistryManager.java:1042)
	at org.eclipse.m2e.core.internal.project.registry.ProjectRegistryRefreshJob.lambda$0(ProjectRegistryRefreshJob.java:162)
	at org.eclipse.m2e.core.internal.embedder.MavenExecutionContext.executeBare(MavenExecutionContext.java:458)
	at org.eclipse.m2e.core.internal.embedder.MavenExecutionContext.execute(MavenExecutionContext.java:339)
	at org.eclipse.m2e.core.internal.embedder.MavenExecutionContext.execute(MavenExecutionContext.java:278)
	at org.eclipse.m2e.core.internal.project.registry.ProjectRegistryRefreshJob.run(ProjectRegistryRefreshJob.java:106)
	at org.eclipse.core.internal.jobs.Worker.run(Worker.java:63)
2024-12-05 15:47:26,354 [Worker-9: Updating Maven Dependencies] ERROR o.e.m.j.i.l.MavenLaunchConfigurationListener - Launch configuration uo.ri.cws.domain references non-existing project cws_services_jpa.
org.eclipse.core.runtime.CoreException: Launch configuration uo.ri.cws.domain references non-existing project cws_services_jpa.
	at org.eclipse.jdt.launching.JavaRuntime.abort(JavaRuntime.java:1870)
	at org.eclipse.jdt.launching.JavaRuntime.getJavaProject(JavaRuntime.java:1747)
	at org.eclipse.m2e.jdt.internal.launch.MavenLaunchConfigurationListener.updateLaunchConfiguration(MavenLaunchConfigurationListener.java:66)
	at org.eclipse.m2e.jdt.internal.launch.MavenLaunchConfigurationListener.launchConfigurationChanged(MavenLaunchConfigurationListener.java:52)
	at org.eclipse.debug.internal.core.LaunchManager$ConfigurationNotifier.run(LaunchManager.java:219)
	at org.eclipse.core.runtime.SafeRunner.run(SafeRunner.java:47)
	at org.eclipse.debug.internal.core.LaunchManager$ConfigurationNotifier.notify(LaunchManager.java:203)
	at org.eclipse.debug.internal.core.LaunchManager.launchConfigurationChanged(LaunchManager.java:1960)
	at org.eclipse.debug.internal.core.LaunchConfigurationWorkingCopy.writeNewFile(LaunchConfigurationWorkingCopy.java:380)
	at org.eclipse.debug.internal.core.LaunchConfigurationWorkingCopy.doSave0(LaunchConfigurationWorkingCopy.java:259)
	at org.eclipse.debug.internal.core.LaunchConfigurationWorkingCopy.doSave(LaunchConfigurationWorkingCopy.java:229)
	at org.eclipse.debug.internal.core.LaunchConfigurationWorkingCopy.doSave(LaunchConfigurationWorkingCopy.java:187)
	at org.eclipse.m2e.jdt.internal.launch.MavenRuntimeClasspathProvider.disable(MavenRuntimeClasspathProvider.java:411)
	at org.eclipse.m2e.jdt.internal.launch.MavenRuntimeClasspathProvider.disable(MavenRuntimeClasspathProvider.java:435)
	at org.eclipse.m2e.jdt.internal.launch.MavenLaunchConfigurationListener.mavenProjectChanged(MavenLaunchConfigurationListener.java:137)
	at org.eclipse.m2e.core.internal.project.registry.ProjectRegistryManager.notifyProjectChangeListeners(ProjectRegistryManager.java:892)
	at org.eclipse.m2e.core.internal.project.registry.ProjectRegistryManager.applyMutableProjectRegistry(ProjectRegistryManager.java:1042)
	at org.eclipse.m2e.core.internal.project.registry.ProjectRegistryRefreshJob.lambda$0(ProjectRegistryRefreshJob.java:162)
	at org.eclipse.m2e.core.internal.embedder.MavenExecutionContext.executeBare(MavenExecutionContext.java:458)
	at org.eclipse.m2e.core.internal.embedder.MavenExecutionContext.execute(MavenExecutionContext.java:339)
	at org.eclipse.m2e.core.internal.embedder.MavenExecutionContext.execute(MavenExecutionContext.java:278)
	at org.eclipse.m2e.core.internal.project.registry.ProjectRegistryRefreshJob.run(ProjectRegistryRefreshJob.java:106)
	at org.eclipse.core.internal.jobs.Worker.run(Worker.java:63)
2024-12-05 15:47:26,358 [Worker-9: Updating Maven Dependencies] ERROR o.e.m.j.i.l.MavenLaunchConfigurationListener - Launch configuration uo.ri.cws references non-existing project cws_services_jpa.
org.eclipse.core.runtime.CoreException: Launch configuration uo.ri.cws references non-existing project cws_services_jpa.
	at org.eclipse.jdt.launching.JavaRuntime.abort(JavaRuntime.java:1870)
	at org.eclipse.jdt.launching.JavaRuntime.getJavaProject(JavaRuntime.java:1747)
	at org.eclipse.m2e.jdt.internal.launch.MavenLaunchConfigurationListener.updateLaunchConfiguration(MavenLaunchConfigurationListener.java:66)
	at org.eclipse.m2e.jdt.internal.launch.MavenLaunchConfigurationListener.launchConfigurationChanged(MavenLaunchConfigurationListener.java:52)
	at org.eclipse.debug.internal.core.LaunchManager$ConfigurationNotifier.run(LaunchManager.java:219)
	at org.eclipse.core.runtime.SafeRunner.run(SafeRunner.java:47)
	at org.eclipse.debug.internal.core.LaunchManager$ConfigurationNotifier.notify(LaunchManager.java:203)
	at org.eclipse.debug.internal.core.LaunchConfigurationWorkingCopy.setDirty(LaunchConfigurationWorkingCopy.java:527)
	at org.eclipse.debug.internal.core.LaunchConfigurationWorkingCopy.setAttribute(LaunchConfigurationWorkingCopy.java:415)
	at org.eclipse.m2e.jdt.internal.launch.MavenRuntimeClasspathProvider.disable(MavenRuntimeClasspathProvider.java:409)
	at org.eclipse.m2e.jdt.internal.launch.MavenRuntimeClasspathProvider.disable(MavenRuntimeClasspathProvider.java:435)
	at org.eclipse.m2e.jdt.internal.launch.MavenLaunchConfigurationListener.mavenProjectChanged(MavenLaunchConfigurationListener.java:137)
	at org.eclipse.m2e.core.internal.project.registry.ProjectRegistryManager.notifyProjectChangeListeners(ProjectRegistryManager.java:892)
	at org.eclipse.m2e.core.internal.project.registry.ProjectRegistryManager.applyMutableProjectRegistry(ProjectRegistryManager.java:1042)
	at org.eclipse.m2e.core.internal.project.registry.ProjectRegistryRefreshJob.lambda$0(ProjectRegistryRefreshJob.java:162)
	at org.eclipse.m2e.core.internal.embedder.MavenExecutionContext.executeBare(MavenExecutionContext.java:458)
	at org.eclipse.m2e.core.internal.embedder.MavenExecutionContext.execute(MavenExecutionContext.java:339)
	at org.eclipse.m2e.core.internal.embedder.MavenExecutionContext.execute(MavenExecutionContext.java:278)
	at org.eclipse.m2e.core.internal.project.registry.ProjectRegistryRefreshJob.run(ProjectRegistryRefreshJob.java:106)
	at org.eclipse.core.internal.jobs.Worker.run(Worker.java:63)
2024-12-05 15:47:26,361 [Worker-9: Updating Maven Dependencies] ERROR o.e.m.j.i.l.MavenLaunchConfigurationListener - Launch configuration uo.ri.cws references non-existing project cws_services_jpa.
org.eclipse.core.runtime.CoreException: Launch configuration uo.ri.cws references non-existing project cws_services_jpa.
	at org.eclipse.jdt.launching.JavaRuntime.abort(JavaRuntime.java:1870)
	at org.eclipse.jdt.launching.JavaRuntime.getJavaProject(JavaRuntime.java:1747)
	at org.eclipse.m2e.jdt.internal.launch.MavenLaunchConfigurationListener.updateLaunchConfiguration(MavenLaunchConfigurationListener.java:66)
	at org.eclipse.m2e.jdt.internal.launch.MavenLaunchConfigurationListener.launchConfigurationChanged(MavenLaunchConfigurationListener.java:52)
	at org.eclipse.debug.internal.core.LaunchManager$ConfigurationNotifier.run(LaunchManager.java:219)
	at org.eclipse.core.runtime.SafeRunner.run(SafeRunner.java:47)
	at org.eclipse.debug.internal.core.LaunchManager$ConfigurationNotifier.notify(LaunchManager.java:203)
	at org.eclipse.debug.internal.core.LaunchConfigurationWorkingCopy.setDirty(LaunchConfigurationWorkingCopy.java:527)
	at org.eclipse.debug.internal.core.LaunchConfigurationWorkingCopy.setAttribute(LaunchConfigurationWorkingCopy.java:415)
	at org.eclipse.m2e.jdt.internal.launch.MavenRuntimeClasspathProvider.disable(MavenRuntimeClasspathProvider.java:410)
	at org.eclipse.m2e.jdt.internal.launch.MavenRuntimeClasspathProvider.disable(MavenRuntimeClasspathProvider.java:435)
	at org.eclipse.m2e.jdt.internal.launch.MavenLaunchConfigurationListener.mavenProjectChanged(MavenLaunchConfigurationListener.java:137)
	at org.eclipse.m2e.core.internal.project.registry.ProjectRegistryManager.notifyProjectChangeListeners(ProjectRegistryManager.java:892)
	at org.eclipse.m2e.core.internal.project.registry.ProjectRegistryManager.applyMutableProjectRegistry(ProjectRegistryManager.java:1042)
	at org.eclipse.m2e.core.internal.project.registry.ProjectRegistryRefreshJob.lambda$0(ProjectRegistryRefreshJob.java:162)
	at org.eclipse.m2e.core.internal.embedder.MavenExecutionContext.executeBare(MavenExecutionContext.java:458)
	at org.eclipse.m2e.core.internal.embedder.MavenExecutionContext.execute(MavenExecutionContext.java:339)
	at org.eclipse.m2e.core.internal.embedder.MavenExecutionContext.execute(MavenExecutionContext.java:278)
	at org.eclipse.m2e.core.internal.project.registry.ProjectRegistryRefreshJob.run(ProjectRegistryRefreshJob.java:106)
	at org.eclipse.core.internal.jobs.Worker.run(Worker.java:63)
2024-12-05 15:47:26,373 [Worker-9: Updating Maven Dependencies] ERROR o.e.m.j.i.l.MavenLaunchConfigurationListener - Launch configuration uo.ri.cws references non-existing project cws_services_jpa.
org.eclipse.core.runtime.CoreException: Launch configuration uo.ri.cws references non-existing project cws_services_jpa.
	at org.eclipse.jdt.launching.JavaRuntime.abort(JavaRuntime.java:1870)
	at org.eclipse.jdt.launching.JavaRuntime.getJavaProject(JavaRuntime.java:1747)
	at org.eclipse.m2e.jdt.internal.launch.MavenLaunchConfigurationListener.updateLaunchConfiguration(MavenLaunchConfigurationListener.java:66)
	at org.eclipse.m2e.jdt.internal.launch.MavenLaunchConfigurationListener.launchConfigurationChanged(MavenLaunchConfigurationListener.java:52)
	at org.eclipse.debug.internal.core.LaunchManager$ConfigurationNotifier.run(LaunchManager.java:219)
	at org.eclipse.core.runtime.SafeRunner.run(SafeRunner.java:47)
	at org.eclipse.debug.internal.core.LaunchManager$ConfigurationNotifier.notify(LaunchManager.java:203)
	at org.eclipse.debug.internal.core.LaunchManager.launchConfigurationChanged(LaunchManager.java:1960)
	at org.eclipse.debug.internal.core.LaunchConfigurationWorkingCopy.writeNewFile(LaunchConfigurationWorkingCopy.java:380)
	at org.eclipse.debug.internal.core.LaunchConfigurationWorkingCopy.doSave0(LaunchConfigurationWorkingCopy.java:259)
	at org.eclipse.debug.internal.core.LaunchConfigurationWorkingCopy.doSave(LaunchConfigurationWorkingCopy.java:229)
	at org.eclipse.debug.internal.core.LaunchConfigurationWorkingCopy.doSave(LaunchConfigurationWorkingCopy.java:187)
	at org.eclipse.m2e.jdt.internal.launch.MavenRuntimeClasspathProvider.disable(MavenRuntimeClasspathProvider.java:411)
	at org.eclipse.m2e.jdt.internal.launch.MavenRuntimeClasspathProvider.disable(MavenRuntimeClasspathProvider.java:435)
	at org.eclipse.m2e.jdt.internal.launch.MavenLaunchConfigurationListener.mavenProjectChanged(MavenLaunchConfigurationListener.java:137)
	at org.eclipse.m2e.core.internal.project.registry.ProjectRegistryManager.notifyProjectChangeListeners(ProjectRegistryManager.java:892)
	at org.eclipse.m2e.core.internal.project.registry.ProjectRegistryManager.applyMutableProjectRegistry(ProjectRegistryManager.java:1042)
	at org.eclipse.m2e.core.internal.project.registry.ProjectRegistryRefreshJob.lambda$0(ProjectRegistryRefreshJob.java:162)
	at org.eclipse.m2e.core.internal.embedder.MavenExecutionContext.executeBare(MavenExecutionContext.java:458)
	at org.eclipse.m2e.core.internal.embedder.MavenExecutionContext.execute(MavenExecutionContext.java:339)
	at org.eclipse.m2e.core.internal.embedder.MavenExecutionContext.execute(MavenExecutionContext.java:278)
	at org.eclipse.m2e.core.internal.project.registry.ProjectRegistryRefreshJob.run(ProjectRegistryRefreshJob.java:106)
	at org.eclipse.core.internal.jobs.Worker.run(Worker.java:63)
2024-12-05 15:47:26,378 [Worker-9: Updating Maven Dependencies] ERROR o.e.m.j.i.l.MavenLaunchConfigurationListener - Launch configuration uo.ri.cws.persistence references non-existing project cws_services_jpa.
org.eclipse.core.runtime.CoreException: Launch configuration uo.ri.cws.persistence references non-existing project cws_services_jpa.
	at org.eclipse.jdt.launching.JavaRuntime.abort(JavaRuntime.java:1870)
	at org.eclipse.jdt.launching.JavaRuntime.getJavaProject(JavaRuntime.java:1747)
	at org.eclipse.m2e.jdt.internal.launch.MavenLaunchConfigurationListener.updateLaunchConfiguration(MavenLaunchConfigurationListener.java:66)
	at org.eclipse.m2e.jdt.internal.launch.MavenLaunchConfigurationListener.launchConfigurationChanged(MavenLaunchConfigurationListener.java:52)
	at org.eclipse.debug.internal.core.LaunchManager$ConfigurationNotifier.run(LaunchManager.java:219)
	at org.eclipse.core.runtime.SafeRunner.run(SafeRunner.java:47)
	at org.eclipse.debug.internal.core.LaunchManager$ConfigurationNotifier.notify(LaunchManager.java:203)
	at org.eclipse.debug.internal.core.LaunchConfigurationWorkingCopy.setDirty(LaunchConfigurationWorkingCopy.java:527)
	at org.eclipse.debug.internal.core.LaunchConfigurationWorkingCopy.setAttribute(LaunchConfigurationWorkingCopy.java:415)
	at org.eclipse.m2e.jdt.internal.launch.MavenRuntimeClasspathProvider.disable(MavenRuntimeClasspathProvider.java:409)
	at org.eclipse.m2e.jdt.internal.launch.MavenRuntimeClasspathProvider.disable(MavenRuntimeClasspathProvider.java:435)
	at org.eclipse.m2e.jdt.internal.launch.MavenLaunchConfigurationListener.mavenProjectChanged(MavenLaunchConfigurationListener.java:137)
	at org.eclipse.m2e.core.internal.project.registry.ProjectRegistryManager.notifyProjectChangeListeners(ProjectRegistryManager.java:892)
	at org.eclipse.m2e.core.internal.project.registry.ProjectRegistryManager.applyMutableProjectRegistry(ProjectRegistryManager.java:1042)
	at org.eclipse.m2e.core.internal.project.registry.ProjectRegistryRefreshJob.lambda$0(ProjectRegistryRefreshJob.java:162)
	at org.eclipse.m2e.core.internal.embedder.MavenExecutionContext.executeBare(MavenExecutionContext.java:458)
	at org.eclipse.m2e.core.internal.embedder.MavenExecutionContext.execute(MavenExecutionContext.java:339)
	at org.eclipse.m2e.core.internal.embedder.MavenExecutionContext.execute(MavenExecutionContext.java:278)
	at org.eclipse.m2e.core.internal.project.registry.ProjectRegistryRefreshJob.run(ProjectRegistryRefreshJob.java:106)
	at org.eclipse.core.internal.jobs.Worker.run(Worker.java:63)
2024-12-05 15:47:26,381 [Worker-9: Updating Maven Dependencies] ERROR o.e.m.j.i.l.MavenLaunchConfigurationListener - Launch configuration uo.ri.cws.persistence references non-existing project cws_services_jpa.
org.eclipse.core.runtime.CoreException: Launch configuration uo.ri.cws.persistence references non-existing project cws_services_jpa.
	at org.eclipse.jdt.launching.JavaRuntime.abort(JavaRuntime.java:1870)
	at org.eclipse.jdt.launching.JavaRuntime.getJavaProject(JavaRuntime.java:1747)
	at org.eclipse.m2e.jdt.internal.launch.MavenLaunchConfigurationListener.updateLaunchConfiguration(MavenLaunchConfigurationListener.java:66)
	at org.eclipse.m2e.jdt.internal.launch.MavenLaunchConfigurationListener.launchConfigurationChanged(MavenLaunchConfigurationListener.java:52)
	at org.eclipse.debug.internal.core.LaunchManager$ConfigurationNotifier.run(LaunchManager.java:219)
	at org.eclipse.core.runtime.SafeRunner.run(SafeRunner.java:47)
	at org.eclipse.debug.internal.core.LaunchManager$ConfigurationNotifier.notify(LaunchManager.java:203)
	at org.eclipse.debug.internal.core.LaunchConfigurationWorkingCopy.setDirty(LaunchConfigurationWorkingCopy.java:527)
	at org.eclipse.debug.internal.core.LaunchConfigurationWorkingCopy.setAttribute(LaunchConfigurationWorkingCopy.java:415)
	at org.eclipse.m2e.jdt.internal.launch.MavenRuntimeClasspathProvider.disable(MavenRuntimeClasspathProvider.java:410)
	at org.eclipse.m2e.jdt.internal.launch.MavenRuntimeClasspathProvider.disable(MavenRuntimeClasspathProvider.java:435)
	at org.eclipse.m2e.jdt.internal.launch.MavenLaunchConfigurationListener.mavenProjectChanged(MavenLaunchConfigurationListener.java:137)
	at org.eclipse.m2e.core.internal.project.registry.ProjectRegistryManager.notifyProjectChangeListeners(ProjectRegistryManager.java:892)
	at org.eclipse.m2e.core.internal.project.registry.ProjectRegistryManager.applyMutableProjectRegistry(ProjectRegistryManager.java:1042)
	at org.eclipse.m2e.core.internal.project.registry.ProjectRegistryRefreshJob.lambda$0(ProjectRegistryRefreshJob.java:162)
	at org.eclipse.m2e.core.internal.embedder.MavenExecutionContext.executeBare(MavenExecutionContext.java:458)
	at org.eclipse.m2e.core.internal.embedder.MavenExecutionContext.execute(MavenExecutionContext.java:339)
	at org.eclipse.m2e.core.internal.embedder.MavenExecutionContext.execute(MavenExecutionContext.java:278)
	at org.eclipse.m2e.core.internal.project.registry.ProjectRegistryRefreshJob.run(ProjectRegistryRefreshJob.java:106)
	at org.eclipse.core.internal.jobs.Worker.run(Worker.java:63)
2024-12-05 15:47:26,391 [Worker-9: Updating Maven Dependencies] ERROR o.e.m.j.i.l.MavenLaunchConfigurationListener - Launch configuration uo.ri.cws.persistence references non-existing project cws_services_jpa.
org.eclipse.core.runtime.CoreException: Launch configuration uo.ri.cws.persistence references non-existing project cws_services_jpa.
	at org.eclipse.jdt.launching.JavaRuntime.abort(JavaRuntime.java:1870)
	at org.eclipse.jdt.launching.JavaRuntime.getJavaProject(JavaRuntime.java:1747)
	at org.eclipse.m2e.jdt.internal.launch.MavenLaunchConfigurationListener.updateLaunchConfiguration(MavenLaunchConfigurationListener.java:66)
	at org.eclipse.m2e.jdt.internal.launch.MavenLaunchConfigurationListener.launchConfigurationChanged(MavenLaunchConfigurationListener.java:52)
	at org.eclipse.debug.internal.core.LaunchManager$ConfigurationNotifier.run(LaunchManager.java:219)
	at org.eclipse.core.runtime.SafeRunner.run(SafeRunner.java:47)
	at org.eclipse.debug.internal.core.LaunchManager$ConfigurationNotifier.notify(LaunchManager.java:203)
	at org.eclipse.debug.internal.core.LaunchManager.launchConfigurationChanged(LaunchManager.java:1960)
	at org.eclipse.debug.internal.core.LaunchConfigurationWorkingCopy.writeNewFile(LaunchConfigurationWorkingCopy.java:380)
	at org.eclipse.debug.internal.core.LaunchConfigurationWorkingCopy.doSave0(LaunchConfigurationWorkingCopy.java:259)
	at org.eclipse.debug.internal.core.LaunchConfigurationWorkingCopy.doSave(LaunchConfigurationWorkingCopy.java:229)
	at org.eclipse.debug.internal.core.LaunchConfigurationWorkingCopy.doSave(LaunchConfigurationWorkingCopy.java:187)
	at org.eclipse.m2e.jdt.internal.launch.MavenRuntimeClasspathProvider.disable(MavenRuntimeClasspathProvider.java:411)
	at org.eclipse.m2e.jdt.internal.launch.MavenRuntimeClasspathProvider.disable(MavenRuntimeClasspathProvider.java:435)
	at org.eclipse.m2e.jdt.internal.launch.MavenLaunchConfigurationListener.mavenProjectChanged(MavenLaunchConfigurationListener.java:137)
	at org.eclipse.m2e.core.internal.project.registry.ProjectRegistryManager.notifyProjectChangeListeners(ProjectRegistryManager.java:892)
	at org.eclipse.m2e.core.internal.project.registry.ProjectRegistryManager.applyMutableProjectRegistry(ProjectRegistryManager.java:1042)
	at org.eclipse.m2e.core.internal.project.registry.ProjectRegistryRefreshJob.lambda$0(ProjectRegistryRefreshJob.java:162)
	at org.eclipse.m2e.core.internal.embedder.MavenExecutionContext.executeBare(MavenExecutionContext.java:458)
	at org.eclipse.m2e.core.internal.embedder.MavenExecutionContext.execute(MavenExecutionContext.java:339)
	at org.eclipse.m2e.core.internal.embedder.MavenExecutionContext.execute(MavenExecutionContext.java:278)
	at org.eclipse.m2e.core.internal.project.registry.ProjectRegistryRefreshJob.run(ProjectRegistryRefreshJob.java:106)
	at org.eclipse.core.internal.jobs.Worker.run(Worker.java:63)
2024-12-05 15:47:26,395 [Worker-9: Updating Maven Dependencies] ERROR o.e.m.j.i.l.MavenLaunchConfigurationListener - Launch configuration WorkOrderTests references non-existing project cws_services_jpa.
org.eclipse.core.runtime.CoreException: Launch configuration WorkOrderTests references non-existing project cws_services_jpa.
	at org.eclipse.jdt.launching.JavaRuntime.abort(JavaRuntime.java:1870)
	at org.eclipse.jdt.launching.JavaRuntime.getJavaProject(JavaRuntime.java:1747)
	at org.eclipse.m2e.jdt.internal.launch.MavenLaunchConfigurationListener.updateLaunchConfiguration(MavenLaunchConfigurationListener.java:66)
	at org.eclipse.m2e.jdt.internal.launch.MavenLaunchConfigurationListener.launchConfigurationChanged(MavenLaunchConfigurationListener.java:52)
	at org.eclipse.debug.internal.core.LaunchManager$ConfigurationNotifier.run(LaunchManager.java:219)
	at org.eclipse.core.runtime.SafeRunner.run(SafeRunner.java:47)
	at org.eclipse.debug.internal.core.LaunchManager$ConfigurationNotifier.notify(LaunchManager.java:203)
	at org.eclipse.debug.internal.core.LaunchConfigurationWorkingCopy.setDirty(LaunchConfigurationWorkingCopy.java:527)
	at org.eclipse.debug.internal.core.LaunchConfigurationWorkingCopy.setAttribute(LaunchConfigurationWorkingCopy.java:415)
	at org.eclipse.m2e.jdt.internal.launch.MavenRuntimeClasspathProvider.disable(MavenRuntimeClasspathProvider.java:409)
	at org.eclipse.m2e.jdt.internal.launch.MavenRuntimeClasspathProvider.disable(MavenRuntimeClasspathProvider.java:435)
	at org.eclipse.m2e.jdt.internal.launch.MavenLaunchConfigurationListener.mavenProjectChanged(MavenLaunchConfigurationListener.java:137)
	at org.eclipse.m2e.core.internal.project.registry.ProjectRegistryManager.notifyProjectChangeListeners(ProjectRegistryManager.java:892)
	at org.eclipse.m2e.core.internal.project.registry.ProjectRegistryManager.applyMutableProjectRegistry(ProjectRegistryManager.java:1042)
	at org.eclipse.m2e.core.internal.project.registry.ProjectRegistryRefreshJob.lambda$0(ProjectRegistryRefreshJob.java:162)
	at org.eclipse.m2e.core.internal.embedder.MavenExecutionContext.executeBare(MavenExecutionContext.java:458)
	at org.eclipse.m2e.core.internal.embedder.MavenExecutionContext.execute(MavenExecutionContext.java:339)
	at org.eclipse.m2e.core.internal.embedder.MavenExecutionContext.execute(MavenExecutionContext.java:278)
	at org.eclipse.m2e.core.internal.project.registry.ProjectRegistryRefreshJob.run(ProjectRegistryRefreshJob.java:106)
	at org.eclipse.core.internal.jobs.Worker.run(Worker.java:63)
2024-12-05 15:47:26,399 [Worker-9: Updating Maven Dependencies] ERROR o.e.m.j.i.l.MavenLaunchConfigurationListener - Launch configuration WorkOrderTests references non-existing project cws_services_jpa.
org.eclipse.core.runtime.CoreException: Launch configuration WorkOrderTests references non-existing project cws_services_jpa.
	at org.eclipse.jdt.launching.JavaRuntime.abort(JavaRuntime.java:1870)
	at org.eclipse.jdt.launching.JavaRuntime.getJavaProject(JavaRuntime.java:1747)
	at org.eclipse.m2e.jdt.internal.launch.MavenLaunchConfigurationListener.updateLaunchConfiguration(MavenLaunchConfigurationListener.java:66)
	at org.eclipse.m2e.jdt.internal.launch.MavenLaunchConfigurationListener.launchConfigurationChanged(MavenLaunchConfigurationListener.java:52)
	at org.eclipse.debug.internal.core.LaunchManager$ConfigurationNotifier.run(LaunchManager.java:219)
	at org.eclipse.core.runtime.SafeRunner.run(SafeRunner.java:47)
	at org.eclipse.debug.internal.core.LaunchManager$ConfigurationNotifier.notify(LaunchManager.java:203)
	at org.eclipse.debug.internal.core.LaunchConfigurationWorkingCopy.setDirty(LaunchConfigurationWorkingCopy.java:527)
	at org.eclipse.debug.internal.core.LaunchConfigurationWorkingCopy.setAttribute(LaunchConfigurationWorkingCopy.java:415)
	at org.eclipse.m2e.jdt.internal.launch.MavenRuntimeClasspathProvider.disable(MavenRuntimeClasspathProvider.java:410)
	at org.eclipse.m2e.jdt.internal.launch.MavenRuntimeClasspathProvider.disable(MavenRuntimeClasspathProvider.java:435)
	at org.eclipse.m2e.jdt.internal.launch.MavenLaunchConfigurationListener.mavenProjectChanged(MavenLaunchConfigurationListener.java:137)
	at org.eclipse.m2e.core.internal.project.registry.ProjectRegistryManager.notifyProjectChangeListeners(ProjectRegistryManager.java:892)
	at org.eclipse.m2e.core.internal.project.registry.ProjectRegistryManager.applyMutableProjectRegistry(ProjectRegistryManager.java:1042)
	at org.eclipse.m2e.core.internal.project.registry.ProjectRegistryRefreshJob.lambda$0(ProjectRegistryRefreshJob.java:162)
	at org.eclipse.m2e.core.internal.embedder.MavenExecutionContext.executeBare(MavenExecutionContext.java:458)
	at org.eclipse.m2e.core.internal.embedder.MavenExecutionContext.execute(MavenExecutionContext.java:339)
	at org.eclipse.m2e.core.internal.embedder.MavenExecutionContext.execute(MavenExecutionContext.java:278)
	at org.eclipse.m2e.core.internal.project.registry.ProjectRegistryRefreshJob.run(ProjectRegistryRefreshJob.java:106)
	at org.eclipse.core.internal.jobs.Worker.run(Worker.java:63)
2024-12-05 15:47:26,409 [Worker-9: Updating Maven Dependencies] ERROR o.e.m.j.i.l.MavenLaunchConfigurationListener - Launch configuration WorkOrderTests references non-existing project cws_services_jpa.
org.eclipse.core.runtime.CoreException: Launch configuration WorkOrderTests references non-existing project cws_services_jpa.
	at org.eclipse.jdt.launching.JavaRuntime.abort(JavaRuntime.java:1870)
	at org.eclipse.jdt.launching.JavaRuntime.getJavaProject(JavaRuntime.java:1747)
	at org.eclipse.m2e.jdt.internal.launch.MavenLaunchConfigurationListener.updateLaunchConfiguration(MavenLaunchConfigurationListener.java:66)
	at org.eclipse.m2e.jdt.internal.launch.MavenLaunchConfigurationListener.launchConfigurationChanged(MavenLaunchConfigurationListener.java:52)
	at org.eclipse.debug.internal.core.LaunchManager$ConfigurationNotifier.run(LaunchManager.java:219)
	at org.eclipse.core.runtime.SafeRunner.run(SafeRunner.java:47)
	at org.eclipse.debug.internal.core.LaunchManager$ConfigurationNotifier.notify(LaunchManager.java:203)
	at org.eclipse.debug.internal.core.LaunchManager.launchConfigurationChanged(LaunchManager.java:1960)
	at org.eclipse.debug.internal.core.LaunchConfigurationWorkingCopy.writeNewFile(LaunchConfigurationWorkingCopy.java:380)
	at org.eclipse.debug.internal.core.LaunchConfigurationWorkingCopy.doSave0(LaunchConfigurationWorkingCopy.java:259)
	at org.eclipse.debug.internal.core.LaunchConfigurationWorkingCopy.doSave(LaunchConfigurationWorkingCopy.java:229)
	at org.eclipse.debug.internal.core.LaunchConfigurationWorkingCopy.doSave(LaunchConfigurationWorkingCopy.java:187)
	at org.eclipse.m2e.jdt.internal.launch.MavenRuntimeClasspathProvider.disable(MavenRuntimeClasspathProvider.java:411)
	at org.eclipse.m2e.jdt.internal.launch.MavenRuntimeClasspathProvider.disable(MavenRuntimeClasspathProvider.java:435)
	at org.eclipse.m2e.jdt.internal.launch.MavenLaunchConfigurationListener.mavenProjectChanged(MavenLaunchConfigurationListener.java:137)
	at org.eclipse.m2e.core.internal.project.registry.ProjectRegistryManager.notifyProjectChangeListeners(ProjectRegistryManager.java:892)
	at org.eclipse.m2e.core.internal.project.registry.ProjectRegistryManager.applyMutableProjectRegistry(ProjectRegistryManager.java:1042)
	at org.eclipse.m2e.core.internal.project.registry.ProjectRegistryRefreshJob.lambda$0(ProjectRegistryRefreshJob.java:162)
	at org.eclipse.m2e.core.internal.embedder.MavenExecutionContext.executeBare(MavenExecutionContext.java:458)
	at org.eclipse.m2e.core.internal.embedder.MavenExecutionContext.execute(MavenExecutionContext.java:339)
	at org.eclipse.m2e.core.internal.embedder.MavenExecutionContext.execute(MavenExecutionContext.java:278)
	at org.eclipse.m2e.core.internal.project.registry.ProjectRegistryRefreshJob.run(ProjectRegistryRefreshJob.java:106)
	at org.eclipse.core.internal.jobs.Worker.run(Worker.java:63)
2024-12-05 15:47:26,505 [Worker-0: Building] INFO  o.a.m.s.f.DefaultMavenResourcesFiltering - Copying 0 resource from src to bin
2024-12-05 15:47:26,511 [Worker-0: Building] INFO  o.a.m.s.f.DefaultMavenResourcesFiltering - skip non existing resourceDirectory C:\Users\Usuario\OneDrive\Escritorio\RI_JPA\cws_client_mechanic\src\test\resources
2024-12-05 15:47:26,617 [Worker-0: Building] INFO  o.a.m.s.f.DefaultMavenResourcesFiltering - Copying 0 resource from src to bin
2024-12-05 15:47:26,628 [Worker-0: Building] INFO  o.a.m.s.f.DefaultMavenResourcesFiltering - skip non existing resourceDirectory C:\Users\Usuario\OneDrive\Escritorio\RI_JPA\cws_client_manager\src\test\resources
2024-12-05 15:47:26,740 [Worker-0: Building] INFO  o.a.m.s.f.DefaultMavenResourcesFiltering - Copying 0 resource from src to bin
2024-12-05 15:47:26,763 [Worker-0: Building] INFO  o.a.m.s.f.DefaultMavenResourcesFiltering - skip non existing resourceDirectory C:\Users\Usuario\OneDrive\Escritorio\RI_JPA\cws_client_foreman\src\test\resources
2024-12-05 15:47:26,848 [Worker-0: Building] INFO  o.a.m.s.f.DefaultMavenResourcesFiltering - Copying 0 resource from src to bin
2024-12-05 15:47:26,853 [Worker-0: Building] INFO  o.a.m.s.f.DefaultMavenResourcesFiltering - skip non existing resourceDirectory C:\Users\Usuario\OneDrive\Escritorio\RI_JPA\cws_client_cashier\src\test\resources
2024-12-05 15:48:12,019 [Worker-12: Building] INFO  o.e.m.c.i.l.LifecycleMappingFactory - Using org.eclipse.m2e.jdt.JarLifecycleMapping lifecycle mapping for MavenProject: uo.ri:cws_services_jpa:0.0.1-SNAPSHOT @ C:\Users\Usuario\OneDrive\Escritorio\RI_JPA\cws_services_jpa\pom.xml.
2024-12-05 15:48:12,445 [Worker-12: Building] INFO  o.e.m.c.i.p.WorkspaceClassifierResolverManager - Resolving P/cws_util: uo.ri:cws_util:0.0.1-SNAPSHOT with classifier  to /cws_util/bin
2024-12-05 15:48:12,662 [Worker-12: Building] INFO  o.e.m.c.i.l.LifecycleMappingFactory - Using org.eclipse.m2e.jdt.JarLifecycleMapping lifecycle mapping for MavenProject: uo.ri:cws_client_mechanic:0.0.1-SNAPSHOT @ C:\Users\Usuario\OneDrive\Escritorio\RI_JPA\cws_client_mechanic\pom.xml.
2024-12-05 15:48:12,671 [Worker-12: Building] INFO  o.e.m.c.i.p.WorkspaceClassifierResolverManager - Resolving P/cws_services_jpa: uo.ri:cws_services_jpa:0.0.1-SNAPSHOT with classifier  to /cws_services_jpa/bin
2024-12-05 15:48:12,672 [Worker-12: Building] INFO  o.e.m.c.i.p.WorkspaceClassifierResolverManager - Resolving P/cws_util: uo.ri:cws_util:0.0.1-SNAPSHOT with classifier  to /cws_util/bin
2024-12-05 15:48:12,845 [Worker-12: Building] INFO  o.e.m.c.i.l.LifecycleMappingFactory - Using org.eclipse.m2e.jdt.JarLifecycleMapping lifecycle mapping for MavenProject: uo.ri:cws_client_foreman:0.0.1-SNAPSHOT @ C:\Users\Usuario\OneDrive\Escritorio\RI_JPA\cws_client_foreman\pom.xml.
2024-12-05 15:48:12,852 [Worker-12: Building] INFO  o.e.m.c.i.p.WorkspaceClassifierResolverManager - Resolving P/cws_services_jpa: uo.ri:cws_services_jpa:0.0.1-SNAPSHOT with classifier  to /cws_services_jpa/bin
2024-12-05 15:48:12,852 [Worker-12: Building] INFO  o.e.m.c.i.p.WorkspaceClassifierResolverManager - Resolving P/cws_util: uo.ri:cws_util:0.0.1-SNAPSHOT with classifier  to /cws_util/bin
2024-12-05 15:48:13,021 [Worker-12: Building] INFO  o.e.m.c.i.l.LifecycleMappingFactory - Using org.eclipse.m2e.jdt.JarLifecycleMapping lifecycle mapping for MavenProject: uo.ri:cws_client_cashier:0.0.1-SNAPSHOT @ C:\Users\Usuario\OneDrive\Escritorio\RI_JPA\cws_client_cashier\pom.xml.
2024-12-05 15:48:13,033 [Worker-12: Building] INFO  o.e.m.c.i.p.WorkspaceClassifierResolverManager - Resolving P/cws_services_jpa: uo.ri:cws_services_jpa:0.0.1-SNAPSHOT with classifier  to /cws_services_jpa/bin
2024-12-05 15:48:13,033 [Worker-12: Building] INFO  o.e.m.c.i.p.WorkspaceClassifierResolverManager - Resolving P/cws_util: uo.ri:cws_util:0.0.1-SNAPSHOT with classifier  to /cws_util/bin
2024-12-05 15:48:13,191 [Worker-12: Building] INFO  o.e.m.c.i.l.LifecycleMappingFactory - Using org.eclipse.m2e.jdt.JarLifecycleMapping lifecycle mapping for MavenProject: uo.ri:cws_client_manager:0.0.1-SNAPSHOT @ C:\Users\Usuario\OneDrive\Escritorio\RI_JPA\cws_client_manager\pom.xml.
2024-12-05 15:48:13,195 [Worker-12: Building] INFO  o.e.m.c.i.p.WorkspaceClassifierResolverManager - Resolving P/cws_services_jpa: uo.ri:cws_services_jpa:0.0.1-SNAPSHOT with classifier  to /cws_services_jpa/bin
2024-12-05 15:48:13,196 [Worker-12: Building] INFO  o.e.m.c.i.p.WorkspaceClassifierResolverManager - Resolving P/cws_util: uo.ri:cws_util:0.0.1-SNAPSHOT with classifier  to /cws_util/bin
2024-12-05 15:48:14,321 [Worker-12: Building] INFO  o.a.m.s.f.DefaultMavenResourcesFiltering - Copying 2 resources from src to bin
2024-12-05 15:48:14,342 [Worker-12: Building] INFO  o.a.m.s.f.DefaultMavenResourcesFiltering - skip non existing resourceDirectory C:\Users\Usuario\OneDrive\Escritorio\RI_JPA\cws_services_jpa\src\test\resources
2024-12-05 15:48:16,821 [Worker-13: Building] INFO  o.a.m.s.f.DefaultMavenResourcesFiltering - Copying 2 resources from src to bin
2024-12-05 15:48:16,833 [Worker-13: Building] INFO  o.a.m.s.f.DefaultMavenResourcesFiltering - skip non existing resourceDirectory C:\Users\Usuario\OneDrive\Escritorio\RI_JPA\cws_services_jpa\src\test\resources
2024-12-05 15:48:17,143 [Worker-13: Building] INFO  o.a.m.s.f.DefaultMavenResourcesFiltering - Copying 0 resource from src to bin
2024-12-05 15:48:17,150 [Worker-13: Building] INFO  o.a.m.s.f.DefaultMavenResourcesFiltering - skip non existing resourceDirectory C:\Users\Usuario\OneDrive\Escritorio\RI_JPA\cws_client_mechanic\src\test\resources
2024-12-05 15:48:17,363 [Worker-13: Building] INFO  o.a.m.s.f.DefaultMavenResourcesFiltering - Copying 0 resource from src to bin
2024-12-05 15:48:17,370 [Worker-13: Building] INFO  o.a.m.s.f.DefaultMavenResourcesFiltering - skip non existing resourceDirectory C:\Users\Usuario\OneDrive\Escritorio\RI_JPA\cws_client_manager\src\test\resources
2024-12-05 15:48:17,532 [Worker-13: Building] INFO  o.a.m.s.f.DefaultMavenResourcesFiltering - Copying 0 resource from src to bin
2024-12-05 15:48:17,539 [Worker-13: Building] INFO  o.a.m.s.f.DefaultMavenResourcesFiltering - skip non existing resourceDirectory C:\Users\Usuario\OneDrive\Escritorio\RI_JPA\cws_client_foreman\src\test\resources
2024-12-05 15:48:17,802 [Worker-13: Building] INFO  o.a.m.s.f.DefaultMavenResourcesFiltering - Copying 0 resource from src to bin
2024-12-05 15:48:17,808 [Worker-13: Building] INFO  o.a.m.s.f.DefaultMavenResourcesFiltering - skip non existing resourceDirectory C:\Users\Usuario\OneDrive\Escritorio\RI_JPA\cws_client_cashier\src\test\resources
2024-12-05 15:50:25,812 [Worker-17: Building] INFO  o.e.m.c.i.l.LifecycleMappingFactory - Using org.eclipse.m2e.jdt.JarLifecycleMapping lifecycle mapping for MavenProject: uo.ri:cws_spareparts_aceptance_tests:0.0.1-SNAPSHOT @ C:\Users\Usuario\Downloads\ri.jpa.cws.2024.extension.skeleton\cws_2024\cws_spareparts_aceptance_tests\pom.xml.
2024-12-05 15:50:26,679 [Worker-17: Building] INFO  o.e.m.c.i.e.AbstractTransferListenerAdapter - Downloading https://repo.maven.apache.org/maven2/io/cucumber/messages/maven-metadata.xml
2024-12-05 15:50:26,712 [Worker-17: Building] INFO  o.e.m.c.i.e.AbstractTransferListenerAdapter - Downloaded https://repo.maven.apache.org/maven2/io/cucumber/messages/maven-metadata.xml
2024-12-05 15:50:27,062 [Worker-17: Building] INFO  o.e.m.c.i.e.AbstractTransferListenerAdapter - Downloading https://repo.maven.apache.org/maven2/io/cucumber/query/maven-metadata.xml
2024-12-05 15:50:27,077 [Worker-17: Building] INFO  o.e.m.c.i.e.AbstractTransferListenerAdapter - Downloaded https://repo.maven.apache.org/maven2/io/cucumber/query/maven-metadata.xml
2024-12-05 15:50:27,776 [Worker-17: Building] INFO  o.e.m.c.i.p.WorkspaceClassifierResolverManager - Resolving P/cws_services_jpa: uo.ri:cws_services_jpa:0.0.1-SNAPSHOT with classifier  to /cws_services_jpa/bin
2024-12-05 15:50:27,777 [Worker-17: Building] INFO  o.e.m.c.i.p.WorkspaceClassifierResolverManager - Resolving P/cws_util: uo.ri:cws_util:0.0.1-SNAPSHOT with classifier  to /cws_util/bin
2024-12-05 15:50:28,167 [Worker-17: Building] INFO  o.a.m.s.f.DefaultMavenResourcesFiltering - Copying 0 resource from src to bin
2024-12-05 15:50:28,176 [Worker-17: Building] INFO  o.a.m.s.f.DefaultMavenResourcesFiltering - Copying 32 resources from test to target\test-classes
2024-12-05 15:50:44,721 [main] INFO  o.e.m.jdt.internal.UnitTestSupport - Updating RunCucumberTests_0 from maven configuration
2024-12-05 15:50:50,265 [Worker-21: Building] INFO  o.a.m.s.f.DefaultMavenResourcesFiltering - Copying 0 resource from src to bin
2024-12-05 15:50:50,273 [Worker-21: Building] INFO  o.a.m.s.f.DefaultMavenResourcesFiltering - Copying 32 resources from test to target\test-classes
2024-12-05 15:50:50,838 [Worker-8: Launching RunCucumberTests_0] INFO  o.a.m.s.f.DefaultMavenResourcesFiltering - Copying 0 resource from src to bin
2024-12-05 15:50:50,870 [Worker-8: Launching RunCucumberTests_0] INFO  o.a.m.s.f.DefaultMavenResourcesFiltering - Copying 0 resource from test to target\test-classes
2024-12-05 15:50:51,222 [Worker-8: Launching RunCucumberTests_0] INFO  o.e.m.c.i.p.WorkspaceClassifierResolverManager - Resolving P/cws_services_jpa: uo.ri:cws_services_jpa:0.0.1-SNAPSHOT with classifier null to /cws_services_jpa/bin
2024-12-05 15:50:51,225 [Worker-8: Launching RunCucumberTests_0] INFO  o.e.m.c.i.p.WorkspaceClassifierResolverManager - Resolving P/cws_util: uo.ri:cws_util:0.0.1-SNAPSHOT with classifier null to /cws_util/bin
2024-12-05 15:50:51,536 [Worker-8: Launching RunCucumberTests_0] INFO  o.e.m.c.i.p.WorkspaceClassifierResolverManager - Resolving P/cws_services_jpa: uo.ri:cws_services_jpa:0.0.1-SNAPSHOT with classifier null to /cws_services_jpa/bin
2024-12-05 15:50:51,537 [Worker-8: Launching RunCucumberTests_0] INFO  o.e.m.c.i.p.WorkspaceClassifierResolverManager - Resolving P/cws_util: uo.ri:cws_util:0.0.1-SNAPSHOT with classifier null to /cws_util/bin
2024-12-05 15:50:51,834 [Worker-17: Building] INFO  o.a.m.s.f.DefaultMavenResourcesFiltering - Copying 0 resource from src to bin
2024-12-05 15:50:51,871 [Worker-17: Building] INFO  o.a.m.s.f.DefaultMavenResourcesFiltering - Copying 0 resource from test to target\test-classes
2024-12-05 15:52:08,479 [Worker-25: Building] INFO  o.a.m.s.f.DefaultMavenResourcesFiltering - Copying 0 resource from src to bin
2024-12-05 15:52:08,502 [Worker-25: Building] INFO  o.a.m.s.f.DefaultMavenResourcesFiltering - Copying 0 resource from test to target\test-classes
2024-12-05 15:52:10,453 [Worker-23: Building] INFO  o.a.m.s.f.DefaultMavenResourcesFiltering - Copying 0 resource from src to bin
2024-12-05 15:52:10,503 [Worker-23: Building] INFO  o.a.m.s.f.DefaultMavenResourcesFiltering - Copying 0 resource from test to target\test-classes
2024-12-05 15:52:12,325 [Worker-17: Building] INFO  o.a.m.s.f.DefaultMavenResourcesFiltering - Copying 0 resource from src to bin
2024-12-05 15:52:12,370 [Worker-17: Building] INFO  o.a.m.s.f.DefaultMavenResourcesFiltering - Copying 0 resource from test to target\test-classes
2024-12-05 15:52:15,497 [Worker-24: Building] INFO  o.a.m.s.f.DefaultMavenResourcesFiltering - Copying 0 resource from src to bin
2024-12-05 15:52:15,543 [Worker-24: Building] INFO  o.a.m.s.f.DefaultMavenResourcesFiltering - Copying 0 resource from test to target\test-classes
2024-12-05 15:52:16,666 [Worker-23: Building] INFO  o.a.m.s.f.DefaultMavenResourcesFiltering - Copying 0 resource from src to bin
2024-12-05 15:52:16,690 [Worker-23: Building] INFO  o.a.m.s.f.DefaultMavenResourcesFiltering - Copying 0 resource from test to target\test-classes
2024-12-05 15:52:20,126 [Worker-22: Building] INFO  o.a.m.s.f.DefaultMavenResourcesFiltering - Copying 0 resource from src to bin
2024-12-05 15:52:20,151 [Worker-22: Building] INFO  o.a.m.s.f.DefaultMavenResourcesFiltering - Copying 0 resource from test to target\test-classes
2024-12-05 15:52:22,048 [Worker-24: Building] INFO  o.a.m.s.f.DefaultMavenResourcesFiltering - Copying 0 resource from src to bin
2024-12-05 15:52:22,089 [Worker-24: Building] INFO  o.a.m.s.f.DefaultMavenResourcesFiltering - Copying 0 resource from test to target\test-classes
2024-12-05 15:55:19,952 [Worker-27: Building] INFO  o.a.m.s.f.DefaultMavenResourcesFiltering - Copying 0 resource from src to bin
2024-12-05 15:55:19,977 [Worker-27: Building] INFO  o.a.m.s.f.DefaultMavenResourcesFiltering - Copying 0 resource from test to target\test-classes
2024-12-05 15:55:34,739 [Worker-27: Launching uo.ri.cws] INFO  o.e.m.c.i.p.WorkspaceClassifierResolverManager - Resolving P/cws_util: uo.ri:cws_util:0.0.1-SNAPSHOT with classifier null to /cws_util/bin
2024-12-05 15:55:34,763 [Worker-21: Building] INFO  o.a.m.s.f.DefaultMavenResourcesFiltering - Copying 0 resource from src to bin
2024-12-05 15:55:34,791 [Worker-21: Building] INFO  o.a.m.s.f.DefaultMavenResourcesFiltering - Copying 0 resource from test to target\test-classes
2024-12-05 15:55:34,844 [Worker-27: Launching uo.ri.cws] INFO  o.e.m.c.i.p.WorkspaceClassifierResolverManager - Resolving P/cws_util: uo.ri:cws_util:0.0.1-SNAPSHOT with classifier null to /cws_util/bin
2024-12-05 15:56:31,478 [Worker-0: Building] INFO  o.a.m.s.f.DefaultMavenResourcesFiltering - Copying 0 resource from src to bin
2024-12-05 15:56:31,499 [Worker-0: Building] INFO  o.a.m.s.f.DefaultMavenResourcesFiltering - Copying 0 resource from test to target\test-classes
2024-12-05 15:56:32,630 [Worker-0: Building] INFO  o.a.m.s.f.DefaultMavenResourcesFiltering - Copying 0 resource from src to bin
2024-12-05 15:56:32,643 [Worker-0: Building] INFO  o.a.m.s.f.DefaultMavenResourcesFiltering - Copying 0 resource from test to target\test-classes
2024-12-05 15:56:33,686 [Worker-21: Building] INFO  o.a.m.s.f.DefaultMavenResourcesFiltering - Copying 0 resource from src to bin
2024-12-05 15:56:33,697 [Worker-21: Building] INFO  o.a.m.s.f.DefaultMavenResourcesFiltering - Copying 0 resource from test to target\test-classes
2024-12-05 15:56:35,081 [Worker-21: Launching uo.ri.cws] INFO  o.a.m.s.f.DefaultMavenResourcesFiltering - Copying 1 resource from src to bin
2024-12-05 15:56:35,089 [Worker-21: Launching uo.ri.cws] INFO  o.a.m.s.f.DefaultMavenResourcesFiltering - skip non existing resourceDirectory C:\Users\Usuario\OneDrive\Escritorio\RI_JPA\cws_services_jpa\src\test\resources
2024-12-05 15:56:35,233 [Worker-21: Launching uo.ri.cws] INFO  o.e.m.c.i.p.WorkspaceClassifierResolverManager - Resolving P/cws_util: uo.ri:cws_util:0.0.1-SNAPSHOT with classifier null to /cws_util/bin
2024-12-05 15:56:35,278 [Worker-21: Launching uo.ri.cws] INFO  o.e.m.c.i.p.WorkspaceClassifierResolverManager - Resolving P/cws_util: uo.ri:cws_util:0.0.1-SNAPSHOT with classifier null to /cws_util/bin
2024-12-05 15:56:35,319 [Worker-27: Building] INFO  o.a.m.s.f.DefaultMavenResourcesFiltering - Copying 0 resource from src to bin
2024-12-05 15:56:35,339 [Worker-27: Building] INFO  o.a.m.s.f.DefaultMavenResourcesFiltering - Copying 0 resource from test to target\test-classes
2024-12-05 15:56:36,480 [Worker-24: Building] INFO  o.a.m.s.f.DefaultMavenResourcesFiltering - Copying 0 resource from src to bin
2024-12-05 15:56:36,510 [Worker-24: Building] INFO  o.a.m.s.f.DefaultMavenResourcesFiltering - Copying 0 resource from test to target\test-classes
2024-12-05 15:56:44,933 [Worker-21: Launching LoadEntityManagerFactory] INFO  o.e.m.c.i.p.WorkspaceClassifierResolverManager - Resolving P/cws_util: uo.ri:cws_util:0.0.1-SNAPSHOT with classifier null to /cws_util/bin
2024-12-05 15:56:44,999 [Worker-21: Launching LoadEntityManagerFactory] INFO  o.e.m.c.i.p.WorkspaceClassifierResolverManager - Resolving P/cws_util: uo.ri:cws_util:0.0.1-SNAPSHOT with classifier null to /cws_util/bin
2024-12-05 15:56:45,030 [Worker-25: Building] INFO  o.a.m.s.f.DefaultMavenResourcesFiltering - Copying 0 resource from src to bin
2024-12-05 15:56:45,065 [Worker-21: Launching LoadEntityManagerFactory] INFO  o.e.m.c.i.p.WorkspaceClassifierResolverManager - Resolving P/cws_util: uo.ri:cws_util:0.0.1-SNAPSHOT with classifier null to /cws_util/bin
2024-12-05 15:56:45,070 [Worker-25: Building] INFO  o.a.m.s.f.DefaultMavenResourcesFiltering - Copying 0 resource from test to target\test-classes
2024-12-05 15:56:56,294 [Worker-17: Launching uo.ri.cws.persistence] INFO  o.e.m.c.i.p.WorkspaceClassifierResolverManager - Resolving P/cws_util: uo.ri:cws_util:0.0.1-SNAPSHOT with classifier null to /cws_util/bin
2024-12-05 15:56:56,368 [Worker-17: Launching uo.ri.cws.persistence] INFO  o.e.m.c.i.p.WorkspaceClassifierResolverManager - Resolving P/cws_util: uo.ri:cws_util:0.0.1-SNAPSHOT with classifier null to /cws_util/bin
2024-12-05 15:56:56,420 [Worker-27: Building] INFO  o.a.m.s.f.DefaultMavenResourcesFiltering - Copying 0 resource from src to bin
2024-12-05 15:56:56,451 [Worker-27: Building] INFO  o.a.m.s.f.DefaultMavenResourcesFiltering - Copying 0 resource from test to target\test-classes
2024-12-05 15:57:01,337 [Worker-25: Building] INFO  o.a.m.s.f.DefaultMavenResourcesFiltering - Copying 1 resource from src to bin
2024-12-05 15:57:01,346 [Worker-25: Building] INFO  o.a.m.s.f.DefaultMavenResourcesFiltering - skip non existing resourceDirectory C:\Users\Usuario\OneDrive\Escritorio\RI_JPA\cws_services_jpa\src\test\resources
2024-12-05 15:57:01,512 [Worker-25: Building] INFO  o.a.m.s.f.DefaultMavenResourcesFiltering - Copying 0 resource from src to bin
2024-12-05 15:57:01,542 [Worker-25: Building] INFO  o.a.m.s.f.DefaultMavenResourcesFiltering - Copying 0 resource from test to target\test-classes
2024-12-05 15:57:02,662 [Worker-23: Building] INFO  o.a.m.s.f.DefaultMavenResourcesFiltering - Copying 0 resource from src to bin
2024-12-05 15:57:02,666 [Worker-23: Building] INFO  o.a.m.s.f.DefaultMavenResourcesFiltering - skip non existing resourceDirectory C:\Users\Usuario\OneDrive\Escritorio\RI_JPA\cws_services_jpa\src\test\resources
2024-12-05 15:57:02,801 [Worker-23: Building] INFO  o.a.m.s.f.DefaultMavenResourcesFiltering - Copying 0 resource from src to bin
2024-12-05 15:57:02,825 [Worker-23: Building] INFO  o.a.m.s.f.DefaultMavenResourcesFiltering - Copying 0 resource from test to target\test-classes
2024-12-05 15:57:05,288 [Worker-0: Launching uo.ri.cws.persistence] INFO  o.e.m.c.i.p.WorkspaceClassifierResolverManager - Resolving P/cws_util: uo.ri:cws_util:0.0.1-SNAPSHOT with classifier null to /cws_util/bin
2024-12-05 15:57:05,350 [Worker-23: Building] INFO  o.a.m.s.f.DefaultMavenResourcesFiltering - Copying 0 resource from src to bin
2024-12-05 15:57:05,383 [Worker-23: Building] INFO  o.a.m.s.f.DefaultMavenResourcesFiltering - Copying 0 resource from test to target\test-classes
2024-12-05 15:57:05,391 [Worker-0: Launching uo.ri.cws.persistence] INFO  o.e.m.c.i.p.WorkspaceClassifierResolverManager - Resolving P/cws_util: uo.ri:cws_util:0.0.1-SNAPSHOT with classifier null to /cws_util/bin
2024-12-05 15:57:25,378 [Worker-25: Launching uo.ri.cws.persistence] INFO  o.e.m.c.i.p.WorkspaceClassifierResolverManager - Resolving P/cws_util: uo.ri:cws_util:0.0.1-SNAPSHOT with classifier null to /cws_util/bin
2024-12-05 15:57:25,446 [Worker-21: Building] INFO  o.a.m.s.f.DefaultMavenResourcesFiltering - Copying 0 resource from src to bin
2024-12-05 15:57:25,472 [Worker-25: Launching uo.ri.cws.persistence] INFO  o.e.m.c.i.p.WorkspaceClassifierResolverManager - Resolving P/cws_util: uo.ri:cws_util:0.0.1-SNAPSHOT with classifier null to /cws_util/bin
2024-12-05 15:57:25,473 [Worker-21: Building] INFO  o.a.m.s.f.DefaultMavenResourcesFiltering - Copying 0 resource from test to target\test-classes
2024-12-05 15:57:26,577 [Worker-27: Building] INFO  o.a.m.s.f.DefaultMavenResourcesFiltering - Copying 0 resource from src to bin
2024-12-05 15:57:26,612 [Worker-27: Building] INFO  o.a.m.s.f.DefaultMavenResourcesFiltering - Copying 0 resource from test to target\test-classes
2024-12-05 15:57:57,419 [Worker-24: Building] INFO  o.a.m.s.f.DefaultMavenResourcesFiltering - Copying 0 resource from src to bin
2024-12-05 15:57:57,431 [Worker-24: Building] INFO  o.a.m.s.f.DefaultMavenResourcesFiltering - Copying 0 resource from test to target\test-classes
2024-12-05 15:58:29,125 [Worker-27: Launching uo.ri.cws.persistence] INFO  o.e.m.c.i.p.WorkspaceClassifierResolverManager - Resolving P/cws_util: uo.ri:cws_util:0.0.1-SNAPSHOT with classifier null to /cws_util/bin
2024-12-05 15:58:29,186 [Worker-27: Launching uo.ri.cws.persistence] INFO  o.e.m.c.i.p.WorkspaceClassifierResolverManager - Resolving P/cws_util: uo.ri:cws_util:0.0.1-SNAPSHOT with classifier null to /cws_util/bin
2024-12-05 15:58:29,201 [Worker-0: Building] INFO  o.a.m.s.f.DefaultMavenResourcesFiltering - Copying 0 resource from src to bin
2024-12-05 15:58:29,220 [Worker-0: Building] INFO  o.a.m.s.f.DefaultMavenResourcesFiltering - Copying 0 resource from test to target\test-classes
2024-12-05 15:59:57,601 [Worker-27: Building] INFO  o.a.m.s.f.DefaultMavenResourcesFiltering - Copying 0 resource from src to bin
2024-12-05 15:59:57,636 [Worker-21: Launching uo.ri.cws.persistence] INFO  o.e.m.c.i.p.WorkspaceClassifierResolverManager - Resolving P/cws_util: uo.ri:cws_util:0.0.1-SNAPSHOT with classifier null to /cws_util/bin
2024-12-05 15:59:57,650 [Worker-27: Building] INFO  o.a.m.s.f.DefaultMavenResourcesFiltering - Copying 0 resource from test to target\test-classes
2024-12-05 15:59:57,784 [Worker-21: Launching uo.ri.cws.persistence] INFO  o.e.m.c.i.p.WorkspaceClassifierResolverManager - Resolving P/cws_util: uo.ri:cws_util:0.0.1-SNAPSHOT with classifier null to /cws_util/bin
2024-12-05 16:00:20,440 [Worker-22: Building] INFO  o.a.m.s.f.DefaultMavenResourcesFiltering - Copying 0 resource from src to bin
2024-12-05 16:00:20,484 [Worker-22: Building] INFO  o.a.m.s.f.DefaultMavenResourcesFiltering - Copying 0 resource from test to target\test-classes
2024-12-05 16:00:31,586 [Worker-25: Building] INFO  o.a.m.s.f.DefaultMavenResourcesFiltering - Copying 0 resource from src to bin
2024-12-05 16:00:31,592 [Worker-25: Building] INFO  o.a.m.s.f.DefaultMavenResourcesFiltering - skip non existing resourceDirectory C:\Users\Usuario\OneDrive\Escritorio\RI_JPA\cws_services_jpa\src\test\resources
2024-12-05 16:00:31,793 [Worker-25: Building] INFO  o.a.m.s.f.DefaultMavenResourcesFiltering - Copying 0 resource from src to bin
2024-12-05 16:00:31,834 [Worker-25: Building] INFO  o.a.m.s.f.DefaultMavenResourcesFiltering - Copying 0 resource from test to target\test-classes
2024-12-05 16:00:32,127 [Worker-0: Building] INFO  o.a.m.s.f.DefaultMavenResourcesFiltering - Copying 0 resource from src to bin
2024-12-05 16:00:32,134 [Worker-0: Building] INFO  o.a.m.s.f.DefaultMavenResourcesFiltering - skip non existing resourceDirectory C:\Users\Usuario\OneDrive\Escritorio\RI_JPA\cws_services_jpa\src\test\resources
2024-12-05 16:00:32,371 [Worker-0: Building] INFO  o.a.m.s.f.DefaultMavenResourcesFiltering - Copying 0 resource from src to bin
2024-12-05 16:00:32,407 [Worker-0: Building] INFO  o.a.m.s.f.DefaultMavenResourcesFiltering - Copying 0 resource from test to target\test-classes
2024-12-05 16:00:33,540 [Worker-23: Building] INFO  o.a.m.s.f.DefaultMavenResourcesFiltering - Copying 0 resource from src to bin
2024-12-05 16:00:33,546 [Worker-23: Building] INFO  o.a.m.s.f.DefaultMavenResourcesFiltering - skip non existing resourceDirectory C:\Users\Usuario\OneDrive\Escritorio\RI_JPA\cws_services_jpa\src\test\resources
2024-12-05 16:00:33,721 [Worker-23: Building] INFO  o.a.m.s.f.DefaultMavenResourcesFiltering - Copying 0 resource from src to bin
2024-12-05 16:00:33,759 [Worker-23: Building] INFO  o.a.m.s.f.DefaultMavenResourcesFiltering - Copying 0 resource from test to target\test-classes
2024-12-05 16:00:34,916 [Worker-28: Building] INFO  o.a.m.s.f.DefaultMavenResourcesFiltering - Copying 0 resource from src to bin
2024-12-05 16:00:34,923 [Worker-28: Building] INFO  o.a.m.s.f.DefaultMavenResourcesFiltering - skip non existing resourceDirectory C:\Users\Usuario\OneDrive\Escritorio\RI_JPA\cws_services_jpa\src\test\resources
2024-12-05 16:00:35,205 [Worker-28: Building] INFO  o.a.m.s.f.DefaultMavenResourcesFiltering - Copying 0 resource from src to bin
2024-12-05 16:00:35,240 [Worker-28: Building] INFO  o.a.m.s.f.DefaultMavenResourcesFiltering - Copying 0 resource from test to target\test-classes
2024-12-05 16:00:35,832 [main] INFO  o.e.m2e.actions.ExecutePomAction - Creating new launch configuration
2024-12-05 16:00:42,771 [Worker-24: Launching uo.ri.cws] INFO  o.e.m.c.i.p.WorkspaceClassifierResolverManager - Resolving P/cws_util: uo.ri:cws_util:0.0.1-SNAPSHOT with classifier null to /cws_util/bin
2024-12-05 16:00:42,822 [Worker-26: Building] INFO  o.a.m.s.f.DefaultMavenResourcesFiltering - Copying 0 resource from src to bin
2024-12-05 16:00:42,850 [Worker-26: Building] INFO  o.a.m.s.f.DefaultMavenResourcesFiltering - Copying 0 resource from test to target\test-classes
2024-12-05 16:00:42,882 [Worker-24: Launching uo.ri.cws] INFO  o.e.m.c.i.p.WorkspaceClassifierResolverManager - Resolving P/cws_util: uo.ri:cws_util:0.0.1-SNAPSHOT with classifier null to /cws_util/bin
2024-12-05 16:04:10,076 [Worker-24: Building] INFO  o.a.m.s.f.DefaultMavenResourcesFiltering - Copying 0 resource from src to bin
2024-12-05 16:04:10,094 [Worker-24: Building] INFO  o.a.m.s.f.DefaultMavenResourcesFiltering - Copying 0 resource from test to target\test-classes
2024-12-05 16:04:11,443 [Worker-24: Building] INFO  o.a.m.s.f.DefaultMavenResourcesFiltering - Copying 2 resources from src to bin
2024-12-05 16:04:11,449 [Worker-24: Building] INFO  o.a.m.s.f.DefaultMavenResourcesFiltering - skip non existing resourceDirectory C:\Users\Usuario\OneDrive\Escritorio\RI_JPA\cws_services_jpa\src\test\resources
2024-12-05 16:04:11,578 [Worker-24: Building] INFO  o.a.m.s.f.DefaultMavenResourcesFiltering - Copying 0 resource from src to bin
2024-12-05 16:04:11,608 [Worker-24: Building] INFO  o.a.m.s.f.DefaultMavenResourcesFiltering - Copying 0 resource from test to target\test-classes
2024-12-05 16:04:35,115 [Worker-26: Building] INFO  o.a.m.s.f.DefaultMavenResourcesFiltering - Copying 0 resource from src to bin
2024-12-05 16:04:35,137 [Worker-26: Building] INFO  o.a.m.s.f.DefaultMavenResourcesFiltering - Copying 0 resource from test to target\test-classes
2024-12-05 16:05:20,820 [Worker-29: Building] INFO  o.a.m.s.f.DefaultMavenResourcesFiltering - Copying 0 resource from src to bin
2024-12-05 16:05:20,833 [Worker-29: Building] INFO  o.a.m.s.f.DefaultMavenResourcesFiltering - Copying 0 resource from test to target\test-classes
2024-12-05 16:07:58,675 [Worker-0: Building] INFO  o.a.m.s.f.DefaultMavenResourcesFiltering - Copying 0 resource from src to bin
2024-12-05 16:07:58,692 [Worker-0: Building] INFO  o.a.m.s.f.DefaultMavenResourcesFiltering - Copying 0 resource from test to target\test-classes
2024-12-05 16:10:21,213 [Worker-8: Building] INFO  o.a.m.s.f.DefaultMavenResourcesFiltering - Copying 0 resource from src to bin
2024-12-05 16:10:21,251 [Worker-8: Building] INFO  o.a.m.s.f.DefaultMavenResourcesFiltering - Copying 0 resource from test to target\test-classes
2024-12-05 16:12:31,945 [Worker-33: Launching uo.ri.cws] INFO  o.a.m.s.f.DefaultMavenResourcesFiltering - Copying 2 resources from src to bin
2024-12-05 16:12:31,955 [Worker-33: Launching uo.ri.cws] INFO  o.a.m.s.f.DefaultMavenResourcesFiltering - skip non existing resourceDirectory C:\Users\Usuario\OneDrive\Escritorio\RI_JPA\cws_services_jpa\src\test\resources
2024-12-05 16:12:32,181 [Worker-33: Launching uo.ri.cws] INFO  o.e.m.c.i.p.WorkspaceClassifierResolverManager - Resolving P/cws_util: uo.ri:cws_util:0.0.1-SNAPSHOT with classifier null to /cws_util/bin
2024-12-05 16:12:32,209 [Worker-36: Building] INFO  o.a.m.s.f.DefaultMavenResourcesFiltering - Copying 0 resource from src to bin
2024-12-05 16:12:32,229 [Worker-36: Building] INFO  o.a.m.s.f.DefaultMavenResourcesFiltering - Copying 0 resource from test to target\test-classes
2024-12-05 16:12:32,264 [Worker-33: Launching uo.ri.cws] INFO  o.e.m.c.i.p.WorkspaceClassifierResolverManager - Resolving P/cws_util: uo.ri:cws_util:0.0.1-SNAPSHOT with classifier null to /cws_util/bin
2024-12-05 16:13:07,764 [Worker-8: Launching uo.ri.cws] INFO  o.e.m.c.i.p.WorkspaceClassifierResolverManager - Resolving P/cws_util: uo.ri:cws_util:0.0.1-SNAPSHOT with classifier null to /cws_util/bin
2024-12-05 16:13:07,816 [Worker-8: Launching uo.ri.cws] INFO  o.e.m.c.i.p.WorkspaceClassifierResolverManager - Resolving P/cws_util: uo.ri:cws_util:0.0.1-SNAPSHOT with classifier null to /cws_util/bin
2024-12-05 16:13:07,874 [Worker-37: Building] INFO  o.a.m.s.f.DefaultMavenResourcesFiltering - Copying 0 resource from src to bin
2024-12-05 16:13:07,894 [Worker-37: Building] INFO  o.a.m.s.f.DefaultMavenResourcesFiltering - Copying 0 resource from test to target\test-classes
2024-12-05 16:13:08,975 [Worker-34: Building] INFO  o.a.m.s.f.DefaultMavenResourcesFiltering - Copying 0 resource from src to bin
2024-12-05 16:13:08,996 [Worker-34: Building] INFO  o.a.m.s.f.DefaultMavenResourcesFiltering - Copying 0 resource from test to target\test-classes
2024-12-05 16:13:14,113 [Worker-33: Launching uo.ri.cws] INFO  o.e.m.c.i.p.WorkspaceClassifierResolverManager - Resolving P/cws_util: uo.ri:cws_util:0.0.1-SNAPSHOT with classifier null to /cws_util/bin
2024-12-05 16:13:14,192 [Worker-33: Launching uo.ri.cws] INFO  o.e.m.c.i.p.WorkspaceClassifierResolverManager - Resolving P/cws_util: uo.ri:cws_util:0.0.1-SNAPSHOT with classifier null to /cws_util/bin
2024-12-05 16:13:14,193 [Worker-8: Building] INFO  o.a.m.s.f.DefaultMavenResourcesFiltering - Copying 0 resource from src to bin
2024-12-05 16:13:14,232 [Worker-8: Building] INFO  o.a.m.s.f.DefaultMavenResourcesFiltering - Copying 0 resource from test to target\test-classes
2024-12-05 16:13:52,638 [Worker-38: Launching uo.ri.cws] INFO  o.e.m.c.i.p.WorkspaceClassifierResolverManager - Resolving P/cws_util: uo.ri:cws_util:0.0.1-SNAPSHOT with classifier null to /cws_util/bin
2024-12-05 16:13:52,676 [Worker-8: Building] INFO  o.a.m.s.f.DefaultMavenResourcesFiltering - Copying 0 resource from src to bin
2024-12-05 16:13:52,702 [Worker-8: Building] INFO  o.a.m.s.f.DefaultMavenResourcesFiltering - Copying 0 resource from test to target\test-classes
2024-12-05 16:13:52,730 [Worker-38: Launching uo.ri.cws] INFO  o.e.m.c.i.p.WorkspaceClassifierResolverManager - Resolving P/cws_util: uo.ri:cws_util:0.0.1-SNAPSHOT with classifier null to /cws_util/bin
2024-12-05 16:13:57,218 [Worker-8: Building] INFO  o.a.m.s.f.DefaultMavenResourcesFiltering - Copying 0 resource from src to bin
2024-12-05 16:13:57,244 [Worker-8: Building] INFO  o.a.m.s.f.DefaultMavenResourcesFiltering - Copying 0 resource from test to target\test-classes
2024-12-05 16:14:05,518 [Worker-8: Launching uo.ri.cws] INFO  o.e.m.c.i.p.WorkspaceClassifierResolverManager - Resolving P/cws_util: uo.ri:cws_util:0.0.1-SNAPSHOT with classifier null to /cws_util/bin
2024-12-05 16:14:05,605 [Worker-37: Building] INFO  o.a.m.s.f.DefaultMavenResourcesFiltering - Copying 0 resource from src to bin
2024-12-05 16:14:05,606 [Worker-8: Launching uo.ri.cws] INFO  o.e.m.c.i.p.WorkspaceClassifierResolverManager - Resolving P/cws_util: uo.ri:cws_util:0.0.1-SNAPSHOT with classifier null to /cws_util/bin
2024-12-05 16:14:05,636 [Worker-37: Building] INFO  o.a.m.s.f.DefaultMavenResourcesFiltering - Copying 0 resource from test to target\test-classes
2024-12-05 16:15:13,132 [Worker-8: Building] INFO  o.a.m.s.f.DefaultMavenResourcesFiltering - Copying 0 resource from src to bin
2024-12-05 16:15:13,148 [Worker-8: Building] INFO  o.a.m.s.f.DefaultMavenResourcesFiltering - Copying 0 resource from test to target\test-classes
2024-12-05 16:15:14,210 [Worker-8: Building] INFO  o.a.m.s.f.DefaultMavenResourcesFiltering - Copying 0 resource from src to bin
2024-12-05 16:15:14,224 [Worker-8: Building] INFO  o.a.m.s.f.DefaultMavenResourcesFiltering - Copying 0 resource from test to target\test-classes
2024-12-05 16:15:21,587 [Worker-38: Building] INFO  o.a.m.s.f.DefaultMavenResourcesFiltering - Copying 0 resource from src to bin
2024-12-05 16:15:21,603 [Worker-38: Building] INFO  o.a.m.s.f.DefaultMavenResourcesFiltering - Copying 0 resource from test to target\test-classes
2024-12-05 16:20:21,888 [Worker-43: Building] INFO  o.a.m.s.f.DefaultMavenResourcesFiltering - Copying 0 resource from src to bin
2024-12-05 16:20:21,926 [Worker-43: Building] INFO  o.a.m.s.f.DefaultMavenResourcesFiltering - Copying 0 resource from test to target\test-classes
2024-12-05 16:21:42,902 [Worker-39: Building] INFO  o.a.m.s.f.DefaultMavenResourcesFiltering - Copying 0 resource from src to bin
2024-12-05 16:21:42,920 [Worker-39: Building] INFO  o.a.m.s.f.DefaultMavenResourcesFiltering - Copying 0 resource from test to target\test-classes
2024-12-05 16:21:44,388 [Worker-43: Building] INFO  o.a.m.s.f.DefaultMavenResourcesFiltering - Copying 0 resource from src to bin
2024-12-05 16:21:44,444 [Worker-43: Building] INFO  o.a.m.s.f.DefaultMavenResourcesFiltering - Copying 0 resource from test to target\test-classes
2024-12-05 16:21:47,132 [Burningwave - Resource releaser] INFO  o.b.c.a.StaticComponentContainer - (StaticComponentContainer.java:391) - ... Waiting for all tasks ending
2024-12-05 16:21:47,135 [Burningwave - Resource releaser] INFO  o.b.c.a.StaticComponentContainer - (StaticComponentContainer.java:397) - Closing all component containers
2024-12-05 16:21:47,145 [Burningwave - Resource releaser] INFO  o.b.c.a.StaticComponentContainer - (StaticComponentContainer.java:403) - Closing FileSystemHelper
2024-12-05 16:21:47,151 [Burningwave - Resource releaser] INFO  o.b.c.a.StaticComponentContainer - (StaticComponentContainer.java:409) - ... Waiting for all tasks ending before shutting down the BackgroundExecutor
2024-12-05 16:21:47,153 [Burningwave - Resource releaser] INFO  o.b.c.a.StaticComponentContainer - (StaticComponentContainer.java:414) - Shutting down BackgroundExecutor
2024-12-05 16:21:47,155 [Burningwave - Resource releaser] INFO  o.b.c.a.StaticComponentContainer - (StaticComponentContainer.java:420) - Stopping all threads monitoring thread
2024-12-05 16:21:47,156 [Burningwave - Resource releaser] INFO  o.b.c.a.StaticComponentContainer - (StaticComponentContainer.java:425) - Closing ThreadHolder
2024-12-05 16:21:47,159 [Burningwave - Resource releaser] INFO  o.b.c.a.StaticComponentContainer - (StaticComponentContainer.java:430) - Shutting down ThreadSupplier
2024-12-10 16:37:55,184 [main] INFO  o.b.c.a.StaticComponentContainer - (StaticComponentContainer.java:368) - Instantiated org.burningwave.core.SLF4JManagedLoggerRepository
2024-12-10 16:37:55,188 [main] INFO  o.b.c.a.StaticComponentContainer - (StaticComponentContainer.java:369) - 

	Configuration values for static components:

		background-executor.all-tasks-monitoring.enabled=\
			true
		background-executor.all-tasks-monitoring.interval=\
			30000
		background-executor.all-tasks-monitoring.logger.enabled=\
			false
		background-executor.all-tasks-monitoring.minimum-elapsed-time-to-consider-a-task-as-probable-dead-locked=\
			300000
		background-executor.all-tasks-monitoring.probable-dead-locked-tasks-handling.policy=\
			log only
		background-executor.queued-task-executor[0].name=\
			Low priority tasks
		background-executor.queued-task-executor[0].priority=\
			1
		background-executor.queued-task-executor[1].name=\
			Normal priority tasks
		background-executor.queued-task-executor[1].priority=\
			5
		background-executor.queued-task-executor[2].name=\
			High priority tasks
		background-executor.queued-task-executor[2].priority=\
			10
		background-executor.task-creation-tracking.enabled=\
			${background-executor.all-tasks-monitoring.enabled}
		banner.additonal-informations=\
			${Implementation-Title} ${Implementation-Version}
		banner.additonal-informations.retrieve-from-manifest-file-with-implementation-title=\
			Burningwave Core
		banner.file=\
			org/burningwave/banner.bwb
		banner.hide=\
			true
		buffer-handler.default-allocation-mode=\
			ByteBuffer::allocateDirect
		buffer-handler.default-buffer-size=\
			1024
		group-name-for-named-elements=\
			Burningwave
		iterable-object-helper.default-values-separator=\
			;
		iterable-object-helper.parallel-iteration.applicability.default-minimum-collection-size=\
			2
		iterable-object-helper.parallel-iteration.applicability.max-runtime-thread-count-threshold=\
			autodetect
		iterable-object-helper.parallel-iteration.applicability.output-collection-enabled-types=\
			java.util.concurrent.ConcurrentHashMap$CollectionView;\
			java.util.Collections$SynchronizedCollection;\
			java.util.concurrent.CopyOnWriteArrayList;\
			java.util.concurrent.CopyOnWriteArraySet;\
			java.util.concurrent.BlockingQueue;\
			java.util.concurrent.ConcurrentSkipListSet;\
			java.util.concurrent.ConcurrentSkipListMap$EntrySet;\
			java.util.concurrent.ConcurrentSkipListMap$KeySet;\
			java.util.concurrent.ConcurrentSkipListMap$Values;
		jvm.driver.init=\
			false
		managed-logger.repository=\
			autodetect
		managed-logger.repository.enabled=\
			true
		managed-logger.repository.logging.warn.disabled-for=\
			org.burningwave.core.assembler.ComponentContainer$ClassLoader;\
			org.burningwave.core.classes.MemoryClassLoader;\
			org.burningwave.core.classes.PathScannerClassLoader;
		modules.export-all-to-all=\
			true
		resource-releaser.enabled=\
			true
		synchronizer.all-threads-monitoring.enabled=\
			false
		synchronizer.all-threads-monitoring.interval=\
			90000
		thread-supplier.default-daemon-flag-value=\
			true
		thread-supplier.default-thread-priority=\
			5
		thread-supplier.max-detached-thread-count=\
			${thread-supplier.max-poolable-thread-count}
		thread-supplier.max-detached-thread-count.elapsed-time-threshold-from-last-increase-for-gradual-decreasing-to-initial-value=\
			30000
		thread-supplier.max-detached-thread-count.increasing-step=\
			autodetect
		thread-supplier.max-poolable-thread-count=\
			autodetect
		thread-supplier.poolable-thread-request-timeout=\
			6000


2024-12-10 16:37:55,191 [main] INFO  o.b.core.jvm.BufferHandler - (BufferHandler.java:127) - default buffer size: 1024 bytes
2024-12-10 16:37:55,192 [main] INFO  o.b.core.jvm.BufferHandler - (BufferHandler.java:141) - default allocation mode: ByteBuffer::allocateDirect
2024-12-10 16:37:55,197 [main] INFO  org.burningwave.core.Cache - (Cache.java:76) - Building cache
2024-12-10 16:37:55,220 [main] INFO  o.b.c.a.StaticComponentContainer - (StaticComponentContainer.java:443) - org.burningwave.core.assembler.StaticComponentContainer initialized in 0.1538468 seconds
2024-12-10 16:37:59,169 [Worker-4: Loading available Gradle versions] INFO  o.e.b.c.i.u.g.PublishedGradleVersions - Gradle version information cache is out-of-date. Trying to update.
2024-12-10 16:38:02,640 [Worker-11: Building] INFO  o.e.m.c.i.p.WorkspaceClassifierResolverManager - Resolving P/cws_util: uo.ri:cws_util:0.0.1-SNAPSHOT with classifier  to /cws_util/bin
2024-12-10 16:38:03,397 [Worker-11: Building] INFO  o.a.m.s.f.DefaultMavenResourcesFiltering - Copying 2 resources from src to bin
2024-12-10 16:38:03,419 [Worker-11: Building] INFO  o.a.m.s.f.DefaultMavenResourcesFiltering - skip non existing resourceDirectory C:\Users\Usuario\OneDrive\Escritorio\RI_JPA\cws_services_jpa\src\test\resources
2024-12-10 16:38:08,128 [Worker-11: Building] INFO  o.e.m.c.i.e.AbstractTransferListenerAdapter - Downloading https://repo.maven.apache.org/maven2/io/cucumber/messages/maven-metadata.xml
2024-12-10 16:38:08,164 [Worker-11: Building] INFO  o.e.m.c.i.e.AbstractTransferListenerAdapter - Downloaded https://repo.maven.apache.org/maven2/io/cucumber/messages/maven-metadata.xml
2024-12-10 16:38:08,544 [Worker-11: Building] INFO  o.e.m.c.i.e.AbstractTransferListenerAdapter - Downloading https://repo.maven.apache.org/maven2/io/cucumber/query/maven-metadata.xml
2024-12-10 16:38:08,556 [Worker-11: Building] INFO  o.e.m.c.i.e.AbstractTransferListenerAdapter - Downloaded https://repo.maven.apache.org/maven2/io/cucumber/query/maven-metadata.xml
2024-12-10 16:38:09,627 [Worker-11: Building] INFO  o.e.m.c.i.p.WorkspaceClassifierResolverManager - Resolving P/cws_services_jpa: uo.ri:cws_services_jpa:0.0.1-SNAPSHOT with classifier  to /cws_services_jpa/bin
2024-12-10 16:38:09,628 [Worker-11: Building] INFO  o.e.m.c.i.p.WorkspaceClassifierResolverManager - Resolving P/cws_util: uo.ri:cws_util:0.0.1-SNAPSHOT with classifier  to /cws_util/bin
2024-12-10 16:38:09,723 [Worker-11: Building] INFO  o.a.m.s.f.DefaultMavenResourcesFiltering - Copying 0 resource from src to bin
2024-12-10 16:38:09,729 [Worker-11: Building] INFO  o.a.m.s.f.DefaultMavenResourcesFiltering - Copying 32 resources from test to target\test-classes
2024-12-10 16:38:51,876 [Worker-12: Building] INFO  o.a.m.s.f.DefaultMavenResourcesFiltering - Copying 0 resource from src to bin
2024-12-10 16:38:51,901 [Worker-12: Building] INFO  o.a.m.s.f.DefaultMavenResourcesFiltering - Copying 0 resource from test to target\test-classes
2024-12-10 16:39:26,759 [Worker-14: Launching LoadEntityManagerFactory] INFO  o.a.m.s.f.DefaultMavenResourcesFiltering - Copying 1 resource from src to bin
2024-12-10 16:39:26,769 [Worker-14: Launching LoadEntityManagerFactory] INFO  o.a.m.s.f.DefaultMavenResourcesFiltering - skip non existing resourceDirectory C:\Users\Usuario\OneDrive\Escritorio\RI_JPA\cws_services_jpa\src\test\resources
2024-12-10 16:39:26,887 [Worker-14: Launching LoadEntityManagerFactory] INFO  o.e.m.c.i.p.WorkspaceClassifierResolverManager - Resolving P/cws_util: uo.ri:cws_util:0.0.1-SNAPSHOT with classifier null to /cws_util/bin
2024-12-10 16:39:26,912 [Worker-14: Launching LoadEntityManagerFactory] INFO  o.e.m.c.i.p.WorkspaceClassifierResolverManager - Resolving P/cws_util: uo.ri:cws_util:0.0.1-SNAPSHOT with classifier null to /cws_util/bin
2024-12-10 16:39:26,935 [Worker-14: Launching LoadEntityManagerFactory] INFO  o.e.m.c.i.p.WorkspaceClassifierResolverManager - Resolving P/cws_util: uo.ri:cws_util:0.0.1-SNAPSHOT with classifier null to /cws_util/bin
2024-12-10 16:39:45,766 [Worker-19: Launching uo.ri.cws] INFO  o.e.m.c.i.p.WorkspaceClassifierResolverManager - Resolving P/cws_util: uo.ri:cws_util:0.0.1-SNAPSHOT with classifier null to /cws_util/bin
2024-12-10 16:39:45,862 [Worker-19: Launching uo.ri.cws] INFO  o.e.m.c.i.p.WorkspaceClassifierResolverManager - Resolving P/cws_util: uo.ri:cws_util:0.0.1-SNAPSHOT with classifier null to /cws_util/bin
2024-12-10 16:41:57,115 [Worker-17: Updating Maven Dependencies] WARN  o.e.m.c.i.embedder.EclipseLogger - The POM for uo.ri:cws_services_jpa:jar:0.0.1-SNAPSHOT is missing, no dependency information available
2024-12-10 16:41:58,227 [Worker-17: Updating Maven Dependencies] INFO  o.e.m.c.i.l.LifecycleMappingFactory - Using org.eclipse.m2e.jdt.JarLifecycleMapping lifecycle mapping for MavenProject: uo.ri:cws_client_mechanic:0.0.1-SNAPSHOT @ C:\Users\Usuario\OneDrive\Escritorio\RI_JPA\cws_client_mechanic\pom.xml.
2024-12-10 16:41:58,420 [Worker-17: Updating Maven Dependencies] INFO  o.e.m.c.i.l.LifecycleMappingFactory - Using org.eclipse.m2e.jdt.JarLifecycleMapping lifecycle mapping for MavenProject: uo.ri:cws_client_foreman:0.0.1-SNAPSHOT @ C:\Users\Usuario\OneDrive\Escritorio\RI_JPA\cws_client_foreman\pom.xml.
2024-12-10 16:41:58,581 [Worker-17: Updating Maven Dependencies] INFO  o.e.m.c.i.l.LifecycleMappingFactory - Using org.eclipse.m2e.jdt.JarLifecycleMapping lifecycle mapping for MavenProject: uo.ri:cws_client_cashier:0.0.1-SNAPSHOT @ C:\Users\Usuario\OneDrive\Escritorio\RI_JPA\cws_client_cashier\pom.xml.
2024-12-10 16:41:58,739 [Worker-17: Updating Maven Dependencies] INFO  o.e.m.c.i.l.LifecycleMappingFactory - Using org.eclipse.m2e.jdt.JarLifecycleMapping lifecycle mapping for MavenProject: uo.ri:cws_client_manager:0.0.1-SNAPSHOT @ C:\Users\Usuario\OneDrive\Escritorio\RI_JPA\cws_client_manager\pom.xml.
2024-12-10 16:41:58,875 [Worker-17: Updating Maven Dependencies] INFO  o.e.m.c.i.l.LifecycleMappingFactory - Using org.eclipse.m2e.jdt.JarLifecycleMapping lifecycle mapping for MavenProject: uo.ri:cws_spareparts_aceptance_tests:0.0.1-SNAPSHOT @ C:\Users\Usuario\Downloads\ri.jpa.cws.2024.extension.skeleton\cws_2024\cws_spareparts_aceptance_tests\pom.xml.
2024-12-10 16:41:59,800 [Worker-17: Updating Maven Dependencies] ERROR o.e.m.j.i.l.MavenLaunchConfigurationListener - Launch configuration ChargeTests references non-existing project cws_services_jpa.
org.eclipse.core.runtime.CoreException: Launch configuration ChargeTests references non-existing project cws_services_jpa.
	at org.eclipse.jdt.launching.JavaRuntime.abort(JavaRuntime.java:1870)
	at org.eclipse.jdt.launching.JavaRuntime.getJavaProject(JavaRuntime.java:1747)
	at org.eclipse.m2e.jdt.internal.launch.MavenLaunchConfigurationListener.updateLaunchConfiguration(MavenLaunchConfigurationListener.java:66)
	at org.eclipse.m2e.jdt.internal.launch.MavenLaunchConfigurationListener.launchConfigurationChanged(MavenLaunchConfigurationListener.java:52)
	at org.eclipse.debug.internal.core.LaunchManager$ConfigurationNotifier.run(LaunchManager.java:219)
	at org.eclipse.core.runtime.SafeRunner.run(SafeRunner.java:47)
	at org.eclipse.debug.internal.core.LaunchManager$ConfigurationNotifier.notify(LaunchManager.java:203)
	at org.eclipse.debug.internal.core.LaunchConfigurationWorkingCopy.setDirty(LaunchConfigurationWorkingCopy.java:527)
	at org.eclipse.debug.internal.core.LaunchConfigurationWorkingCopy.setAttribute(LaunchConfigurationWorkingCopy.java:415)
	at org.eclipse.m2e.jdt.internal.launch.MavenRuntimeClasspathProvider.disable(MavenRuntimeClasspathProvider.java:409)
	at org.eclipse.m2e.jdt.internal.launch.MavenRuntimeClasspathProvider.disable(MavenRuntimeClasspathProvider.java:435)
	at org.eclipse.m2e.jdt.internal.launch.MavenLaunchConfigurationListener.mavenProjectChanged(MavenLaunchConfigurationListener.java:137)
	at org.eclipse.m2e.core.internal.project.registry.ProjectRegistryManager.notifyProjectChangeListeners(ProjectRegistryManager.java:892)
	at org.eclipse.m2e.core.internal.project.registry.ProjectRegistryManager.applyMutableProjectRegistry(ProjectRegistryManager.java:1042)
	at org.eclipse.m2e.core.internal.project.registry.ProjectRegistryRefreshJob.lambda$0(ProjectRegistryRefreshJob.java:162)
	at org.eclipse.m2e.core.internal.embedder.MavenExecutionContext.executeBare(MavenExecutionContext.java:458)
	at org.eclipse.m2e.core.internal.embedder.MavenExecutionContext.execute(MavenExecutionContext.java:339)
	at org.eclipse.m2e.core.internal.embedder.MavenExecutionContext.execute(MavenExecutionContext.java:278)
	at org.eclipse.m2e.core.internal.project.registry.ProjectRegistryRefreshJob.run(ProjectRegistryRefreshJob.java:106)
	at org.eclipse.core.internal.jobs.Worker.run(Worker.java:63)
2024-12-10 16:41:59,811 [Worker-17: Updating Maven Dependencies] ERROR o.e.m.j.i.l.MavenLaunchConfigurationListener - Launch configuration ChargeTests references non-existing project cws_services_jpa.
org.eclipse.core.runtime.CoreException: Launch configuration ChargeTests references non-existing project cws_services_jpa.
	at org.eclipse.jdt.launching.JavaRuntime.abort(JavaRuntime.java:1870)
	at org.eclipse.jdt.launching.JavaRuntime.getJavaProject(JavaRuntime.java:1747)
	at org.eclipse.m2e.jdt.internal.launch.MavenLaunchConfigurationListener.updateLaunchConfiguration(MavenLaunchConfigurationListener.java:66)
	at org.eclipse.m2e.jdt.internal.launch.MavenLaunchConfigurationListener.launchConfigurationChanged(MavenLaunchConfigurationListener.java:52)
	at org.eclipse.debug.internal.core.LaunchManager$ConfigurationNotifier.run(LaunchManager.java:219)
	at org.eclipse.core.runtime.SafeRunner.run(SafeRunner.java:47)
	at org.eclipse.debug.internal.core.LaunchManager$ConfigurationNotifier.notify(LaunchManager.java:203)
	at org.eclipse.debug.internal.core.LaunchConfigurationWorkingCopy.setDirty(LaunchConfigurationWorkingCopy.java:527)
	at org.eclipse.debug.internal.core.LaunchConfigurationWorkingCopy.setAttribute(LaunchConfigurationWorkingCopy.java:415)
	at org.eclipse.m2e.jdt.internal.launch.MavenRuntimeClasspathProvider.disable(MavenRuntimeClasspathProvider.java:410)
	at org.eclipse.m2e.jdt.internal.launch.MavenRuntimeClasspathProvider.disable(MavenRuntimeClasspathProvider.java:435)
	at org.eclipse.m2e.jdt.internal.launch.MavenLaunchConfigurationListener.mavenProjectChanged(MavenLaunchConfigurationListener.java:137)
	at org.eclipse.m2e.core.internal.project.registry.ProjectRegistryManager.notifyProjectChangeListeners(ProjectRegistryManager.java:892)
	at org.eclipse.m2e.core.internal.project.registry.ProjectRegistryManager.applyMutableProjectRegistry(ProjectRegistryManager.java:1042)
	at org.eclipse.m2e.core.internal.project.registry.ProjectRegistryRefreshJob.lambda$0(ProjectRegistryRefreshJob.java:162)
	at org.eclipse.m2e.core.internal.embedder.MavenExecutionContext.executeBare(MavenExecutionContext.java:458)
	at org.eclipse.m2e.core.internal.embedder.MavenExecutionContext.execute(MavenExecutionContext.java:339)
	at org.eclipse.m2e.core.internal.embedder.MavenExecutionContext.execute(MavenExecutionContext.java:278)
	at org.eclipse.m2e.core.internal.project.registry.ProjectRegistryRefreshJob.run(ProjectRegistryRefreshJob.java:106)
	at org.eclipse.core.internal.jobs.Worker.run(Worker.java:63)
2024-12-10 16:41:59,817 [Worker-17: Updating Maven Dependencies] ERROR o.e.m.j.i.l.MavenLaunchConfigurationListener - Launch configuration ChargeTests references non-existing project cws_services_jpa.
org.eclipse.core.runtime.CoreException: Launch configuration ChargeTests references non-existing project cws_services_jpa.
	at org.eclipse.jdt.launching.JavaRuntime.abort(JavaRuntime.java:1870)
	at org.eclipse.jdt.launching.JavaRuntime.getJavaProject(JavaRuntime.java:1747)
	at org.eclipse.m2e.jdt.internal.launch.MavenLaunchConfigurationListener.updateLaunchConfiguration(MavenLaunchConfigurationListener.java:66)
	at org.eclipse.m2e.jdt.internal.launch.MavenLaunchConfigurationListener.launchConfigurationChanged(MavenLaunchConfigurationListener.java:52)
	at org.eclipse.debug.internal.core.LaunchManager$ConfigurationNotifier.run(LaunchManager.java:219)
	at org.eclipse.core.runtime.SafeRunner.run(SafeRunner.java:47)
	at org.eclipse.debug.internal.core.LaunchManager$ConfigurationNotifier.notify(LaunchManager.java:203)
	at org.eclipse.debug.internal.core.LaunchManager.launchConfigurationChanged(LaunchManager.java:1960)
	at org.eclipse.debug.internal.core.LaunchConfigurationWorkingCopy.writeNewFile(LaunchConfigurationWorkingCopy.java:380)
	at org.eclipse.debug.internal.core.LaunchConfigurationWorkingCopy.doSave0(LaunchConfigurationWorkingCopy.java:259)
	at org.eclipse.debug.internal.core.LaunchConfigurationWorkingCopy.doSave(LaunchConfigurationWorkingCopy.java:229)
	at org.eclipse.debug.internal.core.LaunchConfigurationWorkingCopy.doSave(LaunchConfigurationWorkingCopy.java:187)
	at org.eclipse.m2e.jdt.internal.launch.MavenRuntimeClasspathProvider.disable(MavenRuntimeClasspathProvider.java:411)
	at org.eclipse.m2e.jdt.internal.launch.MavenRuntimeClasspathProvider.disable(MavenRuntimeClasspathProvider.java:435)
	at org.eclipse.m2e.jdt.internal.launch.MavenLaunchConfigurationListener.mavenProjectChanged(MavenLaunchConfigurationListener.java:137)
	at org.eclipse.m2e.core.internal.project.registry.ProjectRegistryManager.notifyProjectChangeListeners(ProjectRegistryManager.java:892)
	at org.eclipse.m2e.core.internal.project.registry.ProjectRegistryManager.applyMutableProjectRegistry(ProjectRegistryManager.java:1042)
	at org.eclipse.m2e.core.internal.project.registry.ProjectRegistryRefreshJob.lambda$0(ProjectRegistryRefreshJob.java:162)
	at org.eclipse.m2e.core.internal.embedder.MavenExecutionContext.executeBare(MavenExecutionContext.java:458)
	at org.eclipse.m2e.core.internal.embedder.MavenExecutionContext.execute(MavenExecutionContext.java:339)
	at org.eclipse.m2e.core.internal.embedder.MavenExecutionContext.execute(MavenExecutionContext.java:278)
	at org.eclipse.m2e.core.internal.project.registry.ProjectRegistryRefreshJob.run(ProjectRegistryRefreshJob.java:106)
	at org.eclipse.core.internal.jobs.Worker.run(Worker.java:63)
2024-12-10 16:41:59,819 [Worker-17: Updating Maven Dependencies] ERROR o.e.m.j.i.l.MavenLaunchConfigurationListener - Launch configuration InvoiceRemoveWorkOrderTests references non-existing project cws_services_jpa.
org.eclipse.core.runtime.CoreException: Launch configuration InvoiceRemoveWorkOrderTests references non-existing project cws_services_jpa.
	at org.eclipse.jdt.launching.JavaRuntime.abort(JavaRuntime.java:1870)
	at org.eclipse.jdt.launching.JavaRuntime.getJavaProject(JavaRuntime.java:1747)
	at org.eclipse.m2e.jdt.internal.launch.MavenLaunchConfigurationListener.updateLaunchConfiguration(MavenLaunchConfigurationListener.java:66)
	at org.eclipse.m2e.jdt.internal.launch.MavenLaunchConfigurationListener.launchConfigurationChanged(MavenLaunchConfigurationListener.java:52)
	at org.eclipse.debug.internal.core.LaunchManager$ConfigurationNotifier.run(LaunchManager.java:219)
	at org.eclipse.core.runtime.SafeRunner.run(SafeRunner.java:47)
	at org.eclipse.debug.internal.core.LaunchManager$ConfigurationNotifier.notify(LaunchManager.java:203)
	at org.eclipse.debug.internal.core.LaunchConfigurationWorkingCopy.setDirty(LaunchConfigurationWorkingCopy.java:527)
	at org.eclipse.debug.internal.core.LaunchConfigurationWorkingCopy.setAttribute(LaunchConfigurationWorkingCopy.java:415)
	at org.eclipse.m2e.jdt.internal.launch.MavenRuntimeClasspathProvider.disable(MavenRuntimeClasspathProvider.java:409)
	at org.eclipse.m2e.jdt.internal.launch.MavenRuntimeClasspathProvider.disable(MavenRuntimeClasspathProvider.java:435)
	at org.eclipse.m2e.jdt.internal.launch.MavenLaunchConfigurationListener.mavenProjectChanged(MavenLaunchConfigurationListener.java:137)
	at org.eclipse.m2e.core.internal.project.registry.ProjectRegistryManager.notifyProjectChangeListeners(ProjectRegistryManager.java:892)
	at org.eclipse.m2e.core.internal.project.registry.ProjectRegistryManager.applyMutableProjectRegistry(ProjectRegistryManager.java:1042)
	at org.eclipse.m2e.core.internal.project.registry.ProjectRegistryRefreshJob.lambda$0(ProjectRegistryRefreshJob.java:162)
	at org.eclipse.m2e.core.internal.embedder.MavenExecutionContext.executeBare(MavenExecutionContext.java:458)
	at org.eclipse.m2e.core.internal.embedder.MavenExecutionContext.execute(MavenExecutionContext.java:339)
	at org.eclipse.m2e.core.internal.embedder.MavenExecutionContext.execute(MavenExecutionContext.java:278)
	at org.eclipse.m2e.core.internal.project.registry.ProjectRegistryRefreshJob.run(ProjectRegistryRefreshJob.java:106)
	at org.eclipse.core.internal.jobs.Worker.run(Worker.java:63)
2024-12-10 16:41:59,820 [Worker-17: Updating Maven Dependencies] ERROR o.e.m.j.i.l.MavenLaunchConfigurationListener - Launch configuration InvoiceRemoveWorkOrderTests references non-existing project cws_services_jpa.
org.eclipse.core.runtime.CoreException: Launch configuration InvoiceRemoveWorkOrderTests references non-existing project cws_services_jpa.
	at org.eclipse.jdt.launching.JavaRuntime.abort(JavaRuntime.java:1870)
	at org.eclipse.jdt.launching.JavaRuntime.getJavaProject(JavaRuntime.java:1747)
	at org.eclipse.m2e.jdt.internal.launch.MavenLaunchConfigurationListener.updateLaunchConfiguration(MavenLaunchConfigurationListener.java:66)
	at org.eclipse.m2e.jdt.internal.launch.MavenLaunchConfigurationListener.launchConfigurationChanged(MavenLaunchConfigurationListener.java:52)
	at org.eclipse.debug.internal.core.LaunchManager$ConfigurationNotifier.run(LaunchManager.java:219)
	at org.eclipse.core.runtime.SafeRunner.run(SafeRunner.java:47)
	at org.eclipse.debug.internal.core.LaunchManager$ConfigurationNotifier.notify(LaunchManager.java:203)
	at org.eclipse.debug.internal.core.LaunchConfigurationWorkingCopy.setDirty(LaunchConfigurationWorkingCopy.java:527)
	at org.eclipse.debug.internal.core.LaunchConfigurationWorkingCopy.setAttribute(LaunchConfigurationWorkingCopy.java:415)
	at org.eclipse.m2e.jdt.internal.launch.MavenRuntimeClasspathProvider.disable(MavenRuntimeClasspathProvider.java:410)
	at org.eclipse.m2e.jdt.internal.launch.MavenRuntimeClasspathProvider.disable(MavenRuntimeClasspathProvider.java:435)
	at org.eclipse.m2e.jdt.internal.launch.MavenLaunchConfigurationListener.mavenProjectChanged(MavenLaunchConfigurationListener.java:137)
	at org.eclipse.m2e.core.internal.project.registry.ProjectRegistryManager.notifyProjectChangeListeners(ProjectRegistryManager.java:892)
	at org.eclipse.m2e.core.internal.project.registry.ProjectRegistryManager.applyMutableProjectRegistry(ProjectRegistryManager.java:1042)
	at org.eclipse.m2e.core.internal.project.registry.ProjectRegistryRefreshJob.lambda$0(ProjectRegistryRefreshJob.java:162)
	at org.eclipse.m2e.core.internal.embedder.MavenExecutionContext.executeBare(MavenExecutionContext.java:458)
	at org.eclipse.m2e.core.internal.embedder.MavenExecutionContext.execute(MavenExecutionContext.java:339)
	at org.eclipse.m2e.core.internal.embedder.MavenExecutionContext.execute(MavenExecutionContext.java:278)
	at org.eclipse.m2e.core.internal.project.registry.ProjectRegistryRefreshJob.run(ProjectRegistryRefreshJob.java:106)
	at org.eclipse.core.internal.jobs.Worker.run(Worker.java:63)
2024-12-10 16:41:59,825 [Worker-17: Updating Maven Dependencies] ERROR o.e.m.j.i.l.MavenLaunchConfigurationListener - Launch configuration InvoiceRemoveWorkOrderTests references non-existing project cws_services_jpa.
org.eclipse.core.runtime.CoreException: Launch configuration InvoiceRemoveWorkOrderTests references non-existing project cws_services_jpa.
	at org.eclipse.jdt.launching.JavaRuntime.abort(JavaRuntime.java:1870)
	at org.eclipse.jdt.launching.JavaRuntime.getJavaProject(JavaRuntime.java:1747)
	at org.eclipse.m2e.jdt.internal.launch.MavenLaunchConfigurationListener.updateLaunchConfiguration(MavenLaunchConfigurationListener.java:66)
	at org.eclipse.m2e.jdt.internal.launch.MavenLaunchConfigurationListener.launchConfigurationChanged(MavenLaunchConfigurationListener.java:52)
	at org.eclipse.debug.internal.core.LaunchManager$ConfigurationNotifier.run(LaunchManager.java:219)
	at org.eclipse.core.runtime.SafeRunner.run(SafeRunner.java:47)
	at org.eclipse.debug.internal.core.LaunchManager$ConfigurationNotifier.notify(LaunchManager.java:203)
	at org.eclipse.debug.internal.core.LaunchManager.launchConfigurationChanged(LaunchManager.java:1960)
	at org.eclipse.debug.internal.core.LaunchConfigurationWorkingCopy.writeNewFile(LaunchConfigurationWorkingCopy.java:380)
	at org.eclipse.debug.internal.core.LaunchConfigurationWorkingCopy.doSave0(LaunchConfigurationWorkingCopy.java:259)
	at org.eclipse.debug.internal.core.LaunchConfigurationWorkingCopy.doSave(LaunchConfigurationWorkingCopy.java:229)
	at org.eclipse.debug.internal.core.LaunchConfigurationWorkingCopy.doSave(LaunchConfigurationWorkingCopy.java:187)
	at org.eclipse.m2e.jdt.internal.launch.MavenRuntimeClasspathProvider.disable(MavenRuntimeClasspathProvider.java:411)
	at org.eclipse.m2e.jdt.internal.launch.MavenRuntimeClasspathProvider.disable(MavenRuntimeClasspathProvider.java:435)
	at org.eclipse.m2e.jdt.internal.launch.MavenLaunchConfigurationListener.mavenProjectChanged(MavenLaunchConfigurationListener.java:137)
	at org.eclipse.m2e.core.internal.project.registry.ProjectRegistryManager.notifyProjectChangeListeners(ProjectRegistryManager.java:892)
	at org.eclipse.m2e.core.internal.project.registry.ProjectRegistryManager.applyMutableProjectRegistry(ProjectRegistryManager.java:1042)
	at org.eclipse.m2e.core.internal.project.registry.ProjectRegistryRefreshJob.lambda$0(ProjectRegistryRefreshJob.java:162)
	at org.eclipse.m2e.core.internal.embedder.MavenExecutionContext.executeBare(MavenExecutionContext.java:458)
	at org.eclipse.m2e.core.internal.embedder.MavenExecutionContext.execute(MavenExecutionContext.java:339)
	at org.eclipse.m2e.core.internal.embedder.MavenExecutionContext.execute(MavenExecutionContext.java:278)
	at org.eclipse.m2e.core.internal.project.registry.ProjectRegistryRefreshJob.run(ProjectRegistryRefreshJob.java:106)
	at org.eclipse.core.internal.jobs.Worker.run(Worker.java:63)
2024-12-10 16:41:59,827 [Worker-17: Updating Maven Dependencies] ERROR o.e.m.j.i.l.MavenLaunchConfigurationListener - Launch configuration LoadEntityManagerFactory references non-existing project cws_services_jpa.
org.eclipse.core.runtime.CoreException: Launch configuration LoadEntityManagerFactory references non-existing project cws_services_jpa.
	at org.eclipse.jdt.launching.JavaRuntime.abort(JavaRuntime.java:1870)
	at org.eclipse.jdt.launching.JavaRuntime.getJavaProject(JavaRuntime.java:1747)
	at org.eclipse.m2e.jdt.internal.launch.MavenLaunchConfigurationListener.updateLaunchConfiguration(MavenLaunchConfigurationListener.java:66)
	at org.eclipse.m2e.jdt.internal.launch.MavenLaunchConfigurationListener.launchConfigurationChanged(MavenLaunchConfigurationListener.java:52)
	at org.eclipse.debug.internal.core.LaunchManager$ConfigurationNotifier.run(LaunchManager.java:219)
	at org.eclipse.core.runtime.SafeRunner.run(SafeRunner.java:47)
	at org.eclipse.debug.internal.core.LaunchManager$ConfigurationNotifier.notify(LaunchManager.java:203)
	at org.eclipse.debug.internal.core.LaunchConfigurationWorkingCopy.setDirty(LaunchConfigurationWorkingCopy.java:527)
	at org.eclipse.debug.internal.core.LaunchConfigurationWorkingCopy.setAttribute(LaunchConfigurationWorkingCopy.java:415)
	at org.eclipse.m2e.jdt.internal.launch.MavenRuntimeClasspathProvider.disable(MavenRuntimeClasspathProvider.java:409)
	at org.eclipse.m2e.jdt.internal.launch.MavenRuntimeClasspathProvider.disable(MavenRuntimeClasspathProvider.java:435)
	at org.eclipse.m2e.jdt.internal.launch.MavenLaunchConfigurationListener.mavenProjectChanged(MavenLaunchConfigurationListener.java:137)
	at org.eclipse.m2e.core.internal.project.registry.ProjectRegistryManager.notifyProjectChangeListeners(ProjectRegistryManager.java:892)
	at org.eclipse.m2e.core.internal.project.registry.ProjectRegistryManager.applyMutableProjectRegistry(ProjectRegistryManager.java:1042)
	at org.eclipse.m2e.core.internal.project.registry.ProjectRegistryRefreshJob.lambda$0(ProjectRegistryRefreshJob.java:162)
	at org.eclipse.m2e.core.internal.embedder.MavenExecutionContext.executeBare(MavenExecutionContext.java:458)
	at org.eclipse.m2e.core.internal.embedder.MavenExecutionContext.execute(MavenExecutionContext.java:339)
	at org.eclipse.m2e.core.internal.embedder.MavenExecutionContext.execute(MavenExecutionContext.java:278)
	at org.eclipse.m2e.core.internal.project.registry.ProjectRegistryRefreshJob.run(ProjectRegistryRefreshJob.java:106)
	at org.eclipse.core.internal.jobs.Worker.run(Worker.java:63)
2024-12-10 16:41:59,828 [Worker-17: Updating Maven Dependencies] ERROR o.e.m.j.i.l.MavenLaunchConfigurationListener - Launch configuration LoadEntityManagerFactory references non-existing project cws_services_jpa.
org.eclipse.core.runtime.CoreException: Launch configuration LoadEntityManagerFactory references non-existing project cws_services_jpa.
	at org.eclipse.jdt.launching.JavaRuntime.abort(JavaRuntime.java:1870)
	at org.eclipse.jdt.launching.JavaRuntime.getJavaProject(JavaRuntime.java:1747)
	at org.eclipse.m2e.jdt.internal.launch.MavenLaunchConfigurationListener.updateLaunchConfiguration(MavenLaunchConfigurationListener.java:66)
	at org.eclipse.m2e.jdt.internal.launch.MavenLaunchConfigurationListener.launchConfigurationChanged(MavenLaunchConfigurationListener.java:52)
	at org.eclipse.debug.internal.core.LaunchManager$ConfigurationNotifier.run(LaunchManager.java:219)
	at org.eclipse.core.runtime.SafeRunner.run(SafeRunner.java:47)
	at org.eclipse.debug.internal.core.LaunchManager$ConfigurationNotifier.notify(LaunchManager.java:203)
	at org.eclipse.debug.internal.core.LaunchConfigurationWorkingCopy.setDirty(LaunchConfigurationWorkingCopy.java:527)
	at org.eclipse.debug.internal.core.LaunchConfigurationWorkingCopy.setAttribute(LaunchConfigurationWorkingCopy.java:415)
	at org.eclipse.m2e.jdt.internal.launch.MavenRuntimeClasspathProvider.disable(MavenRuntimeClasspathProvider.java:410)
	at org.eclipse.m2e.jdt.internal.launch.MavenRuntimeClasspathProvider.disable(MavenRuntimeClasspathProvider.java:435)
	at org.eclipse.m2e.jdt.internal.launch.MavenLaunchConfigurationListener.mavenProjectChanged(MavenLaunchConfigurationListener.java:137)
	at org.eclipse.m2e.core.internal.project.registry.ProjectRegistryManager.notifyProjectChangeListeners(ProjectRegistryManager.java:892)
	at org.eclipse.m2e.core.internal.project.registry.ProjectRegistryManager.applyMutableProjectRegistry(ProjectRegistryManager.java:1042)
	at org.eclipse.m2e.core.internal.project.registry.ProjectRegistryRefreshJob.lambda$0(ProjectRegistryRefreshJob.java:162)
	at org.eclipse.m2e.core.internal.embedder.MavenExecutionContext.executeBare(MavenExecutionContext.java:458)
	at org.eclipse.m2e.core.internal.embedder.MavenExecutionContext.execute(MavenExecutionContext.java:339)
	at org.eclipse.m2e.core.internal.embedder.MavenExecutionContext.execute(MavenExecutionContext.java:278)
	at org.eclipse.m2e.core.internal.project.registry.ProjectRegistryRefreshJob.run(ProjectRegistryRefreshJob.java:106)
	at org.eclipse.core.internal.jobs.Worker.run(Worker.java:63)
2024-12-10 16:41:59,832 [Worker-17: Updating Maven Dependencies] ERROR o.e.m.j.i.l.MavenLaunchConfigurationListener - Launch configuration LoadEntityManagerFactory references non-existing project cws_services_jpa.
org.eclipse.core.runtime.CoreException: Launch configuration LoadEntityManagerFactory references non-existing project cws_services_jpa.
	at org.eclipse.jdt.launching.JavaRuntime.abort(JavaRuntime.java:1870)
	at org.eclipse.jdt.launching.JavaRuntime.getJavaProject(JavaRuntime.java:1747)
	at org.eclipse.m2e.jdt.internal.launch.MavenLaunchConfigurationListener.updateLaunchConfiguration(MavenLaunchConfigurationListener.java:66)
	at org.eclipse.m2e.jdt.internal.launch.MavenLaunchConfigurationListener.launchConfigurationChanged(MavenLaunchConfigurationListener.java:52)
	at org.eclipse.debug.internal.core.LaunchManager$ConfigurationNotifier.run(LaunchManager.java:219)
	at org.eclipse.core.runtime.SafeRunner.run(SafeRunner.java:47)
	at org.eclipse.debug.internal.core.LaunchManager$ConfigurationNotifier.notify(LaunchManager.java:203)
	at org.eclipse.debug.internal.core.LaunchManager.launchConfigurationChanged(LaunchManager.java:1960)
	at org.eclipse.debug.internal.core.LaunchConfigurationWorkingCopy.writeNewFile(LaunchConfigurationWorkingCopy.java:380)
	at org.eclipse.debug.internal.core.LaunchConfigurationWorkingCopy.doSave0(LaunchConfigurationWorkingCopy.java:259)
	at org.eclipse.debug.internal.core.LaunchConfigurationWorkingCopy.doSave(LaunchConfigurationWorkingCopy.java:229)
	at org.eclipse.debug.internal.core.LaunchConfigurationWorkingCopy.doSave(LaunchConfigurationWorkingCopy.java:187)
	at org.eclipse.m2e.jdt.internal.launch.MavenRuntimeClasspathProvider.disable(MavenRuntimeClasspathProvider.java:411)
	at org.eclipse.m2e.jdt.internal.launch.MavenRuntimeClasspathProvider.disable(MavenRuntimeClasspathProvider.java:435)
	at org.eclipse.m2e.jdt.internal.launch.MavenLaunchConfigurationListener.mavenProjectChanged(MavenLaunchConfigurationListener.java:137)
	at org.eclipse.m2e.core.internal.project.registry.ProjectRegistryManager.notifyProjectChangeListeners(ProjectRegistryManager.java:892)
	at org.eclipse.m2e.core.internal.project.registry.ProjectRegistryManager.applyMutableProjectRegistry(ProjectRegistryManager.java:1042)
	at org.eclipse.m2e.core.internal.project.registry.ProjectRegistryRefreshJob.lambda$0(ProjectRegistryRefreshJob.java:162)
	at org.eclipse.m2e.core.internal.embedder.MavenExecutionContext.executeBare(MavenExecutionContext.java:458)
	at org.eclipse.m2e.core.internal.embedder.MavenExecutionContext.execute(MavenExecutionContext.java:339)
	at org.eclipse.m2e.core.internal.embedder.MavenExecutionContext.execute(MavenExecutionContext.java:278)
	at org.eclipse.m2e.core.internal.project.registry.ProjectRegistryRefreshJob.run(ProjectRegistryRefreshJob.java:106)
	at org.eclipse.core.internal.jobs.Worker.run(Worker.java:63)
2024-12-10 16:41:59,833 [Worker-17: Updating Maven Dependencies] ERROR o.e.m.j.i.l.MavenLaunchConfigurationListener - Launch configuration uo.ri.cws.associations references non-existing project cws_services_jpa.
org.eclipse.core.runtime.CoreException: Launch configuration uo.ri.cws.associations references non-existing project cws_services_jpa.
	at org.eclipse.jdt.launching.JavaRuntime.abort(JavaRuntime.java:1870)
	at org.eclipse.jdt.launching.JavaRuntime.getJavaProject(JavaRuntime.java:1747)
	at org.eclipse.m2e.jdt.internal.launch.MavenLaunchConfigurationListener.updateLaunchConfiguration(MavenLaunchConfigurationListener.java:66)
	at org.eclipse.m2e.jdt.internal.launch.MavenLaunchConfigurationListener.launchConfigurationChanged(MavenLaunchConfigurationListener.java:52)
	at org.eclipse.debug.internal.core.LaunchManager$ConfigurationNotifier.run(LaunchManager.java:219)
	at org.eclipse.core.runtime.SafeRunner.run(SafeRunner.java:47)
	at org.eclipse.debug.internal.core.LaunchManager$ConfigurationNotifier.notify(LaunchManager.java:203)
	at org.eclipse.debug.internal.core.LaunchConfigurationWorkingCopy.setDirty(LaunchConfigurationWorkingCopy.java:527)
	at org.eclipse.debug.internal.core.LaunchConfigurationWorkingCopy.setAttribute(LaunchConfigurationWorkingCopy.java:415)
	at org.eclipse.m2e.jdt.internal.launch.MavenRuntimeClasspathProvider.disable(MavenRuntimeClasspathProvider.java:409)
	at org.eclipse.m2e.jdt.internal.launch.MavenRuntimeClasspathProvider.disable(MavenRuntimeClasspathProvider.java:435)
	at org.eclipse.m2e.jdt.internal.launch.MavenLaunchConfigurationListener.mavenProjectChanged(MavenLaunchConfigurationListener.java:137)
	at org.eclipse.m2e.core.internal.project.registry.ProjectRegistryManager.notifyProjectChangeListeners(ProjectRegistryManager.java:892)
	at org.eclipse.m2e.core.internal.project.registry.ProjectRegistryManager.applyMutableProjectRegistry(ProjectRegistryManager.java:1042)
	at org.eclipse.m2e.core.internal.project.registry.ProjectRegistryRefreshJob.lambda$0(ProjectRegistryRefreshJob.java:162)
	at org.eclipse.m2e.core.internal.embedder.MavenExecutionContext.executeBare(MavenExecutionContext.java:458)
	at org.eclipse.m2e.core.internal.embedder.MavenExecutionContext.execute(MavenExecutionContext.java:339)
	at org.eclipse.m2e.core.internal.embedder.MavenExecutionContext.execute(MavenExecutionContext.java:278)
	at org.eclipse.m2e.core.internal.project.registry.ProjectRegistryRefreshJob.run(ProjectRegistryRefreshJob.java:106)
	at org.eclipse.core.internal.jobs.Worker.run(Worker.java:63)
2024-12-10 16:41:59,834 [Worker-17: Updating Maven Dependencies] ERROR o.e.m.j.i.l.MavenLaunchConfigurationListener - Launch configuration uo.ri.cws.associations references non-existing project cws_services_jpa.
org.eclipse.core.runtime.CoreException: Launch configuration uo.ri.cws.associations references non-existing project cws_services_jpa.
	at org.eclipse.jdt.launching.JavaRuntime.abort(JavaRuntime.java:1870)
	at org.eclipse.jdt.launching.JavaRuntime.getJavaProject(JavaRuntime.java:1747)
	at org.eclipse.m2e.jdt.internal.launch.MavenLaunchConfigurationListener.updateLaunchConfiguration(MavenLaunchConfigurationListener.java:66)
	at org.eclipse.m2e.jdt.internal.launch.MavenLaunchConfigurationListener.launchConfigurationChanged(MavenLaunchConfigurationListener.java:52)
	at org.eclipse.debug.internal.core.LaunchManager$ConfigurationNotifier.run(LaunchManager.java:219)
	at org.eclipse.core.runtime.SafeRunner.run(SafeRunner.java:47)
	at org.eclipse.debug.internal.core.LaunchManager$ConfigurationNotifier.notify(LaunchManager.java:203)
	at org.eclipse.debug.internal.core.LaunchConfigurationWorkingCopy.setDirty(LaunchConfigurationWorkingCopy.java:527)
	at org.eclipse.debug.internal.core.LaunchConfigurationWorkingCopy.setAttribute(LaunchConfigurationWorkingCopy.java:415)
	at org.eclipse.m2e.jdt.internal.launch.MavenRuntimeClasspathProvider.disable(MavenRuntimeClasspathProvider.java:410)
	at org.eclipse.m2e.jdt.internal.launch.MavenRuntimeClasspathProvider.disable(MavenRuntimeClasspathProvider.java:435)
	at org.eclipse.m2e.jdt.internal.launch.MavenLaunchConfigurationListener.mavenProjectChanged(MavenLaunchConfigurationListener.java:137)
	at org.eclipse.m2e.core.internal.project.registry.ProjectRegistryManager.notifyProjectChangeListeners(ProjectRegistryManager.java:892)
	at org.eclipse.m2e.core.internal.project.registry.ProjectRegistryManager.applyMutableProjectRegistry(ProjectRegistryManager.java:1042)
	at org.eclipse.m2e.core.internal.project.registry.ProjectRegistryRefreshJob.lambda$0(ProjectRegistryRefreshJob.java:162)
	at org.eclipse.m2e.core.internal.embedder.MavenExecutionContext.executeBare(MavenExecutionContext.java:458)
	at org.eclipse.m2e.core.internal.embedder.MavenExecutionContext.execute(MavenExecutionContext.java:339)
	at org.eclipse.m2e.core.internal.embedder.MavenExecutionContext.execute(MavenExecutionContext.java:278)
	at org.eclipse.m2e.core.internal.project.registry.ProjectRegistryRefreshJob.run(ProjectRegistryRefreshJob.java:106)
	at org.eclipse.core.internal.jobs.Worker.run(Worker.java:63)
2024-12-10 16:41:59,838 [Worker-17: Updating Maven Dependencies] ERROR o.e.m.j.i.l.MavenLaunchConfigurationListener - Launch configuration uo.ri.cws.associations references non-existing project cws_services_jpa.
org.eclipse.core.runtime.CoreException: Launch configuration uo.ri.cws.associations references non-existing project cws_services_jpa.
	at org.eclipse.jdt.launching.JavaRuntime.abort(JavaRuntime.java:1870)
	at org.eclipse.jdt.launching.JavaRuntime.getJavaProject(JavaRuntime.java:1747)
	at org.eclipse.m2e.jdt.internal.launch.MavenLaunchConfigurationListener.updateLaunchConfiguration(MavenLaunchConfigurationListener.java:66)
	at org.eclipse.m2e.jdt.internal.launch.MavenLaunchConfigurationListener.launchConfigurationChanged(MavenLaunchConfigurationListener.java:52)
	at org.eclipse.debug.internal.core.LaunchManager$ConfigurationNotifier.run(LaunchManager.java:219)
	at org.eclipse.core.runtime.SafeRunner.run(SafeRunner.java:47)
	at org.eclipse.debug.internal.core.LaunchManager$ConfigurationNotifier.notify(LaunchManager.java:203)
	at org.eclipse.debug.internal.core.LaunchManager.launchConfigurationChanged(LaunchManager.java:1960)
	at org.eclipse.debug.internal.core.LaunchConfigurationWorkingCopy.writeNewFile(LaunchConfigurationWorkingCopy.java:380)
	at org.eclipse.debug.internal.core.LaunchConfigurationWorkingCopy.doSave0(LaunchConfigurationWorkingCopy.java:259)
	at org.eclipse.debug.internal.core.LaunchConfigurationWorkingCopy.doSave(LaunchConfigurationWorkingCopy.java:229)
	at org.eclipse.debug.internal.core.LaunchConfigurationWorkingCopy.doSave(LaunchConfigurationWorkingCopy.java:187)
	at org.eclipse.m2e.jdt.internal.launch.MavenRuntimeClasspathProvider.disable(MavenRuntimeClasspathProvider.java:411)
	at org.eclipse.m2e.jdt.internal.launch.MavenRuntimeClasspathProvider.disable(MavenRuntimeClasspathProvider.java:435)
	at org.eclipse.m2e.jdt.internal.launch.MavenLaunchConfigurationListener.mavenProjectChanged(MavenLaunchConfigurationListener.java:137)
	at org.eclipse.m2e.core.internal.project.registry.ProjectRegistryManager.notifyProjectChangeListeners(ProjectRegistryManager.java:892)
	at org.eclipse.m2e.core.internal.project.registry.ProjectRegistryManager.applyMutableProjectRegistry(ProjectRegistryManager.java:1042)
	at org.eclipse.m2e.core.internal.project.registry.ProjectRegistryRefreshJob.lambda$0(ProjectRegistryRefreshJob.java:162)
	at org.eclipse.m2e.core.internal.embedder.MavenExecutionContext.executeBare(MavenExecutionContext.java:458)
	at org.eclipse.m2e.core.internal.embedder.MavenExecutionContext.execute(MavenExecutionContext.java:339)
	at org.eclipse.m2e.core.internal.embedder.MavenExecutionContext.execute(MavenExecutionContext.java:278)
	at org.eclipse.m2e.core.internal.project.registry.ProjectRegistryRefreshJob.run(ProjectRegistryRefreshJob.java:106)
	at org.eclipse.core.internal.jobs.Worker.run(Worker.java:63)
2024-12-10 16:41:59,839 [Worker-17: Updating Maven Dependencies] ERROR o.e.m.j.i.l.MavenLaunchConfigurationListener - Launch configuration uo.ri.cws.domain (1) references non-existing project cws_services_jpa.
org.eclipse.core.runtime.CoreException: Launch configuration uo.ri.cws.domain (1) references non-existing project cws_services_jpa.
	at org.eclipse.jdt.launching.JavaRuntime.abort(JavaRuntime.java:1870)
	at org.eclipse.jdt.launching.JavaRuntime.getJavaProject(JavaRuntime.java:1747)
	at org.eclipse.m2e.jdt.internal.launch.MavenLaunchConfigurationListener.updateLaunchConfiguration(MavenLaunchConfigurationListener.java:66)
	at org.eclipse.m2e.jdt.internal.launch.MavenLaunchConfigurationListener.launchConfigurationChanged(MavenLaunchConfigurationListener.java:52)
	at org.eclipse.debug.internal.core.LaunchManager$ConfigurationNotifier.run(LaunchManager.java:219)
	at org.eclipse.core.runtime.SafeRunner.run(SafeRunner.java:47)
	at org.eclipse.debug.internal.core.LaunchManager$ConfigurationNotifier.notify(LaunchManager.java:203)
	at org.eclipse.debug.internal.core.LaunchConfigurationWorkingCopy.setDirty(LaunchConfigurationWorkingCopy.java:527)
	at org.eclipse.debug.internal.core.LaunchConfigurationWorkingCopy.setAttribute(LaunchConfigurationWorkingCopy.java:415)
	at org.eclipse.m2e.jdt.internal.launch.MavenRuntimeClasspathProvider.disable(MavenRuntimeClasspathProvider.java:409)
	at org.eclipse.m2e.jdt.internal.launch.MavenRuntimeClasspathProvider.disable(MavenRuntimeClasspathProvider.java:435)
	at org.eclipse.m2e.jdt.internal.launch.MavenLaunchConfigurationListener.mavenProjectChanged(MavenLaunchConfigurationListener.java:137)
	at org.eclipse.m2e.core.internal.project.registry.ProjectRegistryManager.notifyProjectChangeListeners(ProjectRegistryManager.java:892)
	at org.eclipse.m2e.core.internal.project.registry.ProjectRegistryManager.applyMutableProjectRegistry(ProjectRegistryManager.java:1042)
	at org.eclipse.m2e.core.internal.project.registry.ProjectRegistryRefreshJob.lambda$0(ProjectRegistryRefreshJob.java:162)
	at org.eclipse.m2e.core.internal.embedder.MavenExecutionContext.executeBare(MavenExecutionContext.java:458)
	at org.eclipse.m2e.core.internal.embedder.MavenExecutionContext.execute(MavenExecutionContext.java:339)
	at org.eclipse.m2e.core.internal.embedder.MavenExecutionContext.execute(MavenExecutionContext.java:278)
	at org.eclipse.m2e.core.internal.project.registry.ProjectRegistryRefreshJob.run(ProjectRegistryRefreshJob.java:106)
	at org.eclipse.core.internal.jobs.Worker.run(Worker.java:63)
2024-12-10 16:41:59,841 [Worker-17: Updating Maven Dependencies] ERROR o.e.m.j.i.l.MavenLaunchConfigurationListener - Launch configuration uo.ri.cws.domain (1) references non-existing project cws_services_jpa.
org.eclipse.core.runtime.CoreException: Launch configuration uo.ri.cws.domain (1) references non-existing project cws_services_jpa.
	at org.eclipse.jdt.launching.JavaRuntime.abort(JavaRuntime.java:1870)
	at org.eclipse.jdt.launching.JavaRuntime.getJavaProject(JavaRuntime.java:1747)
	at org.eclipse.m2e.jdt.internal.launch.MavenLaunchConfigurationListener.updateLaunchConfiguration(MavenLaunchConfigurationListener.java:66)
	at org.eclipse.m2e.jdt.internal.launch.MavenLaunchConfigurationListener.launchConfigurationChanged(MavenLaunchConfigurationListener.java:52)
	at org.eclipse.debug.internal.core.LaunchManager$ConfigurationNotifier.run(LaunchManager.java:219)
	at org.eclipse.core.runtime.SafeRunner.run(SafeRunner.java:47)
	at org.eclipse.debug.internal.core.LaunchManager$ConfigurationNotifier.notify(LaunchManager.java:203)
	at org.eclipse.debug.internal.core.LaunchConfigurationWorkingCopy.setDirty(LaunchConfigurationWorkingCopy.java:527)
	at org.eclipse.debug.internal.core.LaunchConfigurationWorkingCopy.setAttribute(LaunchConfigurationWorkingCopy.java:415)
	at org.eclipse.m2e.jdt.internal.launch.MavenRuntimeClasspathProvider.disable(MavenRuntimeClasspathProvider.java:410)
	at org.eclipse.m2e.jdt.internal.launch.MavenRuntimeClasspathProvider.disable(MavenRuntimeClasspathProvider.java:435)
	at org.eclipse.m2e.jdt.internal.launch.MavenLaunchConfigurationListener.mavenProjectChanged(MavenLaunchConfigurationListener.java:137)
	at org.eclipse.m2e.core.internal.project.registry.ProjectRegistryManager.notifyProjectChangeListeners(ProjectRegistryManager.java:892)
	at org.eclipse.m2e.core.internal.project.registry.ProjectRegistryManager.applyMutableProjectRegistry(ProjectRegistryManager.java:1042)
	at org.eclipse.m2e.core.internal.project.registry.ProjectRegistryRefreshJob.lambda$0(ProjectRegistryRefreshJob.java:162)
	at org.eclipse.m2e.core.internal.embedder.MavenExecutionContext.executeBare(MavenExecutionContext.java:458)
	at org.eclipse.m2e.core.internal.embedder.MavenExecutionContext.execute(MavenExecutionContext.java:339)
	at org.eclipse.m2e.core.internal.embedder.MavenExecutionContext.execute(MavenExecutionContext.java:278)
	at org.eclipse.m2e.core.internal.project.registry.ProjectRegistryRefreshJob.run(ProjectRegistryRefreshJob.java:106)
	at org.eclipse.core.internal.jobs.Worker.run(Worker.java:63)
2024-12-10 16:41:59,845 [Worker-17: Updating Maven Dependencies] ERROR o.e.m.j.i.l.MavenLaunchConfigurationListener - Launch configuration uo.ri.cws.domain (1) references non-existing project cws_services_jpa.
org.eclipse.core.runtime.CoreException: Launch configuration uo.ri.cws.domain (1) references non-existing project cws_services_jpa.
	at org.eclipse.jdt.launching.JavaRuntime.abort(JavaRuntime.java:1870)
	at org.eclipse.jdt.launching.JavaRuntime.getJavaProject(JavaRuntime.java:1747)
	at org.eclipse.m2e.jdt.internal.launch.MavenLaunchConfigurationListener.updateLaunchConfiguration(MavenLaunchConfigurationListener.java:66)
	at org.eclipse.m2e.jdt.internal.launch.MavenLaunchConfigurationListener.launchConfigurationChanged(MavenLaunchConfigurationListener.java:52)
	at org.eclipse.debug.internal.core.LaunchManager$ConfigurationNotifier.run(LaunchManager.java:219)
	at org.eclipse.core.runtime.SafeRunner.run(SafeRunner.java:47)
	at org.eclipse.debug.internal.core.LaunchManager$ConfigurationNotifier.notify(LaunchManager.java:203)
	at org.eclipse.debug.internal.core.LaunchManager.launchConfigurationChanged(LaunchManager.java:1960)
	at org.eclipse.debug.internal.core.LaunchConfigurationWorkingCopy.writeNewFile(LaunchConfigurationWorkingCopy.java:380)
	at org.eclipse.debug.internal.core.LaunchConfigurationWorkingCopy.doSave0(LaunchConfigurationWorkingCopy.java:259)
	at org.eclipse.debug.internal.core.LaunchConfigurationWorkingCopy.doSave(LaunchConfigurationWorkingCopy.java:229)
	at org.eclipse.debug.internal.core.LaunchConfigurationWorkingCopy.doSave(LaunchConfigurationWorkingCopy.java:187)
	at org.eclipse.m2e.jdt.internal.launch.MavenRuntimeClasspathProvider.disable(MavenRuntimeClasspathProvider.java:411)
	at org.eclipse.m2e.jdt.internal.launch.MavenRuntimeClasspathProvider.disable(MavenRuntimeClasspathProvider.java:435)
	at org.eclipse.m2e.jdt.internal.launch.MavenLaunchConfigurationListener.mavenProjectChanged(MavenLaunchConfigurationListener.java:137)
	at org.eclipse.m2e.core.internal.project.registry.ProjectRegistryManager.notifyProjectChangeListeners(ProjectRegistryManager.java:892)
	at org.eclipse.m2e.core.internal.project.registry.ProjectRegistryManager.applyMutableProjectRegistry(ProjectRegistryManager.java:1042)
	at org.eclipse.m2e.core.internal.project.registry.ProjectRegistryRefreshJob.lambda$0(ProjectRegistryRefreshJob.java:162)
	at org.eclipse.m2e.core.internal.embedder.MavenExecutionContext.executeBare(MavenExecutionContext.java:458)
	at org.eclipse.m2e.core.internal.embedder.MavenExecutionContext.execute(MavenExecutionContext.java:339)
	at org.eclipse.m2e.core.internal.embedder.MavenExecutionContext.execute(MavenExecutionContext.java:278)
	at org.eclipse.m2e.core.internal.project.registry.ProjectRegistryRefreshJob.run(ProjectRegistryRefreshJob.java:106)
	at org.eclipse.core.internal.jobs.Worker.run(Worker.java:63)
2024-12-10 16:41:59,847 [Worker-17: Updating Maven Dependencies] ERROR o.e.m.j.i.l.MavenLaunchConfigurationListener - Launch configuration uo.ri.cws.domain references non-existing project cws_services_jpa.
org.eclipse.core.runtime.CoreException: Launch configuration uo.ri.cws.domain references non-existing project cws_services_jpa.
	at org.eclipse.jdt.launching.JavaRuntime.abort(JavaRuntime.java:1870)
	at org.eclipse.jdt.launching.JavaRuntime.getJavaProject(JavaRuntime.java:1747)
	at org.eclipse.m2e.jdt.internal.launch.MavenLaunchConfigurationListener.updateLaunchConfiguration(MavenLaunchConfigurationListener.java:66)
	at org.eclipse.m2e.jdt.internal.launch.MavenLaunchConfigurationListener.launchConfigurationChanged(MavenLaunchConfigurationListener.java:52)
	at org.eclipse.debug.internal.core.LaunchManager$ConfigurationNotifier.run(LaunchManager.java:219)
	at org.eclipse.core.runtime.SafeRunner.run(SafeRunner.java:47)
	at org.eclipse.debug.internal.core.LaunchManager$ConfigurationNotifier.notify(LaunchManager.java:203)
	at org.eclipse.debug.internal.core.LaunchConfigurationWorkingCopy.setDirty(LaunchConfigurationWorkingCopy.java:527)
	at org.eclipse.debug.internal.core.LaunchConfigurationWorkingCopy.setAttribute(LaunchConfigurationWorkingCopy.java:415)
	at org.eclipse.m2e.jdt.internal.launch.MavenRuntimeClasspathProvider.disable(MavenRuntimeClasspathProvider.java:409)
	at org.eclipse.m2e.jdt.internal.launch.MavenRuntimeClasspathProvider.disable(MavenRuntimeClasspathProvider.java:435)
	at org.eclipse.m2e.jdt.internal.launch.MavenLaunchConfigurationListener.mavenProjectChanged(MavenLaunchConfigurationListener.java:137)
	at org.eclipse.m2e.core.internal.project.registry.ProjectRegistryManager.notifyProjectChangeListeners(ProjectRegistryManager.java:892)
	at org.eclipse.m2e.core.internal.project.registry.ProjectRegistryManager.applyMutableProjectRegistry(ProjectRegistryManager.java:1042)
	at org.eclipse.m2e.core.internal.project.registry.ProjectRegistryRefreshJob.lambda$0(ProjectRegistryRefreshJob.java:162)
	at org.eclipse.m2e.core.internal.embedder.MavenExecutionContext.executeBare(MavenExecutionContext.java:458)
	at org.eclipse.m2e.core.internal.embedder.MavenExecutionContext.execute(MavenExecutionContext.java:339)
	at org.eclipse.m2e.core.internal.embedder.MavenExecutionContext.execute(MavenExecutionContext.java:278)
	at org.eclipse.m2e.core.internal.project.registry.ProjectRegistryRefreshJob.run(ProjectRegistryRefreshJob.java:106)
	at org.eclipse.core.internal.jobs.Worker.run(Worker.java:63)
2024-12-10 16:41:59,848 [Worker-17: Updating Maven Dependencies] ERROR o.e.m.j.i.l.MavenLaunchConfigurationListener - Launch configuration uo.ri.cws.domain references non-existing project cws_services_jpa.
org.eclipse.core.runtime.CoreException: Launch configuration uo.ri.cws.domain references non-existing project cws_services_jpa.
	at org.eclipse.jdt.launching.JavaRuntime.abort(JavaRuntime.java:1870)
	at org.eclipse.jdt.launching.JavaRuntime.getJavaProject(JavaRuntime.java:1747)
	at org.eclipse.m2e.jdt.internal.launch.MavenLaunchConfigurationListener.updateLaunchConfiguration(MavenLaunchConfigurationListener.java:66)
	at org.eclipse.m2e.jdt.internal.launch.MavenLaunchConfigurationListener.launchConfigurationChanged(MavenLaunchConfigurationListener.java:52)
	at org.eclipse.debug.internal.core.LaunchManager$ConfigurationNotifier.run(LaunchManager.java:219)
	at org.eclipse.core.runtime.SafeRunner.run(SafeRunner.java:47)
	at org.eclipse.debug.internal.core.LaunchManager$ConfigurationNotifier.notify(LaunchManager.java:203)
	at org.eclipse.debug.internal.core.LaunchConfigurationWorkingCopy.setDirty(LaunchConfigurationWorkingCopy.java:527)
	at org.eclipse.debug.internal.core.LaunchConfigurationWorkingCopy.setAttribute(LaunchConfigurationWorkingCopy.java:415)
	at org.eclipse.m2e.jdt.internal.launch.MavenRuntimeClasspathProvider.disable(MavenRuntimeClasspathProvider.java:410)
	at org.eclipse.m2e.jdt.internal.launch.MavenRuntimeClasspathProvider.disable(MavenRuntimeClasspathProvider.java:435)
	at org.eclipse.m2e.jdt.internal.launch.MavenLaunchConfigurationListener.mavenProjectChanged(MavenLaunchConfigurationListener.java:137)
	at org.eclipse.m2e.core.internal.project.registry.ProjectRegistryManager.notifyProjectChangeListeners(ProjectRegistryManager.java:892)
	at org.eclipse.m2e.core.internal.project.registry.ProjectRegistryManager.applyMutableProjectRegistry(ProjectRegistryManager.java:1042)
	at org.eclipse.m2e.core.internal.project.registry.ProjectRegistryRefreshJob.lambda$0(ProjectRegistryRefreshJob.java:162)
	at org.eclipse.m2e.core.internal.embedder.MavenExecutionContext.executeBare(MavenExecutionContext.java:458)
	at org.eclipse.m2e.core.internal.embedder.MavenExecutionContext.execute(MavenExecutionContext.java:339)
	at org.eclipse.m2e.core.internal.embedder.MavenExecutionContext.execute(MavenExecutionContext.java:278)
	at org.eclipse.m2e.core.internal.project.registry.ProjectRegistryRefreshJob.run(ProjectRegistryRefreshJob.java:106)
	at org.eclipse.core.internal.jobs.Worker.run(Worker.java:63)
2024-12-10 16:41:59,853 [Worker-17: Updating Maven Dependencies] ERROR o.e.m.j.i.l.MavenLaunchConfigurationListener - Launch configuration uo.ri.cws.domain references non-existing project cws_services_jpa.
org.eclipse.core.runtime.CoreException: Launch configuration uo.ri.cws.domain references non-existing project cws_services_jpa.
	at org.eclipse.jdt.launching.JavaRuntime.abort(JavaRuntime.java:1870)
	at org.eclipse.jdt.launching.JavaRuntime.getJavaProject(JavaRuntime.java:1747)
	at org.eclipse.m2e.jdt.internal.launch.MavenLaunchConfigurationListener.updateLaunchConfiguration(MavenLaunchConfigurationListener.java:66)
	at org.eclipse.m2e.jdt.internal.launch.MavenLaunchConfigurationListener.launchConfigurationChanged(MavenLaunchConfigurationListener.java:52)
	at org.eclipse.debug.internal.core.LaunchManager$ConfigurationNotifier.run(LaunchManager.java:219)
	at org.eclipse.core.runtime.SafeRunner.run(SafeRunner.java:47)
	at org.eclipse.debug.internal.core.LaunchManager$ConfigurationNotifier.notify(LaunchManager.java:203)
	at org.eclipse.debug.internal.core.LaunchManager.launchConfigurationChanged(LaunchManager.java:1960)
	at org.eclipse.debug.internal.core.LaunchConfigurationWorkingCopy.writeNewFile(LaunchConfigurationWorkingCopy.java:380)
	at org.eclipse.debug.internal.core.LaunchConfigurationWorkingCopy.doSave0(LaunchConfigurationWorkingCopy.java:259)
	at org.eclipse.debug.internal.core.LaunchConfigurationWorkingCopy.doSave(LaunchConfigurationWorkingCopy.java:229)
	at org.eclipse.debug.internal.core.LaunchConfigurationWorkingCopy.doSave(LaunchConfigurationWorkingCopy.java:187)
	at org.eclipse.m2e.jdt.internal.launch.MavenRuntimeClasspathProvider.disable(MavenRuntimeClasspathProvider.java:411)
	at org.eclipse.m2e.jdt.internal.launch.MavenRuntimeClasspathProvider.disable(MavenRuntimeClasspathProvider.java:435)
	at org.eclipse.m2e.jdt.internal.launch.MavenLaunchConfigurationListener.mavenProjectChanged(MavenLaunchConfigurationListener.java:137)
	at org.eclipse.m2e.core.internal.project.registry.ProjectRegistryManager.notifyProjectChangeListeners(ProjectRegistryManager.java:892)
	at org.eclipse.m2e.core.internal.project.registry.ProjectRegistryManager.applyMutableProjectRegistry(ProjectRegistryManager.java:1042)
	at org.eclipse.m2e.core.internal.project.registry.ProjectRegistryRefreshJob.lambda$0(ProjectRegistryRefreshJob.java:162)
	at org.eclipse.m2e.core.internal.embedder.MavenExecutionContext.executeBare(MavenExecutionContext.java:458)
	at org.eclipse.m2e.core.internal.embedder.MavenExecutionContext.execute(MavenExecutionContext.java:339)
	at org.eclipse.m2e.core.internal.embedder.MavenExecutionContext.execute(MavenExecutionContext.java:278)
	at org.eclipse.m2e.core.internal.project.registry.ProjectRegistryRefreshJob.run(ProjectRegistryRefreshJob.java:106)
	at org.eclipse.core.internal.jobs.Worker.run(Worker.java:63)
2024-12-10 16:41:59,855 [Worker-17: Updating Maven Dependencies] ERROR o.e.m.j.i.l.MavenLaunchConfigurationListener - Launch configuration uo.ri.cws references non-existing project cws_services_jpa.
org.eclipse.core.runtime.CoreException: Launch configuration uo.ri.cws references non-existing project cws_services_jpa.
	at org.eclipse.jdt.launching.JavaRuntime.abort(JavaRuntime.java:1870)
	at org.eclipse.jdt.launching.JavaRuntime.getJavaProject(JavaRuntime.java:1747)
	at org.eclipse.m2e.jdt.internal.launch.MavenLaunchConfigurationListener.updateLaunchConfiguration(MavenLaunchConfigurationListener.java:66)
	at org.eclipse.m2e.jdt.internal.launch.MavenLaunchConfigurationListener.launchConfigurationChanged(MavenLaunchConfigurationListener.java:52)
	at org.eclipse.debug.internal.core.LaunchManager$ConfigurationNotifier.run(LaunchManager.java:219)
	at org.eclipse.core.runtime.SafeRunner.run(SafeRunner.java:47)
	at org.eclipse.debug.internal.core.LaunchManager$ConfigurationNotifier.notify(LaunchManager.java:203)
	at org.eclipse.debug.internal.core.LaunchConfigurationWorkingCopy.setDirty(LaunchConfigurationWorkingCopy.java:527)
	at org.eclipse.debug.internal.core.LaunchConfigurationWorkingCopy.setAttribute(LaunchConfigurationWorkingCopy.java:415)
	at org.eclipse.m2e.jdt.internal.launch.MavenRuntimeClasspathProvider.disable(MavenRuntimeClasspathProvider.java:409)
	at org.eclipse.m2e.jdt.internal.launch.MavenRuntimeClasspathProvider.disable(MavenRuntimeClasspathProvider.java:435)
	at org.eclipse.m2e.jdt.internal.launch.MavenLaunchConfigurationListener.mavenProjectChanged(MavenLaunchConfigurationListener.java:137)
	at org.eclipse.m2e.core.internal.project.registry.ProjectRegistryManager.notifyProjectChangeListeners(ProjectRegistryManager.java:892)
	at org.eclipse.m2e.core.internal.project.registry.ProjectRegistryManager.applyMutableProjectRegistry(ProjectRegistryManager.java:1042)
	at org.eclipse.m2e.core.internal.project.registry.ProjectRegistryRefreshJob.lambda$0(ProjectRegistryRefreshJob.java:162)
	at org.eclipse.m2e.core.internal.embedder.MavenExecutionContext.executeBare(MavenExecutionContext.java:458)
	at org.eclipse.m2e.core.internal.embedder.MavenExecutionContext.execute(MavenExecutionContext.java:339)
	at org.eclipse.m2e.core.internal.embedder.MavenExecutionContext.execute(MavenExecutionContext.java:278)
	at org.eclipse.m2e.core.internal.project.registry.ProjectRegistryRefreshJob.run(ProjectRegistryRefreshJob.java:106)
	at org.eclipse.core.internal.jobs.Worker.run(Worker.java:63)
2024-12-10 16:41:59,856 [Worker-17: Updating Maven Dependencies] ERROR o.e.m.j.i.l.MavenLaunchConfigurationListener - Launch configuration uo.ri.cws references non-existing project cws_services_jpa.
org.eclipse.core.runtime.CoreException: Launch configuration uo.ri.cws references non-existing project cws_services_jpa.
	at org.eclipse.jdt.launching.JavaRuntime.abort(JavaRuntime.java:1870)
	at org.eclipse.jdt.launching.JavaRuntime.getJavaProject(JavaRuntime.java:1747)
	at org.eclipse.m2e.jdt.internal.launch.MavenLaunchConfigurationListener.updateLaunchConfiguration(MavenLaunchConfigurationListener.java:66)
	at org.eclipse.m2e.jdt.internal.launch.MavenLaunchConfigurationListener.launchConfigurationChanged(MavenLaunchConfigurationListener.java:52)
	at org.eclipse.debug.internal.core.LaunchManager$ConfigurationNotifier.run(LaunchManager.java:219)
	at org.eclipse.core.runtime.SafeRunner.run(SafeRunner.java:47)
	at org.eclipse.debug.internal.core.LaunchManager$ConfigurationNotifier.notify(LaunchManager.java:203)
	at org.eclipse.debug.internal.core.LaunchConfigurationWorkingCopy.setDirty(LaunchConfigurationWorkingCopy.java:527)
	at org.eclipse.debug.internal.core.LaunchConfigurationWorkingCopy.setAttribute(LaunchConfigurationWorkingCopy.java:415)
	at org.eclipse.m2e.jdt.internal.launch.MavenRuntimeClasspathProvider.disable(MavenRuntimeClasspathProvider.java:410)
	at org.eclipse.m2e.jdt.internal.launch.MavenRuntimeClasspathProvider.disable(MavenRuntimeClasspathProvider.java:435)
	at org.eclipse.m2e.jdt.internal.launch.MavenLaunchConfigurationListener.mavenProjectChanged(MavenLaunchConfigurationListener.java:137)
	at org.eclipse.m2e.core.internal.project.registry.ProjectRegistryManager.notifyProjectChangeListeners(ProjectRegistryManager.java:892)
	at org.eclipse.m2e.core.internal.project.registry.ProjectRegistryManager.applyMutableProjectRegistry(ProjectRegistryManager.java:1042)
	at org.eclipse.m2e.core.internal.project.registry.ProjectRegistryRefreshJob.lambda$0(ProjectRegistryRefreshJob.java:162)
	at org.eclipse.m2e.core.internal.embedder.MavenExecutionContext.executeBare(MavenExecutionContext.java:458)
	at org.eclipse.m2e.core.internal.embedder.MavenExecutionContext.execute(MavenExecutionContext.java:339)
	at org.eclipse.m2e.core.internal.embedder.MavenExecutionContext.execute(MavenExecutionContext.java:278)
	at org.eclipse.m2e.core.internal.project.registry.ProjectRegistryRefreshJob.run(ProjectRegistryRefreshJob.java:106)
	at org.eclipse.core.internal.jobs.Worker.run(Worker.java:63)
2024-12-10 16:41:59,871 [Worker-17: Updating Maven Dependencies] ERROR o.e.m.j.i.l.MavenLaunchConfigurationListener - Launch configuration uo.ri.cws references non-existing project cws_services_jpa.
org.eclipse.core.runtime.CoreException: Launch configuration uo.ri.cws references non-existing project cws_services_jpa.
	at org.eclipse.jdt.launching.JavaRuntime.abort(JavaRuntime.java:1870)
	at org.eclipse.jdt.launching.JavaRuntime.getJavaProject(JavaRuntime.java:1747)
	at org.eclipse.m2e.jdt.internal.launch.MavenLaunchConfigurationListener.updateLaunchConfiguration(MavenLaunchConfigurationListener.java:66)
	at org.eclipse.m2e.jdt.internal.launch.MavenLaunchConfigurationListener.launchConfigurationChanged(MavenLaunchConfigurationListener.java:52)
	at org.eclipse.debug.internal.core.LaunchManager$ConfigurationNotifier.run(LaunchManager.java:219)
	at org.eclipse.core.runtime.SafeRunner.run(SafeRunner.java:47)
	at org.eclipse.debug.internal.core.LaunchManager$ConfigurationNotifier.notify(LaunchManager.java:203)
	at org.eclipse.debug.internal.core.LaunchManager.launchConfigurationChanged(LaunchManager.java:1960)
	at org.eclipse.debug.internal.core.LaunchConfigurationWorkingCopy.writeNewFile(LaunchConfigurationWorkingCopy.java:380)
	at org.eclipse.debug.internal.core.LaunchConfigurationWorkingCopy.doSave0(LaunchConfigurationWorkingCopy.java:259)
	at org.eclipse.debug.internal.core.LaunchConfigurationWorkingCopy.doSave(LaunchConfigurationWorkingCopy.java:229)
	at org.eclipse.debug.internal.core.LaunchConfigurationWorkingCopy.doSave(LaunchConfigurationWorkingCopy.java:187)
	at org.eclipse.m2e.jdt.internal.launch.MavenRuntimeClasspathProvider.disable(MavenRuntimeClasspathProvider.java:411)
	at org.eclipse.m2e.jdt.internal.launch.MavenRuntimeClasspathProvider.disable(MavenRuntimeClasspathProvider.java:435)
	at org.eclipse.m2e.jdt.internal.launch.MavenLaunchConfigurationListener.mavenProjectChanged(MavenLaunchConfigurationListener.java:137)
	at org.eclipse.m2e.core.internal.project.registry.ProjectRegistryManager.notifyProjectChangeListeners(ProjectRegistryManager.java:892)
	at org.eclipse.m2e.core.internal.project.registry.ProjectRegistryManager.applyMutableProjectRegistry(ProjectRegistryManager.java:1042)
	at org.eclipse.m2e.core.internal.project.registry.ProjectRegistryRefreshJob.lambda$0(ProjectRegistryRefreshJob.java:162)
	at org.eclipse.m2e.core.internal.embedder.MavenExecutionContext.executeBare(MavenExecutionContext.java:458)
	at org.eclipse.m2e.core.internal.embedder.MavenExecutionContext.execute(MavenExecutionContext.java:339)
	at org.eclipse.m2e.core.internal.embedder.MavenExecutionContext.execute(MavenExecutionContext.java:278)
	at org.eclipse.m2e.core.internal.project.registry.ProjectRegistryRefreshJob.run(ProjectRegistryRefreshJob.java:106)
	at org.eclipse.core.internal.jobs.Worker.run(Worker.java:63)
2024-12-10 16:41:59,873 [Worker-17: Updating Maven Dependencies] ERROR o.e.m.j.i.l.MavenLaunchConfigurationListener - Launch configuration uo.ri.cws.persistence references non-existing project cws_services_jpa.
org.eclipse.core.runtime.CoreException: Launch configuration uo.ri.cws.persistence references non-existing project cws_services_jpa.
	at org.eclipse.jdt.launching.JavaRuntime.abort(JavaRuntime.java:1870)
	at org.eclipse.jdt.launching.JavaRuntime.getJavaProject(JavaRuntime.java:1747)
	at org.eclipse.m2e.jdt.internal.launch.MavenLaunchConfigurationListener.updateLaunchConfiguration(MavenLaunchConfigurationListener.java:66)
	at org.eclipse.m2e.jdt.internal.launch.MavenLaunchConfigurationListener.launchConfigurationChanged(MavenLaunchConfigurationListener.java:52)
	at org.eclipse.debug.internal.core.LaunchManager$ConfigurationNotifier.run(LaunchManager.java:219)
	at org.eclipse.core.runtime.SafeRunner.run(SafeRunner.java:47)
	at org.eclipse.debug.internal.core.LaunchManager$ConfigurationNotifier.notify(LaunchManager.java:203)
	at org.eclipse.debug.internal.core.LaunchConfigurationWorkingCopy.setDirty(LaunchConfigurationWorkingCopy.java:527)
	at org.eclipse.debug.internal.core.LaunchConfigurationWorkingCopy.setAttribute(LaunchConfigurationWorkingCopy.java:415)
	at org.eclipse.m2e.jdt.internal.launch.MavenRuntimeClasspathProvider.disable(MavenRuntimeClasspathProvider.java:409)
	at org.eclipse.m2e.jdt.internal.launch.MavenRuntimeClasspathProvider.disable(MavenRuntimeClasspathProvider.java:435)
	at org.eclipse.m2e.jdt.internal.launch.MavenLaunchConfigurationListener.mavenProjectChanged(MavenLaunchConfigurationListener.java:137)
	at org.eclipse.m2e.core.internal.project.registry.ProjectRegistryManager.notifyProjectChangeListeners(ProjectRegistryManager.java:892)
	at org.eclipse.m2e.core.internal.project.registry.ProjectRegistryManager.applyMutableProjectRegistry(ProjectRegistryManager.java:1042)
	at org.eclipse.m2e.core.internal.project.registry.ProjectRegistryRefreshJob.lambda$0(ProjectRegistryRefreshJob.java:162)
	at org.eclipse.m2e.core.internal.embedder.MavenExecutionContext.executeBare(MavenExecutionContext.java:458)
	at org.eclipse.m2e.core.internal.embedder.MavenExecutionContext.execute(MavenExecutionContext.java:339)
	at org.eclipse.m2e.core.internal.embedder.MavenExecutionContext.execute(MavenExecutionContext.java:278)
	at org.eclipse.m2e.core.internal.project.registry.ProjectRegistryRefreshJob.run(ProjectRegistryRefreshJob.java:106)
	at org.eclipse.core.internal.jobs.Worker.run(Worker.java:63)
2024-12-10 16:41:59,878 [Worker-17: Updating Maven Dependencies] ERROR o.e.m.j.i.l.MavenLaunchConfigurationListener - Launch configuration uo.ri.cws.persistence references non-existing project cws_services_jpa.
org.eclipse.core.runtime.CoreException: Launch configuration uo.ri.cws.persistence references non-existing project cws_services_jpa.
	at org.eclipse.jdt.launching.JavaRuntime.abort(JavaRuntime.java:1870)
	at org.eclipse.jdt.launching.JavaRuntime.getJavaProject(JavaRuntime.java:1747)
	at org.eclipse.m2e.jdt.internal.launch.MavenLaunchConfigurationListener.updateLaunchConfiguration(MavenLaunchConfigurationListener.java:66)
	at org.eclipse.m2e.jdt.internal.launch.MavenLaunchConfigurationListener.launchConfigurationChanged(MavenLaunchConfigurationListener.java:52)
	at org.eclipse.debug.internal.core.LaunchManager$ConfigurationNotifier.run(LaunchManager.java:219)
	at org.eclipse.core.runtime.SafeRunner.run(SafeRunner.java:47)
	at org.eclipse.debug.internal.core.LaunchManager$ConfigurationNotifier.notify(LaunchManager.java:203)
	at org.eclipse.debug.internal.core.LaunchConfigurationWorkingCopy.setDirty(LaunchConfigurationWorkingCopy.java:527)
	at org.eclipse.debug.internal.core.LaunchConfigurationWorkingCopy.setAttribute(LaunchConfigurationWorkingCopy.java:415)
	at org.eclipse.m2e.jdt.internal.launch.MavenRuntimeClasspathProvider.disable(MavenRuntimeClasspathProvider.java:410)
	at org.eclipse.m2e.jdt.internal.launch.MavenRuntimeClasspathProvider.disable(MavenRuntimeClasspathProvider.java:435)
	at org.eclipse.m2e.jdt.internal.launch.MavenLaunchConfigurationListener.mavenProjectChanged(MavenLaunchConfigurationListener.java:137)
	at org.eclipse.m2e.core.internal.project.registry.ProjectRegistryManager.notifyProjectChangeListeners(ProjectRegistryManager.java:892)
	at org.eclipse.m2e.core.internal.project.registry.ProjectRegistryManager.applyMutableProjectRegistry(ProjectRegistryManager.java:1042)
	at org.eclipse.m2e.core.internal.project.registry.ProjectRegistryRefreshJob.lambda$0(ProjectRegistryRefreshJob.java:162)
	at org.eclipse.m2e.core.internal.embedder.MavenExecutionContext.executeBare(MavenExecutionContext.java:458)
	at org.eclipse.m2e.core.internal.embedder.MavenExecutionContext.execute(MavenExecutionContext.java:339)
	at org.eclipse.m2e.core.internal.embedder.MavenExecutionContext.execute(MavenExecutionContext.java:278)
	at org.eclipse.m2e.core.internal.project.registry.ProjectRegistryRefreshJob.run(ProjectRegistryRefreshJob.java:106)
	at org.eclipse.core.internal.jobs.Worker.run(Worker.java:63)
2024-12-10 16:41:59,888 [Worker-17: Updating Maven Dependencies] ERROR o.e.m.j.i.l.MavenLaunchConfigurationListener - Launch configuration uo.ri.cws.persistence references non-existing project cws_services_jpa.
org.eclipse.core.runtime.CoreException: Launch configuration uo.ri.cws.persistence references non-existing project cws_services_jpa.
	at org.eclipse.jdt.launching.JavaRuntime.abort(JavaRuntime.java:1870)
	at org.eclipse.jdt.launching.JavaRuntime.getJavaProject(JavaRuntime.java:1747)
	at org.eclipse.m2e.jdt.internal.launch.MavenLaunchConfigurationListener.updateLaunchConfiguration(MavenLaunchConfigurationListener.java:66)
	at org.eclipse.m2e.jdt.internal.launch.MavenLaunchConfigurationListener.launchConfigurationChanged(MavenLaunchConfigurationListener.java:52)
	at org.eclipse.debug.internal.core.LaunchManager$ConfigurationNotifier.run(LaunchManager.java:219)
	at org.eclipse.core.runtime.SafeRunner.run(SafeRunner.java:47)
	at org.eclipse.debug.internal.core.LaunchManager$ConfigurationNotifier.notify(LaunchManager.java:203)
	at org.eclipse.debug.internal.core.LaunchManager.launchConfigurationChanged(LaunchManager.java:1960)
	at org.eclipse.debug.internal.core.LaunchConfigurationWorkingCopy.writeNewFile(LaunchConfigurationWorkingCopy.java:380)
	at org.eclipse.debug.internal.core.LaunchConfigurationWorkingCopy.doSave0(LaunchConfigurationWorkingCopy.java:259)
	at org.eclipse.debug.internal.core.LaunchConfigurationWorkingCopy.doSave(LaunchConfigurationWorkingCopy.java:229)
	at org.eclipse.debug.internal.core.LaunchConfigurationWorkingCopy.doSave(LaunchConfigurationWorkingCopy.java:187)
	at org.eclipse.m2e.jdt.internal.launch.MavenRuntimeClasspathProvider.disable(MavenRuntimeClasspathProvider.java:411)
	at org.eclipse.m2e.jdt.internal.launch.MavenRuntimeClasspathProvider.disable(MavenRuntimeClasspathProvider.java:435)
	at org.eclipse.m2e.jdt.internal.launch.MavenLaunchConfigurationListener.mavenProjectChanged(MavenLaunchConfigurationListener.java:137)
	at org.eclipse.m2e.core.internal.project.registry.ProjectRegistryManager.notifyProjectChangeListeners(ProjectRegistryManager.java:892)
	at org.eclipse.m2e.core.internal.project.registry.ProjectRegistryManager.applyMutableProjectRegistry(ProjectRegistryManager.java:1042)
	at org.eclipse.m2e.core.internal.project.registry.ProjectRegistryRefreshJob.lambda$0(ProjectRegistryRefreshJob.java:162)
	at org.eclipse.m2e.core.internal.embedder.MavenExecutionContext.executeBare(MavenExecutionContext.java:458)
	at org.eclipse.m2e.core.internal.embedder.MavenExecutionContext.execute(MavenExecutionContext.java:339)
	at org.eclipse.m2e.core.internal.embedder.MavenExecutionContext.execute(MavenExecutionContext.java:278)
	at org.eclipse.m2e.core.internal.project.registry.ProjectRegistryRefreshJob.run(ProjectRegistryRefreshJob.java:106)
	at org.eclipse.core.internal.jobs.Worker.run(Worker.java:63)
2024-12-10 16:41:59,889 [Worker-17: Updating Maven Dependencies] ERROR o.e.m.j.i.l.MavenLaunchConfigurationListener - Launch configuration WorkOrderTests references non-existing project cws_services_jpa.
org.eclipse.core.runtime.CoreException: Launch configuration WorkOrderTests references non-existing project cws_services_jpa.
	at org.eclipse.jdt.launching.JavaRuntime.abort(JavaRuntime.java:1870)
	at org.eclipse.jdt.launching.JavaRuntime.getJavaProject(JavaRuntime.java:1747)
	at org.eclipse.m2e.jdt.internal.launch.MavenLaunchConfigurationListener.updateLaunchConfiguration(MavenLaunchConfigurationListener.java:66)
	at org.eclipse.m2e.jdt.internal.launch.MavenLaunchConfigurationListener.launchConfigurationChanged(MavenLaunchConfigurationListener.java:52)
	at org.eclipse.debug.internal.core.LaunchManager$ConfigurationNotifier.run(LaunchManager.java:219)
	at org.eclipse.core.runtime.SafeRunner.run(SafeRunner.java:47)
	at org.eclipse.debug.internal.core.LaunchManager$ConfigurationNotifier.notify(LaunchManager.java:203)
	at org.eclipse.debug.internal.core.LaunchConfigurationWorkingCopy.setDirty(LaunchConfigurationWorkingCopy.java:527)
	at org.eclipse.debug.internal.core.LaunchConfigurationWorkingCopy.setAttribute(LaunchConfigurationWorkingCopy.java:415)
	at org.eclipse.m2e.jdt.internal.launch.MavenRuntimeClasspathProvider.disable(MavenRuntimeClasspathProvider.java:409)
	at org.eclipse.m2e.jdt.internal.launch.MavenRuntimeClasspathProvider.disable(MavenRuntimeClasspathProvider.java:435)
	at org.eclipse.m2e.jdt.internal.launch.MavenLaunchConfigurationListener.mavenProjectChanged(MavenLaunchConfigurationListener.java:137)
	at org.eclipse.m2e.core.internal.project.registry.ProjectRegistryManager.notifyProjectChangeListeners(ProjectRegistryManager.java:892)
	at org.eclipse.m2e.core.internal.project.registry.ProjectRegistryManager.applyMutableProjectRegistry(ProjectRegistryManager.java:1042)
	at org.eclipse.m2e.core.internal.project.registry.ProjectRegistryRefreshJob.lambda$0(ProjectRegistryRefreshJob.java:162)
	at org.eclipse.m2e.core.internal.embedder.MavenExecutionContext.executeBare(MavenExecutionContext.java:458)
	at org.eclipse.m2e.core.internal.embedder.MavenExecutionContext.execute(MavenExecutionContext.java:339)
	at org.eclipse.m2e.core.internal.embedder.MavenExecutionContext.execute(MavenExecutionContext.java:278)
	at org.eclipse.m2e.core.internal.project.registry.ProjectRegistryRefreshJob.run(ProjectRegistryRefreshJob.java:106)
	at org.eclipse.core.internal.jobs.Worker.run(Worker.java:63)
2024-12-10 16:41:59,890 [Worker-17: Updating Maven Dependencies] ERROR o.e.m.j.i.l.MavenLaunchConfigurationListener - Launch configuration WorkOrderTests references non-existing project cws_services_jpa.
org.eclipse.core.runtime.CoreException: Launch configuration WorkOrderTests references non-existing project cws_services_jpa.
	at org.eclipse.jdt.launching.JavaRuntime.abort(JavaRuntime.java:1870)
	at org.eclipse.jdt.launching.JavaRuntime.getJavaProject(JavaRuntime.java:1747)
	at org.eclipse.m2e.jdt.internal.launch.MavenLaunchConfigurationListener.updateLaunchConfiguration(MavenLaunchConfigurationListener.java:66)
	at org.eclipse.m2e.jdt.internal.launch.MavenLaunchConfigurationListener.launchConfigurationChanged(MavenLaunchConfigurationListener.java:52)
	at org.eclipse.debug.internal.core.LaunchManager$ConfigurationNotifier.run(LaunchManager.java:219)
	at org.eclipse.core.runtime.SafeRunner.run(SafeRunner.java:47)
	at org.eclipse.debug.internal.core.LaunchManager$ConfigurationNotifier.notify(LaunchManager.java:203)
	at org.eclipse.debug.internal.core.LaunchConfigurationWorkingCopy.setDirty(LaunchConfigurationWorkingCopy.java:527)
	at org.eclipse.debug.internal.core.LaunchConfigurationWorkingCopy.setAttribute(LaunchConfigurationWorkingCopy.java:415)
	at org.eclipse.m2e.jdt.internal.launch.MavenRuntimeClasspathProvider.disable(MavenRuntimeClasspathProvider.java:410)
	at org.eclipse.m2e.jdt.internal.launch.MavenRuntimeClasspathProvider.disable(MavenRuntimeClasspathProvider.java:435)
	at org.eclipse.m2e.jdt.internal.launch.MavenLaunchConfigurationListener.mavenProjectChanged(MavenLaunchConfigurationListener.java:137)
	at org.eclipse.m2e.core.internal.project.registry.ProjectRegistryManager.notifyProjectChangeListeners(ProjectRegistryManager.java:892)
	at org.eclipse.m2e.core.internal.project.registry.ProjectRegistryManager.applyMutableProjectRegistry(ProjectRegistryManager.java:1042)
	at org.eclipse.m2e.core.internal.project.registry.ProjectRegistryRefreshJob.lambda$0(ProjectRegistryRefreshJob.java:162)
	at org.eclipse.m2e.core.internal.embedder.MavenExecutionContext.executeBare(MavenExecutionContext.java:458)
	at org.eclipse.m2e.core.internal.embedder.MavenExecutionContext.execute(MavenExecutionContext.java:339)
	at org.eclipse.m2e.core.internal.embedder.MavenExecutionContext.execute(MavenExecutionContext.java:278)
	at org.eclipse.m2e.core.internal.project.registry.ProjectRegistryRefreshJob.run(ProjectRegistryRefreshJob.java:106)
	at org.eclipse.core.internal.jobs.Worker.run(Worker.java:63)
2024-12-10 16:41:59,899 [Worker-17: Updating Maven Dependencies] ERROR o.e.m.j.i.l.MavenLaunchConfigurationListener - Launch configuration WorkOrderTests references non-existing project cws_services_jpa.
org.eclipse.core.runtime.CoreException: Launch configuration WorkOrderTests references non-existing project cws_services_jpa.
	at org.eclipse.jdt.launching.JavaRuntime.abort(JavaRuntime.java:1870)
	at org.eclipse.jdt.launching.JavaRuntime.getJavaProject(JavaRuntime.java:1747)
	at org.eclipse.m2e.jdt.internal.launch.MavenLaunchConfigurationListener.updateLaunchConfiguration(MavenLaunchConfigurationListener.java:66)
	at org.eclipse.m2e.jdt.internal.launch.MavenLaunchConfigurationListener.launchConfigurationChanged(MavenLaunchConfigurationListener.java:52)
	at org.eclipse.debug.internal.core.LaunchManager$ConfigurationNotifier.run(LaunchManager.java:219)
	at org.eclipse.core.runtime.SafeRunner.run(SafeRunner.java:47)
	at org.eclipse.debug.internal.core.LaunchManager$ConfigurationNotifier.notify(LaunchManager.java:203)
	at org.eclipse.debug.internal.core.LaunchManager.launchConfigurationChanged(LaunchManager.java:1960)
	at org.eclipse.debug.internal.core.LaunchConfigurationWorkingCopy.writeNewFile(LaunchConfigurationWorkingCopy.java:380)
	at org.eclipse.debug.internal.core.LaunchConfigurationWorkingCopy.doSave0(LaunchConfigurationWorkingCopy.java:259)
	at org.eclipse.debug.internal.core.LaunchConfigurationWorkingCopy.doSave(LaunchConfigurationWorkingCopy.java:229)
	at org.eclipse.debug.internal.core.LaunchConfigurationWorkingCopy.doSave(LaunchConfigurationWorkingCopy.java:187)
	at org.eclipse.m2e.jdt.internal.launch.MavenRuntimeClasspathProvider.disable(MavenRuntimeClasspathProvider.java:411)
	at org.eclipse.m2e.jdt.internal.launch.MavenRuntimeClasspathProvider.disable(MavenRuntimeClasspathProvider.java:435)
	at org.eclipse.m2e.jdt.internal.launch.MavenLaunchConfigurationListener.mavenProjectChanged(MavenLaunchConfigurationListener.java:137)
	at org.eclipse.m2e.core.internal.project.registry.ProjectRegistryManager.notifyProjectChangeListeners(ProjectRegistryManager.java:892)
	at org.eclipse.m2e.core.internal.project.registry.ProjectRegistryManager.applyMutableProjectRegistry(ProjectRegistryManager.java:1042)
	at org.eclipse.m2e.core.internal.project.registry.ProjectRegistryRefreshJob.lambda$0(ProjectRegistryRefreshJob.java:162)
	at org.eclipse.m2e.core.internal.embedder.MavenExecutionContext.executeBare(MavenExecutionContext.java:458)
	at org.eclipse.m2e.core.internal.embedder.MavenExecutionContext.execute(MavenExecutionContext.java:339)
	at org.eclipse.m2e.core.internal.embedder.MavenExecutionContext.execute(MavenExecutionContext.java:278)
	at org.eclipse.m2e.core.internal.project.registry.ProjectRegistryRefreshJob.run(ProjectRegistryRefreshJob.java:106)
	at org.eclipse.core.internal.jobs.Worker.run(Worker.java:63)
2024-12-10 16:42:08,359 [Worker-31: Building] INFO  o.a.m.s.f.DefaultMavenResourcesFiltering - Copying 0 resource from src to bin
2024-12-10 16:42:08,389 [Worker-31: Building] INFO  o.a.m.s.f.DefaultMavenResourcesFiltering - Copying 0 resource from test to target\test-classes
2024-12-10 16:43:56,550 [Worker-32: Importing Maven projects] INFO  o.e.m.c.i.l.LifecycleMappingFactory - Using org.eclipse.m2e.jdt.JarLifecycleMapping lifecycle mapping for MavenProject: uo.ri:cws_services_jpa:0.0.1-SNAPSHOT @ C:\Users\Usuario\Downloads\UO295662_0 (1)\UO295662_0\cws_services_jpa\cws_services_jpa\pom.xml.
2024-12-10 16:43:56,772 [Worker-32: Importing Maven projects] INFO  o.e.m.c.i.p.WorkspaceClassifierResolverManager - Resolving P/cws_util: uo.ri:cws_util:0.0.1-SNAPSHOT with classifier  to /cws_util/bin
2024-12-10 16:43:56,902 [Worker-32: Importing Maven projects] INFO  o.e.m.c.i.l.LifecycleMappingFactory - Using org.eclipse.m2e.jdt.JarLifecycleMapping lifecycle mapping for MavenProject: uo.ri:cws_client_mechanic:0.0.1-SNAPSHOT @ C:\Users\Usuario\OneDrive\Escritorio\RI_JPA\cws_client_mechanic\pom.xml.
2024-12-10 16:43:56,910 [Worker-32: Importing Maven projects] INFO  o.e.m.c.i.p.WorkspaceClassifierResolverManager - Resolving P/cws_services_jpa: uo.ri:cws_services_jpa:0.0.1-SNAPSHOT with classifier  to /cws_services_jpa/bin
2024-12-10 16:43:56,910 [Worker-32: Importing Maven projects] INFO  o.e.m.c.i.p.WorkspaceClassifierResolverManager - Resolving P/cws_util: uo.ri:cws_util:0.0.1-SNAPSHOT with classifier  to /cws_util/bin
2024-12-10 16:43:57,022 [Worker-32: Importing Maven projects] INFO  o.e.m.c.i.l.LifecycleMappingFactory - Using org.eclipse.m2e.jdt.JarLifecycleMapping lifecycle mapping for MavenProject: uo.ri:cws_client_foreman:0.0.1-SNAPSHOT @ C:\Users\Usuario\OneDrive\Escritorio\RI_JPA\cws_client_foreman\pom.xml.
2024-12-10 16:43:57,025 [Worker-32: Importing Maven projects] INFO  o.e.m.c.i.p.WorkspaceClassifierResolverManager - Resolving P/cws_services_jpa: uo.ri:cws_services_jpa:0.0.1-SNAPSHOT with classifier  to /cws_services_jpa/bin
2024-12-10 16:43:57,027 [Worker-32: Importing Maven projects] INFO  o.e.m.c.i.p.WorkspaceClassifierResolverManager - Resolving P/cws_util: uo.ri:cws_util:0.0.1-SNAPSHOT with classifier  to /cws_util/bin
2024-12-10 16:43:57,142 [Worker-32: Importing Maven projects] INFO  o.e.m.c.i.l.LifecycleMappingFactory - Using org.eclipse.m2e.jdt.JarLifecycleMapping lifecycle mapping for MavenProject: uo.ri:cws_client_cashier:0.0.1-SNAPSHOT @ C:\Users\Usuario\OneDrive\Escritorio\RI_JPA\cws_client_cashier\pom.xml.
2024-12-10 16:43:57,146 [Worker-32: Importing Maven projects] INFO  o.e.m.c.i.p.WorkspaceClassifierResolverManager - Resolving P/cws_services_jpa: uo.ri:cws_services_jpa:0.0.1-SNAPSHOT with classifier  to /cws_services_jpa/bin
2024-12-10 16:43:57,146 [Worker-32: Importing Maven projects] INFO  o.e.m.c.i.p.WorkspaceClassifierResolverManager - Resolving P/cws_util: uo.ri:cws_util:0.0.1-SNAPSHOT with classifier  to /cws_util/bin
2024-12-10 16:43:57,255 [Worker-32: Importing Maven projects] INFO  o.e.m.c.i.l.LifecycleMappingFactory - Using org.eclipse.m2e.jdt.JarLifecycleMapping lifecycle mapping for MavenProject: uo.ri:cws_client_manager:0.0.1-SNAPSHOT @ C:\Users\Usuario\OneDrive\Escritorio\RI_JPA\cws_client_manager\pom.xml.
2024-12-10 16:43:57,259 [Worker-32: Importing Maven projects] INFO  o.e.m.c.i.p.WorkspaceClassifierResolverManager - Resolving P/cws_services_jpa: uo.ri:cws_services_jpa:0.0.1-SNAPSHOT with classifier  to /cws_services_jpa/bin
2024-12-10 16:43:57,259 [Worker-32: Importing Maven projects] INFO  o.e.m.c.i.p.WorkspaceClassifierResolverManager - Resolving P/cws_util: uo.ri:cws_util:0.0.1-SNAPSHOT with classifier  to /cws_util/bin
2024-12-10 16:43:57,388 [Worker-32: Importing Maven projects] INFO  o.e.m.c.i.l.LifecycleMappingFactory - Using org.eclipse.m2e.jdt.JarLifecycleMapping lifecycle mapping for MavenProject: uo.ri:cws_spareparts_aceptance_tests:0.0.1-SNAPSHOT @ C:\Users\Usuario\Downloads\ri.jpa.cws.2024.extension.skeleton\cws_2024\cws_spareparts_aceptance_tests\pom.xml.
2024-12-10 16:43:58,265 [Worker-32: Importing Maven projects] INFO  o.e.m.c.i.p.WorkspaceClassifierResolverManager - Resolving P/cws_services_jpa: uo.ri:cws_services_jpa:0.0.1-SNAPSHOT with classifier  to /cws_services_jpa/bin
2024-12-10 16:43:58,266 [Worker-32: Importing Maven projects] INFO  o.e.m.c.i.p.WorkspaceClassifierResolverManager - Resolving P/cws_util: uo.ri:cws_util:0.0.1-SNAPSHOT with classifier  to /cws_util/bin
2024-12-10 16:43:59,220 [Worker-32: Importing Maven projects] INFO  o.e.m.j.i.AbstractJavaProjectConfigurator - Adding source folder /cws_services_jpa/src
2024-12-10 16:43:59,225 [Worker-32: Importing Maven projects] INFO  o.e.m.j.i.AbstractJavaProjectConfigurator - Resources folder /cws_services_jpa/src overlaps with sources folder /cws_services_jpa/src
2024-12-10 16:43:59,228 [Worker-32: Importing Maven projects] INFO  o.e.m.j.i.AbstractJavaProjectConfigurator - Adding source folder /cws_services_jpa/test
2024-12-10 16:43:59,232 [Worker-32: Importing Maven projects] INFO  o.e.m.j.i.AbstractJavaProjectConfigurator - Resources folder /cws_services_jpa/src/test/resources overlaps with sources folder /cws_services_jpa/src
2024-12-10 16:43:59,338 [Worker-32: Importing Maven projects] INFO  o.e.m.jdt.internal.UnitTestSupport - Reset launch configuration name: ChargeTests
2024-12-10 16:43:59,339 [Worker-32: Importing Maven projects] INFO  o.e.m.jdt.internal.UnitTestSupport - Updating ChargeTests from maven configuration
2024-12-10 16:44:00,363 [Worker-32: Importing Maven projects] INFO  o.e.m.jdt.internal.UnitTestSupport - Reset launch configuration name: InvoiceRemoveWorkOrderTests
2024-12-10 16:44:00,364 [Worker-32: Importing Maven projects] INFO  o.e.m.jdt.internal.UnitTestSupport - Updating InvoiceRemoveWorkOrderTests from maven configuration
2024-12-10 16:44:00,372 [Worker-32: Importing Maven projects] INFO  o.e.m.jdt.internal.UnitTestSupport - Reset launch configuration name: uo.ri.cws.associations
2024-12-10 16:44:00,372 [Worker-32: Importing Maven projects] INFO  o.e.m.jdt.internal.UnitTestSupport - Updating uo.ri.cws.associations from maven configuration
2024-12-10 16:44:00,374 [Worker-32: Importing Maven projects] INFO  o.e.m.jdt.internal.UnitTestSupport - Reset launch configuration name: uo.ri.cws.domain (1)
2024-12-10 16:44:00,375 [Worker-32: Importing Maven projects] INFO  o.e.m.jdt.internal.UnitTestSupport - Updating uo.ri.cws.domain (1) from maven configuration
2024-12-10 16:44:00,377 [Worker-32: Importing Maven projects] INFO  o.e.m.jdt.internal.UnitTestSupport - Reset launch configuration name: uo.ri.cws.domain
2024-12-10 16:44:00,377 [Worker-32: Importing Maven projects] INFO  o.e.m.jdt.internal.UnitTestSupport - Updating uo.ri.cws.domain from maven configuration
2024-12-10 16:44:00,378 [Worker-32: Importing Maven projects] INFO  o.e.m.jdt.internal.UnitTestSupport - Reset launch configuration name: uo.ri.cws
2024-12-10 16:44:00,379 [Worker-32: Importing Maven projects] INFO  o.e.m.jdt.internal.UnitTestSupport - Updating uo.ri.cws from maven configuration
2024-12-10 16:44:00,380 [Worker-32: Importing Maven projects] INFO  o.e.m.jdt.internal.UnitTestSupport - Reset launch configuration name: uo.ri.cws.persistence
2024-12-10 16:44:00,380 [Worker-32: Importing Maven projects] INFO  o.e.m.jdt.internal.UnitTestSupport - Updating uo.ri.cws.persistence from maven configuration
2024-12-10 16:44:00,382 [Worker-32: Importing Maven projects] INFO  o.e.m.jdt.internal.UnitTestSupport - Reset launch configuration name: WorkOrderTests
2024-12-10 16:44:00,382 [Worker-32: Importing Maven projects] INFO  o.e.m.jdt.internal.UnitTestSupport - Updating WorkOrderTests from maven configuration
2024-12-10 16:44:00,410 [Worker-32: Importing Maven projects] INFO  o.e.m.c.i.p.ProjectConfigurationManager - Imported and configured 1 project(s) in 4 sec
2024-12-10 16:44:02,052 [Worker-33: Building] INFO  o.a.m.s.f.DefaultMavenResourcesFiltering - Copying 2 resources from src to bin
2024-12-10 16:44:02,133 [Worker-33: Building] INFO  o.a.m.s.f.DefaultMavenResourcesFiltering - skip non existing resourceDirectory C:\Users\Usuario\Downloads\UO295662_0 (1)\UO295662_0\cws_services_jpa\cws_services_jpa\src\test\resources
2024-12-10 16:44:24,676 [Worker-33: Building] INFO  o.a.m.s.f.DefaultMavenResourcesFiltering - Copying 0 resource from src to bin
2024-12-10 16:44:24,682 [Worker-33: Building] INFO  o.a.m.s.f.DefaultMavenResourcesFiltering - Copying 32 resources from test to target\test-classes
2024-12-10 16:44:24,985 [Worker-33: Building] INFO  o.a.m.s.f.DefaultMavenResourcesFiltering - Copying 0 resource from src to bin
2024-12-10 16:44:24,989 [Worker-33: Building] INFO  o.a.m.s.f.DefaultMavenResourcesFiltering - skip non existing resourceDirectory C:\Users\Usuario\OneDrive\Escritorio\RI_JPA\cws_client_mechanic\src\test\resources
2024-12-10 16:44:25,117 [Worker-33: Building] INFO  o.a.m.s.f.DefaultMavenResourcesFiltering - Copying 0 resource from src to bin
2024-12-10 16:44:25,121 [Worker-33: Building] INFO  o.a.m.s.f.DefaultMavenResourcesFiltering - skip non existing resourceDirectory C:\Users\Usuario\OneDrive\Escritorio\RI_JPA\cws_client_manager\src\test\resources
2024-12-10 16:44:25,244 [Worker-33: Building] INFO  o.a.m.s.f.DefaultMavenResourcesFiltering - Copying 0 resource from src to bin
2024-12-10 16:44:25,249 [Worker-33: Building] INFO  o.a.m.s.f.DefaultMavenResourcesFiltering - skip non existing resourceDirectory C:\Users\Usuario\OneDrive\Escritorio\RI_JPA\cws_client_foreman\src\test\resources
2024-12-10 16:44:25,394 [Worker-33: Building] INFO  o.a.m.s.f.DefaultMavenResourcesFiltering - Copying 0 resource from src to bin
2024-12-10 16:44:25,397 [Worker-33: Building] INFO  o.a.m.s.f.DefaultMavenResourcesFiltering - skip non existing resourceDirectory C:\Users\Usuario\OneDrive\Escritorio\RI_JPA\cws_client_cashier\src\test\resources
2024-12-10 16:45:24,910 [Worker-32: Launching LoadEntityManagerFactory] INFO  o.e.m.c.i.p.WorkspaceClassifierResolverManager - Resolving P/cws_util: uo.ri:cws_util:0.0.1-SNAPSHOT with classifier null to /cws_util/bin
2024-12-10 16:45:24,943 [Worker-32: Launching LoadEntityManagerFactory] INFO  o.e.m.c.i.p.WorkspaceClassifierResolverManager - Resolving P/cws_util: uo.ri:cws_util:0.0.1-SNAPSHOT with classifier null to /cws_util/bin
2024-12-10 16:45:24,969 [Worker-33: Building] INFO  o.a.m.s.f.DefaultMavenResourcesFiltering - Copying 0 resource from src to bin
2024-12-10 16:45:24,979 [Worker-32: Launching LoadEntityManagerFactory] INFO  o.e.m.c.i.p.WorkspaceClassifierResolverManager - Resolving P/cws_util: uo.ri:cws_util:0.0.1-SNAPSHOT with classifier null to /cws_util/bin
2024-12-10 16:45:24,995 [Worker-33: Building] INFO  o.a.m.s.f.DefaultMavenResourcesFiltering - Copying 0 resource from test to target\test-classes
2024-12-10 16:45:40,201 [Worker-33: Building] INFO  o.a.m.s.f.DefaultMavenResourcesFiltering - Copying 0 resource from src to bin
2024-12-10 16:45:40,233 [Worker-33: Building] INFO  o.a.m.s.f.DefaultMavenResourcesFiltering - Copying 0 resource from test to target\test-classes
2024-12-10 16:45:41,638 [Worker-32: Building] INFO  o.a.m.s.f.DefaultMavenResourcesFiltering - Copying 0 resource from src to bin
2024-12-10 16:45:41,679 [Worker-32: Building] INFO  o.a.m.s.f.DefaultMavenResourcesFiltering - Copying 0 resource from test to target\test-classes
2024-12-10 16:45:42,939 [Worker-36: Building] INFO  o.a.m.s.f.DefaultMavenResourcesFiltering - Copying 0 resource from src to bin
2024-12-10 16:45:42,981 [Worker-36: Building] INFO  o.a.m.s.f.DefaultMavenResourcesFiltering - Copying 0 resource from test to target\test-classes
2024-12-10 16:45:44,106 [Worker-35: Building] INFO  o.a.m.s.f.DefaultMavenResourcesFiltering - Copying 0 resource from src to bin
2024-12-10 16:45:44,136 [Worker-35: Building] INFO  o.a.m.s.f.DefaultMavenResourcesFiltering - Copying 0 resource from test to target\test-classes
2024-12-10 16:45:45,286 [Worker-32: Building] INFO  o.a.m.s.f.DefaultMavenResourcesFiltering - Copying 1 resource from src to bin
2024-12-10 16:45:45,295 [Worker-32: Building] INFO  o.a.m.s.f.DefaultMavenResourcesFiltering - skip non existing resourceDirectory C:\Users\Usuario\Downloads\UO295662_0 (1)\UO295662_0\cws_services_jpa\cws_services_jpa\src\test\resources
2024-12-10 16:45:45,440 [Worker-32: Building] INFO  o.a.m.s.f.DefaultMavenResourcesFiltering - Copying 0 resource from src to bin
2024-12-10 16:45:45,467 [Worker-32: Building] INFO  o.a.m.s.f.DefaultMavenResourcesFiltering - Copying 0 resource from test to target\test-classes
2024-12-10 16:45:45,662 [Worker-34: Building] INFO  o.a.m.s.f.DefaultMavenResourcesFiltering - Copying 0 resource from src to bin
2024-12-10 16:45:45,693 [Worker-34: Building] INFO  o.a.m.s.f.DefaultMavenResourcesFiltering - Copying 0 resource from test to target\test-classes
2024-12-10 16:45:46,627 [Worker-33: Launching LoadEntityManagerFactory] INFO  o.e.m.c.i.p.WorkspaceClassifierResolverManager - Resolving P/cws_util: uo.ri:cws_util:0.0.1-SNAPSHOT with classifier null to /cws_util/bin
2024-12-10 16:45:46,672 [Worker-33: Launching LoadEntityManagerFactory] INFO  o.e.m.c.i.p.WorkspaceClassifierResolverManager - Resolving P/cws_util: uo.ri:cws_util:0.0.1-SNAPSHOT with classifier null to /cws_util/bin
2024-12-10 16:45:46,720 [Worker-33: Launching LoadEntityManagerFactory] INFO  o.e.m.c.i.p.WorkspaceClassifierResolverManager - Resolving P/cws_util: uo.ri:cws_util:0.0.1-SNAPSHOT with classifier null to /cws_util/bin
2024-12-10 16:45:46,790 [Worker-33: Building] INFO  o.a.m.s.f.DefaultMavenResourcesFiltering - Copying 0 resource from src to bin
2024-12-10 16:45:46,822 [Worker-33: Building] INFO  o.a.m.s.f.DefaultMavenResourcesFiltering - Copying 0 resource from test to target\test-classes
2024-12-10 16:45:51,874 [Worker-37: Launching LoadEntityManagerFactory] INFO  o.e.m.c.i.p.WorkspaceClassifierResolverManager - Resolving P/cws_util: uo.ri:cws_util:0.0.1-SNAPSHOT with classifier null to /cws_util/bin
2024-12-10 16:45:51,920 [Worker-23: Building] INFO  o.a.m.s.f.DefaultMavenResourcesFiltering - Copying 0 resource from src to bin
2024-12-10 16:45:51,922 [Worker-37: Launching LoadEntityManagerFactory] INFO  o.e.m.c.i.p.WorkspaceClassifierResolverManager - Resolving P/cws_util: uo.ri:cws_util:0.0.1-SNAPSHOT with classifier null to /cws_util/bin
2024-12-10 16:45:51,951 [Worker-23: Building] INFO  o.a.m.s.f.DefaultMavenResourcesFiltering - Copying 0 resource from test to target\test-classes
2024-12-10 16:45:51,973 [Worker-37: Launching LoadEntityManagerFactory] INFO  o.e.m.c.i.p.WorkspaceClassifierResolverManager - Resolving P/cws_util: uo.ri:cws_util:0.0.1-SNAPSHOT with classifier null to /cws_util/bin
2024-12-10 16:46:01,397 [Worker-37: Building] INFO  o.a.m.s.f.DefaultMavenResourcesFiltering - Copying 1 resource from src to bin
2024-12-10 16:46:01,408 [Worker-37: Building] INFO  o.a.m.s.f.DefaultMavenResourcesFiltering - skip non existing resourceDirectory C:\Users\Usuario\Downloads\UO295662_0 (1)\UO295662_0\cws_services_jpa\cws_services_jpa\src\test\resources
2024-12-10 16:46:01,551 [Worker-37: Building] INFO  o.a.m.s.f.DefaultMavenResourcesFiltering - Copying 0 resource from src to bin
2024-12-10 16:46:01,587 [Worker-37: Building] INFO  o.a.m.s.f.DefaultMavenResourcesFiltering - Copying 0 resource from test to target\test-classes
2024-12-10 16:46:01,772 [Worker-38: Building] INFO  o.a.m.s.f.DefaultMavenResourcesFiltering - Copying 0 resource from src to bin
2024-12-10 16:46:01,800 [Worker-38: Building] INFO  o.a.m.s.f.DefaultMavenResourcesFiltering - Copying 0 resource from test to target\test-classes
2024-12-10 16:46:06,069 [Worker-33: Launching uo.ri.cws] INFO  o.e.m.c.i.p.WorkspaceClassifierResolverManager - Resolving P/cws_util: uo.ri:cws_util:0.0.1-SNAPSHOT with classifier null to /cws_util/bin
2024-12-10 16:46:06,131 [Worker-37: Building] INFO  o.a.m.s.f.DefaultMavenResourcesFiltering - Copying 0 resource from src to bin
2024-12-10 16:46:06,171 [Worker-37: Building] INFO  o.a.m.s.f.DefaultMavenResourcesFiltering - Copying 0 resource from test to target\test-classes
2024-12-10 16:46:06,214 [Worker-33: Launching uo.ri.cws] INFO  o.e.m.c.i.p.WorkspaceClassifierResolverManager - Resolving P/cws_util: uo.ri:cws_util:0.0.1-SNAPSHOT with classifier null to /cws_util/bin
2024-12-10 16:47:23,640 [Worker-36: Building] INFO  o.a.m.s.f.DefaultMavenResourcesFiltering - Copying 0 resource from src to bin
2024-12-10 16:47:23,688 [Worker-36: Building] INFO  o.a.m.s.f.DefaultMavenResourcesFiltering - Copying 0 resource from test to target\test-classes
2024-12-10 16:47:23,946 [Worker-33: Updating Maven Dependencies] INFO  o.e.m.c.i.l.LifecycleMappingFactory - Using org.eclipse.m2e.jdt.JarLifecycleMapping lifecycle mapping for MavenProject: uo.ri:cws_client_mechanic:0.0.1-SNAPSHOT @ C:\Users\Usuario\OneDrive\Escritorio\RI_JPA\cws_client_mechanic\pom.xml.
2024-12-10 16:47:23,957 [Worker-33: Updating Maven Dependencies] WARN  o.e.m.c.i.embedder.EclipseLogger - The POM for uo.ri:cws_services_jpa:jar:0.0.1-SNAPSHOT is missing, no dependency information available
2024-12-10 16:47:24,121 [Worker-33: Updating Maven Dependencies] INFO  o.e.m.c.i.l.LifecycleMappingFactory - Using org.eclipse.m2e.jdt.JarLifecycleMapping lifecycle mapping for MavenProject: uo.ri:cws_client_foreman:0.0.1-SNAPSHOT @ C:\Users\Usuario\OneDrive\Escritorio\RI_JPA\cws_client_foreman\pom.xml.
2024-12-10 16:47:24,272 [Worker-33: Updating Maven Dependencies] INFO  o.e.m.c.i.l.LifecycleMappingFactory - Using org.eclipse.m2e.jdt.JarLifecycleMapping lifecycle mapping for MavenProject: uo.ri:cws_client_cashier:0.0.1-SNAPSHOT @ C:\Users\Usuario\OneDrive\Escritorio\RI_JPA\cws_client_cashier\pom.xml.
2024-12-10 16:47:24,415 [Worker-33: Updating Maven Dependencies] INFO  o.e.m.c.i.l.LifecycleMappingFactory - Using org.eclipse.m2e.jdt.JarLifecycleMapping lifecycle mapping for MavenProject: uo.ri:cws_client_manager:0.0.1-SNAPSHOT @ C:\Users\Usuario\OneDrive\Escritorio\RI_JPA\cws_client_manager\pom.xml.
2024-12-10 16:47:24,549 [Worker-33: Updating Maven Dependencies] INFO  o.e.m.c.i.l.LifecycleMappingFactory - Using org.eclipse.m2e.jdt.JarLifecycleMapping lifecycle mapping for MavenProject: uo.ri:cws_spareparts_aceptance_tests:0.0.1-SNAPSHOT @ C:\Users\Usuario\Downloads\ri.jpa.cws.2024.extension.skeleton\cws_2024\cws_spareparts_aceptance_tests\pom.xml.
2024-12-10 16:47:24,830 [Worker-38: Building] INFO  o.a.m.s.f.DefaultMavenResourcesFiltering - Copying 0 resource from src to bin
2024-12-10 16:47:24,864 [Worker-38: Building] INFO  o.a.m.s.f.DefaultMavenResourcesFiltering - Copying 0 resource from test to target\test-classes
2024-12-10 16:47:25,662 [Worker-33: Updating Maven Dependencies] ERROR o.e.m.j.i.l.MavenLaunchConfigurationListener - Launch configuration ChargeTests references non-existing project cws_services_jpa.
org.eclipse.core.runtime.CoreException: Launch configuration ChargeTests references non-existing project cws_services_jpa.
	at org.eclipse.jdt.launching.JavaRuntime.abort(JavaRuntime.java:1870)
	at org.eclipse.jdt.launching.JavaRuntime.getJavaProject(JavaRuntime.java:1747)
	at org.eclipse.m2e.jdt.internal.launch.MavenLaunchConfigurationListener.updateLaunchConfiguration(MavenLaunchConfigurationListener.java:66)
	at org.eclipse.m2e.jdt.internal.launch.MavenLaunchConfigurationListener.launchConfigurationChanged(MavenLaunchConfigurationListener.java:52)
	at org.eclipse.debug.internal.core.LaunchManager$ConfigurationNotifier.run(LaunchManager.java:219)
	at org.eclipse.core.runtime.SafeRunner.run(SafeRunner.java:47)
	at org.eclipse.debug.internal.core.LaunchManager$ConfigurationNotifier.notify(LaunchManager.java:203)
	at org.eclipse.debug.internal.core.LaunchConfigurationWorkingCopy.setDirty(LaunchConfigurationWorkingCopy.java:527)
	at org.eclipse.debug.internal.core.LaunchConfigurationWorkingCopy.setAttribute(LaunchConfigurationWorkingCopy.java:415)
	at org.eclipse.m2e.jdt.internal.launch.MavenRuntimeClasspathProvider.disable(MavenRuntimeClasspathProvider.java:409)
	at org.eclipse.m2e.jdt.internal.launch.MavenRuntimeClasspathProvider.disable(MavenRuntimeClasspathProvider.java:435)
	at org.eclipse.m2e.jdt.internal.launch.MavenLaunchConfigurationListener.mavenProjectChanged(MavenLaunchConfigurationListener.java:137)
	at org.eclipse.m2e.core.internal.project.registry.ProjectRegistryManager.notifyProjectChangeListeners(ProjectRegistryManager.java:892)
	at org.eclipse.m2e.core.internal.project.registry.ProjectRegistryManager.applyMutableProjectRegistry(ProjectRegistryManager.java:1042)
	at org.eclipse.m2e.core.internal.project.registry.ProjectRegistryRefreshJob.lambda$0(ProjectRegistryRefreshJob.java:162)
	at org.eclipse.m2e.core.internal.embedder.MavenExecutionContext.executeBare(MavenExecutionContext.java:458)
	at org.eclipse.m2e.core.internal.embedder.MavenExecutionContext.execute(MavenExecutionContext.java:339)
	at org.eclipse.m2e.core.internal.embedder.MavenExecutionContext.execute(MavenExecutionContext.java:278)
	at org.eclipse.m2e.core.internal.project.registry.ProjectRegistryRefreshJob.run(ProjectRegistryRefreshJob.java:106)
	at org.eclipse.core.internal.jobs.Worker.run(Worker.java:63)
2024-12-10 16:47:25,665 [Worker-33: Updating Maven Dependencies] ERROR o.e.m.j.i.l.MavenLaunchConfigurationListener - Launch configuration ChargeTests references non-existing project cws_services_jpa.
org.eclipse.core.runtime.CoreException: Launch configuration ChargeTests references non-existing project cws_services_jpa.
	at org.eclipse.jdt.launching.JavaRuntime.abort(JavaRuntime.java:1870)
	at org.eclipse.jdt.launching.JavaRuntime.getJavaProject(JavaRuntime.java:1747)
	at org.eclipse.m2e.jdt.internal.launch.MavenLaunchConfigurationListener.updateLaunchConfiguration(MavenLaunchConfigurationListener.java:66)
	at org.eclipse.m2e.jdt.internal.launch.MavenLaunchConfigurationListener.launchConfigurationChanged(MavenLaunchConfigurationListener.java:52)
	at org.eclipse.debug.internal.core.LaunchManager$ConfigurationNotifier.run(LaunchManager.java:219)
	at org.eclipse.core.runtime.SafeRunner.run(SafeRunner.java:47)
	at org.eclipse.debug.internal.core.LaunchManager$ConfigurationNotifier.notify(LaunchManager.java:203)
	at org.eclipse.debug.internal.core.LaunchConfigurationWorkingCopy.setDirty(LaunchConfigurationWorkingCopy.java:527)
	at org.eclipse.debug.internal.core.LaunchConfigurationWorkingCopy.setAttribute(LaunchConfigurationWorkingCopy.java:415)
	at org.eclipse.m2e.jdt.internal.launch.MavenRuntimeClasspathProvider.disable(MavenRuntimeClasspathProvider.java:410)
	at org.eclipse.m2e.jdt.internal.launch.MavenRuntimeClasspathProvider.disable(MavenRuntimeClasspathProvider.java:435)
	at org.eclipse.m2e.jdt.internal.launch.MavenLaunchConfigurationListener.mavenProjectChanged(MavenLaunchConfigurationListener.java:137)
	at org.eclipse.m2e.core.internal.project.registry.ProjectRegistryManager.notifyProjectChangeListeners(ProjectRegistryManager.java:892)
	at org.eclipse.m2e.core.internal.project.registry.ProjectRegistryManager.applyMutableProjectRegistry(ProjectRegistryManager.java:1042)
	at org.eclipse.m2e.core.internal.project.registry.ProjectRegistryRefreshJob.lambda$0(ProjectRegistryRefreshJob.java:162)
	at org.eclipse.m2e.core.internal.embedder.MavenExecutionContext.executeBare(MavenExecutionContext.java:458)
	at org.eclipse.m2e.core.internal.embedder.MavenExecutionContext.execute(MavenExecutionContext.java:339)
	at org.eclipse.m2e.core.internal.embedder.MavenExecutionContext.execute(MavenExecutionContext.java:278)
	at org.eclipse.m2e.core.internal.project.registry.ProjectRegistryRefreshJob.run(ProjectRegistryRefreshJob.java:106)
	at org.eclipse.core.internal.jobs.Worker.run(Worker.java:63)
2024-12-10 16:47:25,673 [Worker-33: Updating Maven Dependencies] ERROR o.e.m.j.i.l.MavenLaunchConfigurationListener - Launch configuration ChargeTests references non-existing project cws_services_jpa.
org.eclipse.core.runtime.CoreException: Launch configuration ChargeTests references non-existing project cws_services_jpa.
	at org.eclipse.jdt.launching.JavaRuntime.abort(JavaRuntime.java:1870)
	at org.eclipse.jdt.launching.JavaRuntime.getJavaProject(JavaRuntime.java:1747)
	at org.eclipse.m2e.jdt.internal.launch.MavenLaunchConfigurationListener.updateLaunchConfiguration(MavenLaunchConfigurationListener.java:66)
	at org.eclipse.m2e.jdt.internal.launch.MavenLaunchConfigurationListener.launchConfigurationChanged(MavenLaunchConfigurationListener.java:52)
	at org.eclipse.debug.internal.core.LaunchManager$ConfigurationNotifier.run(LaunchManager.java:219)
	at org.eclipse.core.runtime.SafeRunner.run(SafeRunner.java:47)
	at org.eclipse.debug.internal.core.LaunchManager$ConfigurationNotifier.notify(LaunchManager.java:203)
	at org.eclipse.debug.internal.core.LaunchManager.launchConfigurationChanged(LaunchManager.java:1960)
	at org.eclipse.debug.internal.core.LaunchConfigurationWorkingCopy.writeNewFile(LaunchConfigurationWorkingCopy.java:380)
	at org.eclipse.debug.internal.core.LaunchConfigurationWorkingCopy.doSave0(LaunchConfigurationWorkingCopy.java:259)
	at org.eclipse.debug.internal.core.LaunchConfigurationWorkingCopy.doSave(LaunchConfigurationWorkingCopy.java:229)
	at org.eclipse.debug.internal.core.LaunchConfigurationWorkingCopy.doSave(LaunchConfigurationWorkingCopy.java:187)
	at org.eclipse.m2e.jdt.internal.launch.MavenRuntimeClasspathProvider.disable(MavenRuntimeClasspathProvider.java:411)
	at org.eclipse.m2e.jdt.internal.launch.MavenRuntimeClasspathProvider.disable(MavenRuntimeClasspathProvider.java:435)
	at org.eclipse.m2e.jdt.internal.launch.MavenLaunchConfigurationListener.mavenProjectChanged(MavenLaunchConfigurationListener.java:137)
	at org.eclipse.m2e.core.internal.project.registry.ProjectRegistryManager.notifyProjectChangeListeners(ProjectRegistryManager.java:892)
	at org.eclipse.m2e.core.internal.project.registry.ProjectRegistryManager.applyMutableProjectRegistry(ProjectRegistryManager.java:1042)
	at org.eclipse.m2e.core.internal.project.registry.ProjectRegistryRefreshJob.lambda$0(ProjectRegistryRefreshJob.java:162)
	at org.eclipse.m2e.core.internal.embedder.MavenExecutionContext.executeBare(MavenExecutionContext.java:458)
	at org.eclipse.m2e.core.internal.embedder.MavenExecutionContext.execute(MavenExecutionContext.java:339)
	at org.eclipse.m2e.core.internal.embedder.MavenExecutionContext.execute(MavenExecutionContext.java:278)
	at org.eclipse.m2e.core.internal.project.registry.ProjectRegistryRefreshJob.run(ProjectRegistryRefreshJob.java:106)
	at org.eclipse.core.internal.jobs.Worker.run(Worker.java:63)
2024-12-10 16:47:25,676 [Worker-33: Updating Maven Dependencies] ERROR o.e.m.j.i.l.MavenLaunchConfigurationListener - Launch configuration InvoiceRemoveWorkOrderTests references non-existing project cws_services_jpa.
org.eclipse.core.runtime.CoreException: Launch configuration InvoiceRemoveWorkOrderTests references non-existing project cws_services_jpa.
	at org.eclipse.jdt.launching.JavaRuntime.abort(JavaRuntime.java:1870)
	at org.eclipse.jdt.launching.JavaRuntime.getJavaProject(JavaRuntime.java:1747)
	at org.eclipse.m2e.jdt.internal.launch.MavenLaunchConfigurationListener.updateLaunchConfiguration(MavenLaunchConfigurationListener.java:66)
	at org.eclipse.m2e.jdt.internal.launch.MavenLaunchConfigurationListener.launchConfigurationChanged(MavenLaunchConfigurationListener.java:52)
	at org.eclipse.debug.internal.core.LaunchManager$ConfigurationNotifier.run(LaunchManager.java:219)
	at org.eclipse.core.runtime.SafeRunner.run(SafeRunner.java:47)
	at org.eclipse.debug.internal.core.LaunchManager$ConfigurationNotifier.notify(LaunchManager.java:203)
	at org.eclipse.debug.internal.core.LaunchConfigurationWorkingCopy.setDirty(LaunchConfigurationWorkingCopy.java:527)
	at org.eclipse.debug.internal.core.LaunchConfigurationWorkingCopy.setAttribute(LaunchConfigurationWorkingCopy.java:415)
	at org.eclipse.m2e.jdt.internal.launch.MavenRuntimeClasspathProvider.disable(MavenRuntimeClasspathProvider.java:409)
	at org.eclipse.m2e.jdt.internal.launch.MavenRuntimeClasspathProvider.disable(MavenRuntimeClasspathProvider.java:435)
	at org.eclipse.m2e.jdt.internal.launch.MavenLaunchConfigurationListener.mavenProjectChanged(MavenLaunchConfigurationListener.java:137)
	at org.eclipse.m2e.core.internal.project.registry.ProjectRegistryManager.notifyProjectChangeListeners(ProjectRegistryManager.java:892)
	at org.eclipse.m2e.core.internal.project.registry.ProjectRegistryManager.applyMutableProjectRegistry(ProjectRegistryManager.java:1042)
	at org.eclipse.m2e.core.internal.project.registry.ProjectRegistryRefreshJob.lambda$0(ProjectRegistryRefreshJob.java:162)
	at org.eclipse.m2e.core.internal.embedder.MavenExecutionContext.executeBare(MavenExecutionContext.java:458)
	at org.eclipse.m2e.core.internal.embedder.MavenExecutionContext.execute(MavenExecutionContext.java:339)
	at org.eclipse.m2e.core.internal.embedder.MavenExecutionContext.execute(MavenExecutionContext.java:278)
	at org.eclipse.m2e.core.internal.project.registry.ProjectRegistryRefreshJob.run(ProjectRegistryRefreshJob.java:106)
	at org.eclipse.core.internal.jobs.Worker.run(Worker.java:63)
2024-12-10 16:47:25,677 [Worker-33: Updating Maven Dependencies] ERROR o.e.m.j.i.l.MavenLaunchConfigurationListener - Launch configuration InvoiceRemoveWorkOrderTests references non-existing project cws_services_jpa.
org.eclipse.core.runtime.CoreException: Launch configuration InvoiceRemoveWorkOrderTests references non-existing project cws_services_jpa.
	at org.eclipse.jdt.launching.JavaRuntime.abort(JavaRuntime.java:1870)
	at org.eclipse.jdt.launching.JavaRuntime.getJavaProject(JavaRuntime.java:1747)
	at org.eclipse.m2e.jdt.internal.launch.MavenLaunchConfigurationListener.updateLaunchConfiguration(MavenLaunchConfigurationListener.java:66)
	at org.eclipse.m2e.jdt.internal.launch.MavenLaunchConfigurationListener.launchConfigurationChanged(MavenLaunchConfigurationListener.java:52)
	at org.eclipse.debug.internal.core.LaunchManager$ConfigurationNotifier.run(LaunchManager.java:219)
	at org.eclipse.core.runtime.SafeRunner.run(SafeRunner.java:47)
	at org.eclipse.debug.internal.core.LaunchManager$ConfigurationNotifier.notify(LaunchManager.java:203)
	at org.eclipse.debug.internal.core.LaunchConfigurationWorkingCopy.setDirty(LaunchConfigurationWorkingCopy.java:527)
	at org.eclipse.debug.internal.core.LaunchConfigurationWorkingCopy.setAttribute(LaunchConfigurationWorkingCopy.java:415)
	at org.eclipse.m2e.jdt.internal.launch.MavenRuntimeClasspathProvider.disable(MavenRuntimeClasspathProvider.java:410)
	at org.eclipse.m2e.jdt.internal.launch.MavenRuntimeClasspathProvider.disable(MavenRuntimeClasspathProvider.java:435)
	at org.eclipse.m2e.jdt.internal.launch.MavenLaunchConfigurationListener.mavenProjectChanged(MavenLaunchConfigurationListener.java:137)
	at org.eclipse.m2e.core.internal.project.registry.ProjectRegistryManager.notifyProjectChangeListeners(ProjectRegistryManager.java:892)
	at org.eclipse.m2e.core.internal.project.registry.ProjectRegistryManager.applyMutableProjectRegistry(ProjectRegistryManager.java:1042)
	at org.eclipse.m2e.core.internal.project.registry.ProjectRegistryRefreshJob.lambda$0(ProjectRegistryRefreshJob.java:162)
	at org.eclipse.m2e.core.internal.embedder.MavenExecutionContext.executeBare(MavenExecutionContext.java:458)
	at org.eclipse.m2e.core.internal.embedder.MavenExecutionContext.execute(MavenExecutionContext.java:339)
	at org.eclipse.m2e.core.internal.embedder.MavenExecutionContext.execute(MavenExecutionContext.java:278)
	at org.eclipse.m2e.core.internal.project.registry.ProjectRegistryRefreshJob.run(ProjectRegistryRefreshJob.java:106)
	at org.eclipse.core.internal.jobs.Worker.run(Worker.java:63)
2024-12-10 16:47:25,684 [Worker-33: Updating Maven Dependencies] ERROR o.e.m.j.i.l.MavenLaunchConfigurationListener - Launch configuration InvoiceRemoveWorkOrderTests references non-existing project cws_services_jpa.
org.eclipse.core.runtime.CoreException: Launch configuration InvoiceRemoveWorkOrderTests references non-existing project cws_services_jpa.
	at org.eclipse.jdt.launching.JavaRuntime.abort(JavaRuntime.java:1870)
	at org.eclipse.jdt.launching.JavaRuntime.getJavaProject(JavaRuntime.java:1747)
	at org.eclipse.m2e.jdt.internal.launch.MavenLaunchConfigurationListener.updateLaunchConfiguration(MavenLaunchConfigurationListener.java:66)
	at org.eclipse.m2e.jdt.internal.launch.MavenLaunchConfigurationListener.launchConfigurationChanged(MavenLaunchConfigurationListener.java:52)
	at org.eclipse.debug.internal.core.LaunchManager$ConfigurationNotifier.run(LaunchManager.java:219)
	at org.eclipse.core.runtime.SafeRunner.run(SafeRunner.java:47)
	at org.eclipse.debug.internal.core.LaunchManager$ConfigurationNotifier.notify(LaunchManager.java:203)
	at org.eclipse.debug.internal.core.LaunchManager.launchConfigurationChanged(LaunchManager.java:1960)
	at org.eclipse.debug.internal.core.LaunchConfigurationWorkingCopy.writeNewFile(LaunchConfigurationWorkingCopy.java:380)
	at org.eclipse.debug.internal.core.LaunchConfigurationWorkingCopy.doSave0(LaunchConfigurationWorkingCopy.java:259)
	at org.eclipse.debug.internal.core.LaunchConfigurationWorkingCopy.doSave(LaunchConfigurationWorkingCopy.java:229)
	at org.eclipse.debug.internal.core.LaunchConfigurationWorkingCopy.doSave(LaunchConfigurationWorkingCopy.java:187)
	at org.eclipse.m2e.jdt.internal.launch.MavenRuntimeClasspathProvider.disable(MavenRuntimeClasspathProvider.java:411)
	at org.eclipse.m2e.jdt.internal.launch.MavenRuntimeClasspathProvider.disable(MavenRuntimeClasspathProvider.java:435)
	at org.eclipse.m2e.jdt.internal.launch.MavenLaunchConfigurationListener.mavenProjectChanged(MavenLaunchConfigurationListener.java:137)
	at org.eclipse.m2e.core.internal.project.registry.ProjectRegistryManager.notifyProjectChangeListeners(ProjectRegistryManager.java:892)
	at org.eclipse.m2e.core.internal.project.registry.ProjectRegistryManager.applyMutableProjectRegistry(ProjectRegistryManager.java:1042)
	at org.eclipse.m2e.core.internal.project.registry.ProjectRegistryRefreshJob.lambda$0(ProjectRegistryRefreshJob.java:162)
	at org.eclipse.m2e.core.internal.embedder.MavenExecutionContext.executeBare(MavenExecutionContext.java:458)
	at org.eclipse.m2e.core.internal.embedder.MavenExecutionContext.execute(MavenExecutionContext.java:339)
	at org.eclipse.m2e.core.internal.embedder.MavenExecutionContext.execute(MavenExecutionContext.java:278)
	at org.eclipse.m2e.core.internal.project.registry.ProjectRegistryRefreshJob.run(ProjectRegistryRefreshJob.java:106)
	at org.eclipse.core.internal.jobs.Worker.run(Worker.java:63)
2024-12-10 16:47:25,686 [Worker-33: Updating Maven Dependencies] ERROR o.e.m.j.i.l.MavenLaunchConfigurationListener - Launch configuration LoadEntityManagerFactory references non-existing project cws_services_jpa.
org.eclipse.core.runtime.CoreException: Launch configuration LoadEntityManagerFactory references non-existing project cws_services_jpa.
	at org.eclipse.jdt.launching.JavaRuntime.abort(JavaRuntime.java:1870)
	at org.eclipse.jdt.launching.JavaRuntime.getJavaProject(JavaRuntime.java:1747)
	at org.eclipse.m2e.jdt.internal.launch.MavenLaunchConfigurationListener.updateLaunchConfiguration(MavenLaunchConfigurationListener.java:66)
	at org.eclipse.m2e.jdt.internal.launch.MavenLaunchConfigurationListener.launchConfigurationChanged(MavenLaunchConfigurationListener.java:52)
	at org.eclipse.debug.internal.core.LaunchManager$ConfigurationNotifier.run(LaunchManager.java:219)
	at org.eclipse.core.runtime.SafeRunner.run(SafeRunner.java:47)
	at org.eclipse.debug.internal.core.LaunchManager$ConfigurationNotifier.notify(LaunchManager.java:203)
	at org.eclipse.debug.internal.core.LaunchConfigurationWorkingCopy.setDirty(LaunchConfigurationWorkingCopy.java:527)
	at org.eclipse.debug.internal.core.LaunchConfigurationWorkingCopy.setAttribute(LaunchConfigurationWorkingCopy.java:415)
	at org.eclipse.m2e.jdt.internal.launch.MavenRuntimeClasspathProvider.disable(MavenRuntimeClasspathProvider.java:409)
	at org.eclipse.m2e.jdt.internal.launch.MavenRuntimeClasspathProvider.disable(MavenRuntimeClasspathProvider.java:435)
	at org.eclipse.m2e.jdt.internal.launch.MavenLaunchConfigurationListener.mavenProjectChanged(MavenLaunchConfigurationListener.java:137)
	at org.eclipse.m2e.core.internal.project.registry.ProjectRegistryManager.notifyProjectChangeListeners(ProjectRegistryManager.java:892)
	at org.eclipse.m2e.core.internal.project.registry.ProjectRegistryManager.applyMutableProjectRegistry(ProjectRegistryManager.java:1042)
	at org.eclipse.m2e.core.internal.project.registry.ProjectRegistryRefreshJob.lambda$0(ProjectRegistryRefreshJob.java:162)
	at org.eclipse.m2e.core.internal.embedder.MavenExecutionContext.executeBare(MavenExecutionContext.java:458)
	at org.eclipse.m2e.core.internal.embedder.MavenExecutionContext.execute(MavenExecutionContext.java:339)
	at org.eclipse.m2e.core.internal.embedder.MavenExecutionContext.execute(MavenExecutionContext.java:278)
	at org.eclipse.m2e.core.internal.project.registry.ProjectRegistryRefreshJob.run(ProjectRegistryRefreshJob.java:106)
	at org.eclipse.core.internal.jobs.Worker.run(Worker.java:63)
2024-12-10 16:47:25,688 [Worker-33: Updating Maven Dependencies] ERROR o.e.m.j.i.l.MavenLaunchConfigurationListener - Launch configuration LoadEntityManagerFactory references non-existing project cws_services_jpa.
org.eclipse.core.runtime.CoreException: Launch configuration LoadEntityManagerFactory references non-existing project cws_services_jpa.
	at org.eclipse.jdt.launching.JavaRuntime.abort(JavaRuntime.java:1870)
	at org.eclipse.jdt.launching.JavaRuntime.getJavaProject(JavaRuntime.java:1747)
	at org.eclipse.m2e.jdt.internal.launch.MavenLaunchConfigurationListener.updateLaunchConfiguration(MavenLaunchConfigurationListener.java:66)
	at org.eclipse.m2e.jdt.internal.launch.MavenLaunchConfigurationListener.launchConfigurationChanged(MavenLaunchConfigurationListener.java:52)
	at org.eclipse.debug.internal.core.LaunchManager$ConfigurationNotifier.run(LaunchManager.java:219)
	at org.eclipse.core.runtime.SafeRunner.run(SafeRunner.java:47)
	at org.eclipse.debug.internal.core.LaunchManager$ConfigurationNotifier.notify(LaunchManager.java:203)
	at org.eclipse.debug.internal.core.LaunchConfigurationWorkingCopy.setDirty(LaunchConfigurationWorkingCopy.java:527)
	at org.eclipse.debug.internal.core.LaunchConfigurationWorkingCopy.setAttribute(LaunchConfigurationWorkingCopy.java:415)
	at org.eclipse.m2e.jdt.internal.launch.MavenRuntimeClasspathProvider.disable(MavenRuntimeClasspathProvider.java:410)
	at org.eclipse.m2e.jdt.internal.launch.MavenRuntimeClasspathProvider.disable(MavenRuntimeClasspathProvider.java:435)
	at org.eclipse.m2e.jdt.internal.launch.MavenLaunchConfigurationListener.mavenProjectChanged(MavenLaunchConfigurationListener.java:137)
	at org.eclipse.m2e.core.internal.project.registry.ProjectRegistryManager.notifyProjectChangeListeners(ProjectRegistryManager.java:892)
	at org.eclipse.m2e.core.internal.project.registry.ProjectRegistryManager.applyMutableProjectRegistry(ProjectRegistryManager.java:1042)
	at org.eclipse.m2e.core.internal.project.registry.ProjectRegistryRefreshJob.lambda$0(ProjectRegistryRefreshJob.java:162)
	at org.eclipse.m2e.core.internal.embedder.MavenExecutionContext.executeBare(MavenExecutionContext.java:458)
	at org.eclipse.m2e.core.internal.embedder.MavenExecutionContext.execute(MavenExecutionContext.java:339)
	at org.eclipse.m2e.core.internal.embedder.MavenExecutionContext.execute(MavenExecutionContext.java:278)
	at org.eclipse.m2e.core.internal.project.registry.ProjectRegistryRefreshJob.run(ProjectRegistryRefreshJob.java:106)
	at org.eclipse.core.internal.jobs.Worker.run(Worker.java:63)
2024-12-10 16:47:25,693 [Worker-33: Updating Maven Dependencies] ERROR o.e.m.j.i.l.MavenLaunchConfigurationListener - Launch configuration LoadEntityManagerFactory references non-existing project cws_services_jpa.
org.eclipse.core.runtime.CoreException: Launch configuration LoadEntityManagerFactory references non-existing project cws_services_jpa.
	at org.eclipse.jdt.launching.JavaRuntime.abort(JavaRuntime.java:1870)
	at org.eclipse.jdt.launching.JavaRuntime.getJavaProject(JavaRuntime.java:1747)
	at org.eclipse.m2e.jdt.internal.launch.MavenLaunchConfigurationListener.updateLaunchConfiguration(MavenLaunchConfigurationListener.java:66)
	at org.eclipse.m2e.jdt.internal.launch.MavenLaunchConfigurationListener.launchConfigurationChanged(MavenLaunchConfigurationListener.java:52)
	at org.eclipse.debug.internal.core.LaunchManager$ConfigurationNotifier.run(LaunchManager.java:219)
	at org.eclipse.core.runtime.SafeRunner.run(SafeRunner.java:47)
	at org.eclipse.debug.internal.core.LaunchManager$ConfigurationNotifier.notify(LaunchManager.java:203)
	at org.eclipse.debug.internal.core.LaunchManager.launchConfigurationChanged(LaunchManager.java:1960)
	at org.eclipse.debug.internal.core.LaunchConfigurationWorkingCopy.writeNewFile(LaunchConfigurationWorkingCopy.java:380)
	at org.eclipse.debug.internal.core.LaunchConfigurationWorkingCopy.doSave0(LaunchConfigurationWorkingCopy.java:259)
	at org.eclipse.debug.internal.core.LaunchConfigurationWorkingCopy.doSave(LaunchConfigurationWorkingCopy.java:229)
	at org.eclipse.debug.internal.core.LaunchConfigurationWorkingCopy.doSave(LaunchConfigurationWorkingCopy.java:187)
	at org.eclipse.m2e.jdt.internal.launch.MavenRuntimeClasspathProvider.disable(MavenRuntimeClasspathProvider.java:411)
	at org.eclipse.m2e.jdt.internal.launch.MavenRuntimeClasspathProvider.disable(MavenRuntimeClasspathProvider.java:435)
	at org.eclipse.m2e.jdt.internal.launch.MavenLaunchConfigurationListener.mavenProjectChanged(MavenLaunchConfigurationListener.java:137)
	at org.eclipse.m2e.core.internal.project.registry.ProjectRegistryManager.notifyProjectChangeListeners(ProjectRegistryManager.java:892)
	at org.eclipse.m2e.core.internal.project.registry.ProjectRegistryManager.applyMutableProjectRegistry(ProjectRegistryManager.java:1042)
	at org.eclipse.m2e.core.internal.project.registry.ProjectRegistryRefreshJob.lambda$0(ProjectRegistryRefreshJob.java:162)
	at org.eclipse.m2e.core.internal.embedder.MavenExecutionContext.executeBare(MavenExecutionContext.java:458)
	at org.eclipse.m2e.core.internal.embedder.MavenExecutionContext.execute(MavenExecutionContext.java:339)
	at org.eclipse.m2e.core.internal.embedder.MavenExecutionContext.execute(MavenExecutionContext.java:278)
	at org.eclipse.m2e.core.internal.project.registry.ProjectRegistryRefreshJob.run(ProjectRegistryRefreshJob.java:106)
	at org.eclipse.core.internal.jobs.Worker.run(Worker.java:63)
2024-12-10 16:47:25,695 [Worker-33: Updating Maven Dependencies] ERROR o.e.m.j.i.l.MavenLaunchConfigurationListener - Launch configuration uo.ri.cws.associations references non-existing project cws_services_jpa.
org.eclipse.core.runtime.CoreException: Launch configuration uo.ri.cws.associations references non-existing project cws_services_jpa.
	at org.eclipse.jdt.launching.JavaRuntime.abort(JavaRuntime.java:1870)
	at org.eclipse.jdt.launching.JavaRuntime.getJavaProject(JavaRuntime.java:1747)
	at org.eclipse.m2e.jdt.internal.launch.MavenLaunchConfigurationListener.updateLaunchConfiguration(MavenLaunchConfigurationListener.java:66)
	at org.eclipse.m2e.jdt.internal.launch.MavenLaunchConfigurationListener.launchConfigurationChanged(MavenLaunchConfigurationListener.java:52)
	at org.eclipse.debug.internal.core.LaunchManager$ConfigurationNotifier.run(LaunchManager.java:219)
	at org.eclipse.core.runtime.SafeRunner.run(SafeRunner.java:47)
	at org.eclipse.debug.internal.core.LaunchManager$ConfigurationNotifier.notify(LaunchManager.java:203)
	at org.eclipse.debug.internal.core.LaunchConfigurationWorkingCopy.setDirty(LaunchConfigurationWorkingCopy.java:527)
	at org.eclipse.debug.internal.core.LaunchConfigurationWorkingCopy.setAttribute(LaunchConfigurationWorkingCopy.java:415)
	at org.eclipse.m2e.jdt.internal.launch.MavenRuntimeClasspathProvider.disable(MavenRuntimeClasspathProvider.java:409)
	at org.eclipse.m2e.jdt.internal.launch.MavenRuntimeClasspathProvider.disable(MavenRuntimeClasspathProvider.java:435)
	at org.eclipse.m2e.jdt.internal.launch.MavenLaunchConfigurationListener.mavenProjectChanged(MavenLaunchConfigurationListener.java:137)
	at org.eclipse.m2e.core.internal.project.registry.ProjectRegistryManager.notifyProjectChangeListeners(ProjectRegistryManager.java:892)
	at org.eclipse.m2e.core.internal.project.registry.ProjectRegistryManager.applyMutableProjectRegistry(ProjectRegistryManager.java:1042)
	at org.eclipse.m2e.core.internal.project.registry.ProjectRegistryRefreshJob.lambda$0(ProjectRegistryRefreshJob.java:162)
	at org.eclipse.m2e.core.internal.embedder.MavenExecutionContext.executeBare(MavenExecutionContext.java:458)
	at org.eclipse.m2e.core.internal.embedder.MavenExecutionContext.execute(MavenExecutionContext.java:339)
	at org.eclipse.m2e.core.internal.embedder.MavenExecutionContext.execute(MavenExecutionContext.java:278)
	at org.eclipse.m2e.core.internal.project.registry.ProjectRegistryRefreshJob.run(ProjectRegistryRefreshJob.java:106)
	at org.eclipse.core.internal.jobs.Worker.run(Worker.java:63)
2024-12-10 16:47:25,698 [Worker-33: Updating Maven Dependencies] ERROR o.e.m.j.i.l.MavenLaunchConfigurationListener - Launch configuration uo.ri.cws.associations references non-existing project cws_services_jpa.
org.eclipse.core.runtime.CoreException: Launch configuration uo.ri.cws.associations references non-existing project cws_services_jpa.
	at org.eclipse.jdt.launching.JavaRuntime.abort(JavaRuntime.java:1870)
	at org.eclipse.jdt.launching.JavaRuntime.getJavaProject(JavaRuntime.java:1747)
	at org.eclipse.m2e.jdt.internal.launch.MavenLaunchConfigurationListener.updateLaunchConfiguration(MavenLaunchConfigurationListener.java:66)
	at org.eclipse.m2e.jdt.internal.launch.MavenLaunchConfigurationListener.launchConfigurationChanged(MavenLaunchConfigurationListener.java:52)
	at org.eclipse.debug.internal.core.LaunchManager$ConfigurationNotifier.run(LaunchManager.java:219)
	at org.eclipse.core.runtime.SafeRunner.run(SafeRunner.java:47)
	at org.eclipse.debug.internal.core.LaunchManager$ConfigurationNotifier.notify(LaunchManager.java:203)
	at org.eclipse.debug.internal.core.LaunchConfigurationWorkingCopy.setDirty(LaunchConfigurationWorkingCopy.java:527)
	at org.eclipse.debug.internal.core.LaunchConfigurationWorkingCopy.setAttribute(LaunchConfigurationWorkingCopy.java:415)
	at org.eclipse.m2e.jdt.internal.launch.MavenRuntimeClasspathProvider.disable(MavenRuntimeClasspathProvider.java:410)
	at org.eclipse.m2e.jdt.internal.launch.MavenRuntimeClasspathProvider.disable(MavenRuntimeClasspathProvider.java:435)
	at org.eclipse.m2e.jdt.internal.launch.MavenLaunchConfigurationListener.mavenProjectChanged(MavenLaunchConfigurationListener.java:137)
	at org.eclipse.m2e.core.internal.project.registry.ProjectRegistryManager.notifyProjectChangeListeners(ProjectRegistryManager.java:892)
	at org.eclipse.m2e.core.internal.project.registry.ProjectRegistryManager.applyMutableProjectRegistry(ProjectRegistryManager.java:1042)
	at org.eclipse.m2e.core.internal.project.registry.ProjectRegistryRefreshJob.lambda$0(ProjectRegistryRefreshJob.java:162)
	at org.eclipse.m2e.core.internal.embedder.MavenExecutionContext.executeBare(MavenExecutionContext.java:458)
	at org.eclipse.m2e.core.internal.embedder.MavenExecutionContext.execute(MavenExecutionContext.java:339)
	at org.eclipse.m2e.core.internal.embedder.MavenExecutionContext.execute(MavenExecutionContext.java:278)
	at org.eclipse.m2e.core.internal.project.registry.ProjectRegistryRefreshJob.run(ProjectRegistryRefreshJob.java:106)
	at org.eclipse.core.internal.jobs.Worker.run(Worker.java:63)
2024-12-10 16:47:25,702 [Worker-33: Updating Maven Dependencies] ERROR o.e.m.j.i.l.MavenLaunchConfigurationListener - Launch configuration uo.ri.cws.associations references non-existing project cws_services_jpa.
org.eclipse.core.runtime.CoreException: Launch configuration uo.ri.cws.associations references non-existing project cws_services_jpa.
	at org.eclipse.jdt.launching.JavaRuntime.abort(JavaRuntime.java:1870)
	at org.eclipse.jdt.launching.JavaRuntime.getJavaProject(JavaRuntime.java:1747)
	at org.eclipse.m2e.jdt.internal.launch.MavenLaunchConfigurationListener.updateLaunchConfiguration(MavenLaunchConfigurationListener.java:66)
	at org.eclipse.m2e.jdt.internal.launch.MavenLaunchConfigurationListener.launchConfigurationChanged(MavenLaunchConfigurationListener.java:52)
	at org.eclipse.debug.internal.core.LaunchManager$ConfigurationNotifier.run(LaunchManager.java:219)
	at org.eclipse.core.runtime.SafeRunner.run(SafeRunner.java:47)
	at org.eclipse.debug.internal.core.LaunchManager$ConfigurationNotifier.notify(LaunchManager.java:203)
	at org.eclipse.debug.internal.core.LaunchManager.launchConfigurationChanged(LaunchManager.java:1960)
	at org.eclipse.debug.internal.core.LaunchConfigurationWorkingCopy.writeNewFile(LaunchConfigurationWorkingCopy.java:380)
	at org.eclipse.debug.internal.core.LaunchConfigurationWorkingCopy.doSave0(LaunchConfigurationWorkingCopy.java:259)
	at org.eclipse.debug.internal.core.LaunchConfigurationWorkingCopy.doSave(LaunchConfigurationWorkingCopy.java:229)
	at org.eclipse.debug.internal.core.LaunchConfigurationWorkingCopy.doSave(LaunchConfigurationWorkingCopy.java:187)
	at org.eclipse.m2e.jdt.internal.launch.MavenRuntimeClasspathProvider.disable(MavenRuntimeClasspathProvider.java:411)
	at org.eclipse.m2e.jdt.internal.launch.MavenRuntimeClasspathProvider.disable(MavenRuntimeClasspathProvider.java:435)
	at org.eclipse.m2e.jdt.internal.launch.MavenLaunchConfigurationListener.mavenProjectChanged(MavenLaunchConfigurationListener.java:137)
	at org.eclipse.m2e.core.internal.project.registry.ProjectRegistryManager.notifyProjectChangeListeners(ProjectRegistryManager.java:892)
	at org.eclipse.m2e.core.internal.project.registry.ProjectRegistryManager.applyMutableProjectRegistry(ProjectRegistryManager.java:1042)
	at org.eclipse.m2e.core.internal.project.registry.ProjectRegistryRefreshJob.lambda$0(ProjectRegistryRefreshJob.java:162)
	at org.eclipse.m2e.core.internal.embedder.MavenExecutionContext.executeBare(MavenExecutionContext.java:458)
	at org.eclipse.m2e.core.internal.embedder.MavenExecutionContext.execute(MavenExecutionContext.java:339)
	at org.eclipse.m2e.core.internal.embedder.MavenExecutionContext.execute(MavenExecutionContext.java:278)
	at org.eclipse.m2e.core.internal.project.registry.ProjectRegistryRefreshJob.run(ProjectRegistryRefreshJob.java:106)
	at org.eclipse.core.internal.jobs.Worker.run(Worker.java:63)
2024-12-10 16:47:25,704 [Worker-33: Updating Maven Dependencies] ERROR o.e.m.j.i.l.MavenLaunchConfigurationListener - Launch configuration uo.ri.cws.domain (1) references non-existing project cws_services_jpa.
org.eclipse.core.runtime.CoreException: Launch configuration uo.ri.cws.domain (1) references non-existing project cws_services_jpa.
	at org.eclipse.jdt.launching.JavaRuntime.abort(JavaRuntime.java:1870)
	at org.eclipse.jdt.launching.JavaRuntime.getJavaProject(JavaRuntime.java:1747)
	at org.eclipse.m2e.jdt.internal.launch.MavenLaunchConfigurationListener.updateLaunchConfiguration(MavenLaunchConfigurationListener.java:66)
	at org.eclipse.m2e.jdt.internal.launch.MavenLaunchConfigurationListener.launchConfigurationChanged(MavenLaunchConfigurationListener.java:52)
	at org.eclipse.debug.internal.core.LaunchManager$ConfigurationNotifier.run(LaunchManager.java:219)
	at org.eclipse.core.runtime.SafeRunner.run(SafeRunner.java:47)
	at org.eclipse.debug.internal.core.LaunchManager$ConfigurationNotifier.notify(LaunchManager.java:203)
	at org.eclipse.debug.internal.core.LaunchConfigurationWorkingCopy.setDirty(LaunchConfigurationWorkingCopy.java:527)
	at org.eclipse.debug.internal.core.LaunchConfigurationWorkingCopy.setAttribute(LaunchConfigurationWorkingCopy.java:415)
	at org.eclipse.m2e.jdt.internal.launch.MavenRuntimeClasspathProvider.disable(MavenRuntimeClasspathProvider.java:409)
	at org.eclipse.m2e.jdt.internal.launch.MavenRuntimeClasspathProvider.disable(MavenRuntimeClasspathProvider.java:435)
	at org.eclipse.m2e.jdt.internal.launch.MavenLaunchConfigurationListener.mavenProjectChanged(MavenLaunchConfigurationListener.java:137)
	at org.eclipse.m2e.core.internal.project.registry.ProjectRegistryManager.notifyProjectChangeListeners(ProjectRegistryManager.java:892)
	at org.eclipse.m2e.core.internal.project.registry.ProjectRegistryManager.applyMutableProjectRegistry(ProjectRegistryManager.java:1042)
	at org.eclipse.m2e.core.internal.project.registry.ProjectRegistryRefreshJob.lambda$0(ProjectRegistryRefreshJob.java:162)
	at org.eclipse.m2e.core.internal.embedder.MavenExecutionContext.executeBare(MavenExecutionContext.java:458)
	at org.eclipse.m2e.core.internal.embedder.MavenExecutionContext.execute(MavenExecutionContext.java:339)
	at org.eclipse.m2e.core.internal.embedder.MavenExecutionContext.execute(MavenExecutionContext.java:278)
	at org.eclipse.m2e.core.internal.project.registry.ProjectRegistryRefreshJob.run(ProjectRegistryRefreshJob.java:106)
	at org.eclipse.core.internal.jobs.Worker.run(Worker.java:63)
2024-12-10 16:47:25,705 [Worker-33: Updating Maven Dependencies] ERROR o.e.m.j.i.l.MavenLaunchConfigurationListener - Launch configuration uo.ri.cws.domain (1) references non-existing project cws_services_jpa.
org.eclipse.core.runtime.CoreException: Launch configuration uo.ri.cws.domain (1) references non-existing project cws_services_jpa.
	at org.eclipse.jdt.launching.JavaRuntime.abort(JavaRuntime.java:1870)
	at org.eclipse.jdt.launching.JavaRuntime.getJavaProject(JavaRuntime.java:1747)
	at org.eclipse.m2e.jdt.internal.launch.MavenLaunchConfigurationListener.updateLaunchConfiguration(MavenLaunchConfigurationListener.java:66)
	at org.eclipse.m2e.jdt.internal.launch.MavenLaunchConfigurationListener.launchConfigurationChanged(MavenLaunchConfigurationListener.java:52)
	at org.eclipse.debug.internal.core.LaunchManager$ConfigurationNotifier.run(LaunchManager.java:219)
	at org.eclipse.core.runtime.SafeRunner.run(SafeRunner.java:47)
	at org.eclipse.debug.internal.core.LaunchManager$ConfigurationNotifier.notify(LaunchManager.java:203)
	at org.eclipse.debug.internal.core.LaunchConfigurationWorkingCopy.setDirty(LaunchConfigurationWorkingCopy.java:527)
	at org.eclipse.debug.internal.core.LaunchConfigurationWorkingCopy.setAttribute(LaunchConfigurationWorkingCopy.java:415)
	at org.eclipse.m2e.jdt.internal.launch.MavenRuntimeClasspathProvider.disable(MavenRuntimeClasspathProvider.java:410)
	at org.eclipse.m2e.jdt.internal.launch.MavenRuntimeClasspathProvider.disable(MavenRuntimeClasspathProvider.java:435)
	at org.eclipse.m2e.jdt.internal.launch.MavenLaunchConfigurationListener.mavenProjectChanged(MavenLaunchConfigurationListener.java:137)
	at org.eclipse.m2e.core.internal.project.registry.ProjectRegistryManager.notifyProjectChangeListeners(ProjectRegistryManager.java:892)
	at org.eclipse.m2e.core.internal.project.registry.ProjectRegistryManager.applyMutableProjectRegistry(ProjectRegistryManager.java:1042)
	at org.eclipse.m2e.core.internal.project.registry.ProjectRegistryRefreshJob.lambda$0(ProjectRegistryRefreshJob.java:162)
	at org.eclipse.m2e.core.internal.embedder.MavenExecutionContext.executeBare(MavenExecutionContext.java:458)
	at org.eclipse.m2e.core.internal.embedder.MavenExecutionContext.execute(MavenExecutionContext.java:339)
	at org.eclipse.m2e.core.internal.embedder.MavenExecutionContext.execute(MavenExecutionContext.java:278)
	at org.eclipse.m2e.core.internal.project.registry.ProjectRegistryRefreshJob.run(ProjectRegistryRefreshJob.java:106)
	at org.eclipse.core.internal.jobs.Worker.run(Worker.java:63)
2024-12-10 16:47:25,710 [Worker-33: Updating Maven Dependencies] ERROR o.e.m.j.i.l.MavenLaunchConfigurationListener - Launch configuration uo.ri.cws.domain (1) references non-existing project cws_services_jpa.
org.eclipse.core.runtime.CoreException: Launch configuration uo.ri.cws.domain (1) references non-existing project cws_services_jpa.
	at org.eclipse.jdt.launching.JavaRuntime.abort(JavaRuntime.java:1870)
	at org.eclipse.jdt.launching.JavaRuntime.getJavaProject(JavaRuntime.java:1747)
	at org.eclipse.m2e.jdt.internal.launch.MavenLaunchConfigurationListener.updateLaunchConfiguration(MavenLaunchConfigurationListener.java:66)
	at org.eclipse.m2e.jdt.internal.launch.MavenLaunchConfigurationListener.launchConfigurationChanged(MavenLaunchConfigurationListener.java:52)
	at org.eclipse.debug.internal.core.LaunchManager$ConfigurationNotifier.run(LaunchManager.java:219)
	at org.eclipse.core.runtime.SafeRunner.run(SafeRunner.java:47)
	at org.eclipse.debug.internal.core.LaunchManager$ConfigurationNotifier.notify(LaunchManager.java:203)
	at org.eclipse.debug.internal.core.LaunchManager.launchConfigurationChanged(LaunchManager.java:1960)
	at org.eclipse.debug.internal.core.LaunchConfigurationWorkingCopy.writeNewFile(LaunchConfigurationWorkingCopy.java:380)
	at org.eclipse.debug.internal.core.LaunchConfigurationWorkingCopy.doSave0(LaunchConfigurationWorkingCopy.java:259)
	at org.eclipse.debug.internal.core.LaunchConfigurationWorkingCopy.doSave(LaunchConfigurationWorkingCopy.java:229)
	at org.eclipse.debug.internal.core.LaunchConfigurationWorkingCopy.doSave(LaunchConfigurationWorkingCopy.java:187)
	at org.eclipse.m2e.jdt.internal.launch.MavenRuntimeClasspathProvider.disable(MavenRuntimeClasspathProvider.java:411)
	at org.eclipse.m2e.jdt.internal.launch.MavenRuntimeClasspathProvider.disable(MavenRuntimeClasspathProvider.java:435)
	at org.eclipse.m2e.jdt.internal.launch.MavenLaunchConfigurationListener.mavenProjectChanged(MavenLaunchConfigurationListener.java:137)
	at org.eclipse.m2e.core.internal.project.registry.ProjectRegistryManager.notifyProjectChangeListeners(ProjectRegistryManager.java:892)
	at org.eclipse.m2e.core.internal.project.registry.ProjectRegistryManager.applyMutableProjectRegistry(ProjectRegistryManager.java:1042)
	at org.eclipse.m2e.core.internal.project.registry.ProjectRegistryRefreshJob.lambda$0(ProjectRegistryRefreshJob.java:162)
	at org.eclipse.m2e.core.internal.embedder.MavenExecutionContext.executeBare(MavenExecutionContext.java:458)
	at org.eclipse.m2e.core.internal.embedder.MavenExecutionContext.execute(MavenExecutionContext.java:339)
	at org.eclipse.m2e.core.internal.embedder.MavenExecutionContext.execute(MavenExecutionContext.java:278)
	at org.eclipse.m2e.core.internal.project.registry.ProjectRegistryRefreshJob.run(ProjectRegistryRefreshJob.java:106)
	at org.eclipse.core.internal.jobs.Worker.run(Worker.java:63)
2024-12-10 16:47:25,712 [Worker-33: Updating Maven Dependencies] ERROR o.e.m.j.i.l.MavenLaunchConfigurationListener - Launch configuration uo.ri.cws.domain references non-existing project cws_services_jpa.
org.eclipse.core.runtime.CoreException: Launch configuration uo.ri.cws.domain references non-existing project cws_services_jpa.
	at org.eclipse.jdt.launching.JavaRuntime.abort(JavaRuntime.java:1870)
	at org.eclipse.jdt.launching.JavaRuntime.getJavaProject(JavaRuntime.java:1747)
	at org.eclipse.m2e.jdt.internal.launch.MavenLaunchConfigurationListener.updateLaunchConfiguration(MavenLaunchConfigurationListener.java:66)
	at org.eclipse.m2e.jdt.internal.launch.MavenLaunchConfigurationListener.launchConfigurationChanged(MavenLaunchConfigurationListener.java:52)
	at org.eclipse.debug.internal.core.LaunchManager$ConfigurationNotifier.run(LaunchManager.java:219)
	at org.eclipse.core.runtime.SafeRunner.run(SafeRunner.java:47)
	at org.eclipse.debug.internal.core.LaunchManager$ConfigurationNotifier.notify(LaunchManager.java:203)
	at org.eclipse.debug.internal.core.LaunchConfigurationWorkingCopy.setDirty(LaunchConfigurationWorkingCopy.java:527)
	at org.eclipse.debug.internal.core.LaunchConfigurationWorkingCopy.setAttribute(LaunchConfigurationWorkingCopy.java:415)
	at org.eclipse.m2e.jdt.internal.launch.MavenRuntimeClasspathProvider.disable(MavenRuntimeClasspathProvider.java:409)
	at org.eclipse.m2e.jdt.internal.launch.MavenRuntimeClasspathProvider.disable(MavenRuntimeClasspathProvider.java:435)
	at org.eclipse.m2e.jdt.internal.launch.MavenLaunchConfigurationListener.mavenProjectChanged(MavenLaunchConfigurationListener.java:137)
	at org.eclipse.m2e.core.internal.project.registry.ProjectRegistryManager.notifyProjectChangeListeners(ProjectRegistryManager.java:892)
	at org.eclipse.m2e.core.internal.project.registry.ProjectRegistryManager.applyMutableProjectRegistry(ProjectRegistryManager.java:1042)
	at org.eclipse.m2e.core.internal.project.registry.ProjectRegistryRefreshJob.lambda$0(ProjectRegistryRefreshJob.java:162)
	at org.eclipse.m2e.core.internal.embedder.MavenExecutionContext.executeBare(MavenExecutionContext.java:458)
	at org.eclipse.m2e.core.internal.embedder.MavenExecutionContext.execute(MavenExecutionContext.java:339)
	at org.eclipse.m2e.core.internal.embedder.MavenExecutionContext.execute(MavenExecutionContext.java:278)
	at org.eclipse.m2e.core.internal.project.registry.ProjectRegistryRefreshJob.run(ProjectRegistryRefreshJob.java:106)
	at org.eclipse.core.internal.jobs.Worker.run(Worker.java:63)
2024-12-10 16:47:25,714 [Worker-33: Updating Maven Dependencies] ERROR o.e.m.j.i.l.MavenLaunchConfigurationListener - Launch configuration uo.ri.cws.domain references non-existing project cws_services_jpa.
org.eclipse.core.runtime.CoreException: Launch configuration uo.ri.cws.domain references non-existing project cws_services_jpa.
	at org.eclipse.jdt.launching.JavaRuntime.abort(JavaRuntime.java:1870)
	at org.eclipse.jdt.launching.JavaRuntime.getJavaProject(JavaRuntime.java:1747)
	at org.eclipse.m2e.jdt.internal.launch.MavenLaunchConfigurationListener.updateLaunchConfiguration(MavenLaunchConfigurationListener.java:66)
	at org.eclipse.m2e.jdt.internal.launch.MavenLaunchConfigurationListener.launchConfigurationChanged(MavenLaunchConfigurationListener.java:52)
	at org.eclipse.debug.internal.core.LaunchManager$ConfigurationNotifier.run(LaunchManager.java:219)
	at org.eclipse.core.runtime.SafeRunner.run(SafeRunner.java:47)
	at org.eclipse.debug.internal.core.LaunchManager$ConfigurationNotifier.notify(LaunchManager.java:203)
	at org.eclipse.debug.internal.core.LaunchConfigurationWorkingCopy.setDirty(LaunchConfigurationWorkingCopy.java:527)
	at org.eclipse.debug.internal.core.LaunchConfigurationWorkingCopy.setAttribute(LaunchConfigurationWorkingCopy.java:415)
	at org.eclipse.m2e.jdt.internal.launch.MavenRuntimeClasspathProvider.disable(MavenRuntimeClasspathProvider.java:410)
	at org.eclipse.m2e.jdt.internal.launch.MavenRuntimeClasspathProvider.disable(MavenRuntimeClasspathProvider.java:435)
	at org.eclipse.m2e.jdt.internal.launch.MavenLaunchConfigurationListener.mavenProjectChanged(MavenLaunchConfigurationListener.java:137)
	at org.eclipse.m2e.core.internal.project.registry.ProjectRegistryManager.notifyProjectChangeListeners(ProjectRegistryManager.java:892)
	at org.eclipse.m2e.core.internal.project.registry.ProjectRegistryManager.applyMutableProjectRegistry(ProjectRegistryManager.java:1042)
	at org.eclipse.m2e.core.internal.project.registry.ProjectRegistryRefreshJob.lambda$0(ProjectRegistryRefreshJob.java:162)
	at org.eclipse.m2e.core.internal.embedder.MavenExecutionContext.executeBare(MavenExecutionContext.java:458)
	at org.eclipse.m2e.core.internal.embedder.MavenExecutionContext.execute(MavenExecutionContext.java:339)
	at org.eclipse.m2e.core.internal.embedder.MavenExecutionContext.execute(MavenExecutionContext.java:278)
	at org.eclipse.m2e.core.internal.project.registry.ProjectRegistryRefreshJob.run(ProjectRegistryRefreshJob.java:106)
	at org.eclipse.core.internal.jobs.Worker.run(Worker.java:63)
2024-12-10 16:47:25,720 [Worker-33: Updating Maven Dependencies] ERROR o.e.m.j.i.l.MavenLaunchConfigurationListener - Launch configuration uo.ri.cws.domain references non-existing project cws_services_jpa.
org.eclipse.core.runtime.CoreException: Launch configuration uo.ri.cws.domain references non-existing project cws_services_jpa.
	at org.eclipse.jdt.launching.JavaRuntime.abort(JavaRuntime.java:1870)
	at org.eclipse.jdt.launching.JavaRuntime.getJavaProject(JavaRuntime.java:1747)
	at org.eclipse.m2e.jdt.internal.launch.MavenLaunchConfigurationListener.updateLaunchConfiguration(MavenLaunchConfigurationListener.java:66)
	at org.eclipse.m2e.jdt.internal.launch.MavenLaunchConfigurationListener.launchConfigurationChanged(MavenLaunchConfigurationListener.java:52)
	at org.eclipse.debug.internal.core.LaunchManager$ConfigurationNotifier.run(LaunchManager.java:219)
	at org.eclipse.core.runtime.SafeRunner.run(SafeRunner.java:47)
	at org.eclipse.debug.internal.core.LaunchManager$ConfigurationNotifier.notify(LaunchManager.java:203)
	at org.eclipse.debug.internal.core.LaunchManager.launchConfigurationChanged(LaunchManager.java:1960)
	at org.eclipse.debug.internal.core.LaunchConfigurationWorkingCopy.writeNewFile(LaunchConfigurationWorkingCopy.java:380)
	at org.eclipse.debug.internal.core.LaunchConfigurationWorkingCopy.doSave0(LaunchConfigurationWorkingCopy.java:259)
	at org.eclipse.debug.internal.core.LaunchConfigurationWorkingCopy.doSave(LaunchConfigurationWorkingCopy.java:229)
	at org.eclipse.debug.internal.core.LaunchConfigurationWorkingCopy.doSave(LaunchConfigurationWorkingCopy.java:187)
	at org.eclipse.m2e.jdt.internal.launch.MavenRuntimeClasspathProvider.disable(MavenRuntimeClasspathProvider.java:411)
	at org.eclipse.m2e.jdt.internal.launch.MavenRuntimeClasspathProvider.disable(MavenRuntimeClasspathProvider.java:435)
	at org.eclipse.m2e.jdt.internal.launch.MavenLaunchConfigurationListener.mavenProjectChanged(MavenLaunchConfigurationListener.java:137)
	at org.eclipse.m2e.core.internal.project.registry.ProjectRegistryManager.notifyProjectChangeListeners(ProjectRegistryManager.java:892)
	at org.eclipse.m2e.core.internal.project.registry.ProjectRegistryManager.applyMutableProjectRegistry(ProjectRegistryManager.java:1042)
	at org.eclipse.m2e.core.internal.project.registry.ProjectRegistryRefreshJob.lambda$0(ProjectRegistryRefreshJob.java:162)
	at org.eclipse.m2e.core.internal.embedder.MavenExecutionContext.executeBare(MavenExecutionContext.java:458)
	at org.eclipse.m2e.core.internal.embedder.MavenExecutionContext.execute(MavenExecutionContext.java:339)
	at org.eclipse.m2e.core.internal.embedder.MavenExecutionContext.execute(MavenExecutionContext.java:278)
	at org.eclipse.m2e.core.internal.project.registry.ProjectRegistryRefreshJob.run(ProjectRegistryRefreshJob.java:106)
	at org.eclipse.core.internal.jobs.Worker.run(Worker.java:63)
2024-12-10 16:47:25,722 [Worker-33: Updating Maven Dependencies] ERROR o.e.m.j.i.l.MavenLaunchConfigurationListener - Launch configuration uo.ri.cws references non-existing project cws_services_jpa.
org.eclipse.core.runtime.CoreException: Launch configuration uo.ri.cws references non-existing project cws_services_jpa.
	at org.eclipse.jdt.launching.JavaRuntime.abort(JavaRuntime.java:1870)
	at org.eclipse.jdt.launching.JavaRuntime.getJavaProject(JavaRuntime.java:1747)
	at org.eclipse.m2e.jdt.internal.launch.MavenLaunchConfigurationListener.updateLaunchConfiguration(MavenLaunchConfigurationListener.java:66)
	at org.eclipse.m2e.jdt.internal.launch.MavenLaunchConfigurationListener.launchConfigurationChanged(MavenLaunchConfigurationListener.java:52)
	at org.eclipse.debug.internal.core.LaunchManager$ConfigurationNotifier.run(LaunchManager.java:219)
	at org.eclipse.core.runtime.SafeRunner.run(SafeRunner.java:47)
	at org.eclipse.debug.internal.core.LaunchManager$ConfigurationNotifier.notify(LaunchManager.java:203)
	at org.eclipse.debug.internal.core.LaunchConfigurationWorkingCopy.setDirty(LaunchConfigurationWorkingCopy.java:527)
	at org.eclipse.debug.internal.core.LaunchConfigurationWorkingCopy.setAttribute(LaunchConfigurationWorkingCopy.java:415)
	at org.eclipse.m2e.jdt.internal.launch.MavenRuntimeClasspathProvider.disable(MavenRuntimeClasspathProvider.java:409)
	at org.eclipse.m2e.jdt.internal.launch.MavenRuntimeClasspathProvider.disable(MavenRuntimeClasspathProvider.java:435)
	at org.eclipse.m2e.jdt.internal.launch.MavenLaunchConfigurationListener.mavenProjectChanged(MavenLaunchConfigurationListener.java:137)
	at org.eclipse.m2e.core.internal.project.registry.ProjectRegistryManager.notifyProjectChangeListeners(ProjectRegistryManager.java:892)
	at org.eclipse.m2e.core.internal.project.registry.ProjectRegistryManager.applyMutableProjectRegistry(ProjectRegistryManager.java:1042)
	at org.eclipse.m2e.core.internal.project.registry.ProjectRegistryRefreshJob.lambda$0(ProjectRegistryRefreshJob.java:162)
	at org.eclipse.m2e.core.internal.embedder.MavenExecutionContext.executeBare(MavenExecutionContext.java:458)
	at org.eclipse.m2e.core.internal.embedder.MavenExecutionContext.execute(MavenExecutionContext.java:339)
	at org.eclipse.m2e.core.internal.embedder.MavenExecutionContext.execute(MavenExecutionContext.java:278)
	at org.eclipse.m2e.core.internal.project.registry.ProjectRegistryRefreshJob.run(ProjectRegistryRefreshJob.java:106)
	at org.eclipse.core.internal.jobs.Worker.run(Worker.java:63)
2024-12-10 16:47:25,724 [Worker-33: Updating Maven Dependencies] ERROR o.e.m.j.i.l.MavenLaunchConfigurationListener - Launch configuration uo.ri.cws references non-existing project cws_services_jpa.
org.eclipse.core.runtime.CoreException: Launch configuration uo.ri.cws references non-existing project cws_services_jpa.
	at org.eclipse.jdt.launching.JavaRuntime.abort(JavaRuntime.java:1870)
	at org.eclipse.jdt.launching.JavaRuntime.getJavaProject(JavaRuntime.java:1747)
	at org.eclipse.m2e.jdt.internal.launch.MavenLaunchConfigurationListener.updateLaunchConfiguration(MavenLaunchConfigurationListener.java:66)
	at org.eclipse.m2e.jdt.internal.launch.MavenLaunchConfigurationListener.launchConfigurationChanged(MavenLaunchConfigurationListener.java:52)
	at org.eclipse.debug.internal.core.LaunchManager$ConfigurationNotifier.run(LaunchManager.java:219)
	at org.eclipse.core.runtime.SafeRunner.run(SafeRunner.java:47)
	at org.eclipse.debug.internal.core.LaunchManager$ConfigurationNotifier.notify(LaunchManager.java:203)
	at org.eclipse.debug.internal.core.LaunchConfigurationWorkingCopy.setDirty(LaunchConfigurationWorkingCopy.java:527)
	at org.eclipse.debug.internal.core.LaunchConfigurationWorkingCopy.setAttribute(LaunchConfigurationWorkingCopy.java:415)
	at org.eclipse.m2e.jdt.internal.launch.MavenRuntimeClasspathProvider.disable(MavenRuntimeClasspathProvider.java:410)
	at org.eclipse.m2e.jdt.internal.launch.MavenRuntimeClasspathProvider.disable(MavenRuntimeClasspathProvider.java:435)
	at org.eclipse.m2e.jdt.internal.launch.MavenLaunchConfigurationListener.mavenProjectChanged(MavenLaunchConfigurationListener.java:137)
	at org.eclipse.m2e.core.internal.project.registry.ProjectRegistryManager.notifyProjectChangeListeners(ProjectRegistryManager.java:892)
	at org.eclipse.m2e.core.internal.project.registry.ProjectRegistryManager.applyMutableProjectRegistry(ProjectRegistryManager.java:1042)
	at org.eclipse.m2e.core.internal.project.registry.ProjectRegistryRefreshJob.lambda$0(ProjectRegistryRefreshJob.java:162)
	at org.eclipse.m2e.core.internal.embedder.MavenExecutionContext.executeBare(MavenExecutionContext.java:458)
	at org.eclipse.m2e.core.internal.embedder.MavenExecutionContext.execute(MavenExecutionContext.java:339)
	at org.eclipse.m2e.core.internal.embedder.MavenExecutionContext.execute(MavenExecutionContext.java:278)
	at org.eclipse.m2e.core.internal.project.registry.ProjectRegistryRefreshJob.run(ProjectRegistryRefreshJob.java:106)
	at org.eclipse.core.internal.jobs.Worker.run(Worker.java:63)
2024-12-10 16:47:25,731 [Worker-33: Updating Maven Dependencies] ERROR o.e.m.j.i.l.MavenLaunchConfigurationListener - Launch configuration uo.ri.cws references non-existing project cws_services_jpa.
org.eclipse.core.runtime.CoreException: Launch configuration uo.ri.cws references non-existing project cws_services_jpa.
	at org.eclipse.jdt.launching.JavaRuntime.abort(JavaRuntime.java:1870)
	at org.eclipse.jdt.launching.JavaRuntime.getJavaProject(JavaRuntime.java:1747)
	at org.eclipse.m2e.jdt.internal.launch.MavenLaunchConfigurationListener.updateLaunchConfiguration(MavenLaunchConfigurationListener.java:66)
	at org.eclipse.m2e.jdt.internal.launch.MavenLaunchConfigurationListener.launchConfigurationChanged(MavenLaunchConfigurationListener.java:52)
	at org.eclipse.debug.internal.core.LaunchManager$ConfigurationNotifier.run(LaunchManager.java:219)
	at org.eclipse.core.runtime.SafeRunner.run(SafeRunner.java:47)
	at org.eclipse.debug.internal.core.LaunchManager$ConfigurationNotifier.notify(LaunchManager.java:203)
	at org.eclipse.debug.internal.core.LaunchManager.launchConfigurationChanged(LaunchManager.java:1960)
	at org.eclipse.debug.internal.core.LaunchConfigurationWorkingCopy.writeNewFile(LaunchConfigurationWorkingCopy.java:380)
	at org.eclipse.debug.internal.core.LaunchConfigurationWorkingCopy.doSave0(LaunchConfigurationWorkingCopy.java:259)
	at org.eclipse.debug.internal.core.LaunchConfigurationWorkingCopy.doSave(LaunchConfigurationWorkingCopy.java:229)
	at org.eclipse.debug.internal.core.LaunchConfigurationWorkingCopy.doSave(LaunchConfigurationWorkingCopy.java:187)
	at org.eclipse.m2e.jdt.internal.launch.MavenRuntimeClasspathProvider.disable(MavenRuntimeClasspathProvider.java:411)
	at org.eclipse.m2e.jdt.internal.launch.MavenRuntimeClasspathProvider.disable(MavenRuntimeClasspathProvider.java:435)
	at org.eclipse.m2e.jdt.internal.launch.MavenLaunchConfigurationListener.mavenProjectChanged(MavenLaunchConfigurationListener.java:137)
	at org.eclipse.m2e.core.internal.project.registry.ProjectRegistryManager.notifyProjectChangeListeners(ProjectRegistryManager.java:892)
	at org.eclipse.m2e.core.internal.project.registry.ProjectRegistryManager.applyMutableProjectRegistry(ProjectRegistryManager.java:1042)
	at org.eclipse.m2e.core.internal.project.registry.ProjectRegistryRefreshJob.lambda$0(ProjectRegistryRefreshJob.java:162)
	at org.eclipse.m2e.core.internal.embedder.MavenExecutionContext.executeBare(MavenExecutionContext.java:458)
	at org.eclipse.m2e.core.internal.embedder.MavenExecutionContext.execute(MavenExecutionContext.java:339)
	at org.eclipse.m2e.core.internal.embedder.MavenExecutionContext.execute(MavenExecutionContext.java:278)
	at org.eclipse.m2e.core.internal.project.registry.ProjectRegistryRefreshJob.run(ProjectRegistryRefreshJob.java:106)
	at org.eclipse.core.internal.jobs.Worker.run(Worker.java:63)
2024-12-10 16:47:25,732 [Worker-33: Updating Maven Dependencies] ERROR o.e.m.j.i.l.MavenLaunchConfigurationListener - Launch configuration uo.ri.cws.persistence references non-existing project cws_services_jpa.
org.eclipse.core.runtime.CoreException: Launch configuration uo.ri.cws.persistence references non-existing project cws_services_jpa.
	at org.eclipse.jdt.launching.JavaRuntime.abort(JavaRuntime.java:1870)
	at org.eclipse.jdt.launching.JavaRuntime.getJavaProject(JavaRuntime.java:1747)
	at org.eclipse.m2e.jdt.internal.launch.MavenLaunchConfigurationListener.updateLaunchConfiguration(MavenLaunchConfigurationListener.java:66)
	at org.eclipse.m2e.jdt.internal.launch.MavenLaunchConfigurationListener.launchConfigurationChanged(MavenLaunchConfigurationListener.java:52)
	at org.eclipse.debug.internal.core.LaunchManager$ConfigurationNotifier.run(LaunchManager.java:219)
	at org.eclipse.core.runtime.SafeRunner.run(SafeRunner.java:47)
	at org.eclipse.debug.internal.core.LaunchManager$ConfigurationNotifier.notify(LaunchManager.java:203)
	at org.eclipse.debug.internal.core.LaunchConfigurationWorkingCopy.setDirty(LaunchConfigurationWorkingCopy.java:527)
	at org.eclipse.debug.internal.core.LaunchConfigurationWorkingCopy.setAttribute(LaunchConfigurationWorkingCopy.java:415)
	at org.eclipse.m2e.jdt.internal.launch.MavenRuntimeClasspathProvider.disable(MavenRuntimeClasspathProvider.java:409)
	at org.eclipse.m2e.jdt.internal.launch.MavenRuntimeClasspathProvider.disable(MavenRuntimeClasspathProvider.java:435)
	at org.eclipse.m2e.jdt.internal.launch.MavenLaunchConfigurationListener.mavenProjectChanged(MavenLaunchConfigurationListener.java:137)
	at org.eclipse.m2e.core.internal.project.registry.ProjectRegistryManager.notifyProjectChangeListeners(ProjectRegistryManager.java:892)
	at org.eclipse.m2e.core.internal.project.registry.ProjectRegistryManager.applyMutableProjectRegistry(ProjectRegistryManager.java:1042)
	at org.eclipse.m2e.core.internal.project.registry.ProjectRegistryRefreshJob.lambda$0(ProjectRegistryRefreshJob.java:162)
	at org.eclipse.m2e.core.internal.embedder.MavenExecutionContext.executeBare(MavenExecutionContext.java:458)
	at org.eclipse.m2e.core.internal.embedder.MavenExecutionContext.execute(MavenExecutionContext.java:339)
	at org.eclipse.m2e.core.internal.embedder.MavenExecutionContext.execute(MavenExecutionContext.java:278)
	at org.eclipse.m2e.core.internal.project.registry.ProjectRegistryRefreshJob.run(ProjectRegistryRefreshJob.java:106)
	at org.eclipse.core.internal.jobs.Worker.run(Worker.java:63)
2024-12-10 16:47:25,735 [Worker-33: Updating Maven Dependencies] ERROR o.e.m.j.i.l.MavenLaunchConfigurationListener - Launch configuration uo.ri.cws.persistence references non-existing project cws_services_jpa.
org.eclipse.core.runtime.CoreException: Launch configuration uo.ri.cws.persistence references non-existing project cws_services_jpa.
	at org.eclipse.jdt.launching.JavaRuntime.abort(JavaRuntime.java:1870)
	at org.eclipse.jdt.launching.JavaRuntime.getJavaProject(JavaRuntime.java:1747)
	at org.eclipse.m2e.jdt.internal.launch.MavenLaunchConfigurationListener.updateLaunchConfiguration(MavenLaunchConfigurationListener.java:66)
	at org.eclipse.m2e.jdt.internal.launch.MavenLaunchConfigurationListener.launchConfigurationChanged(MavenLaunchConfigurationListener.java:52)
	at org.eclipse.debug.internal.core.LaunchManager$ConfigurationNotifier.run(LaunchManager.java:219)
	at org.eclipse.core.runtime.SafeRunner.run(SafeRunner.java:47)
	at org.eclipse.debug.internal.core.LaunchManager$ConfigurationNotifier.notify(LaunchManager.java:203)
	at org.eclipse.debug.internal.core.LaunchConfigurationWorkingCopy.setDirty(LaunchConfigurationWorkingCopy.java:527)
	at org.eclipse.debug.internal.core.LaunchConfigurationWorkingCopy.setAttribute(LaunchConfigurationWorkingCopy.java:415)
	at org.eclipse.m2e.jdt.internal.launch.MavenRuntimeClasspathProvider.disable(MavenRuntimeClasspathProvider.java:410)
	at org.eclipse.m2e.jdt.internal.launch.MavenRuntimeClasspathProvider.disable(MavenRuntimeClasspathProvider.java:435)
	at org.eclipse.m2e.jdt.internal.launch.MavenLaunchConfigurationListener.mavenProjectChanged(MavenLaunchConfigurationListener.java:137)
	at org.eclipse.m2e.core.internal.project.registry.ProjectRegistryManager.notifyProjectChangeListeners(ProjectRegistryManager.java:892)
	at org.eclipse.m2e.core.internal.project.registry.ProjectRegistryManager.applyMutableProjectRegistry(ProjectRegistryManager.java:1042)
	at org.eclipse.m2e.core.internal.project.registry.ProjectRegistryRefreshJob.lambda$0(ProjectRegistryRefreshJob.java:162)
	at org.eclipse.m2e.core.internal.embedder.MavenExecutionContext.executeBare(MavenExecutionContext.java:458)
	at org.eclipse.m2e.core.internal.embedder.MavenExecutionContext.execute(MavenExecutionContext.java:339)
	at org.eclipse.m2e.core.internal.embedder.MavenExecutionContext.execute(MavenExecutionContext.java:278)
	at org.eclipse.m2e.core.internal.project.registry.ProjectRegistryRefreshJob.run(ProjectRegistryRefreshJob.java:106)
	at org.eclipse.core.internal.jobs.Worker.run(Worker.java:63)
2024-12-10 16:47:25,740 [Worker-33: Updating Maven Dependencies] ERROR o.e.m.j.i.l.MavenLaunchConfigurationListener - Launch configuration uo.ri.cws.persistence references non-existing project cws_services_jpa.
org.eclipse.core.runtime.CoreException: Launch configuration uo.ri.cws.persistence references non-existing project cws_services_jpa.
	at org.eclipse.jdt.launching.JavaRuntime.abort(JavaRuntime.java:1870)
	at org.eclipse.jdt.launching.JavaRuntime.getJavaProject(JavaRuntime.java:1747)
	at org.eclipse.m2e.jdt.internal.launch.MavenLaunchConfigurationListener.updateLaunchConfiguration(MavenLaunchConfigurationListener.java:66)
	at org.eclipse.m2e.jdt.internal.launch.MavenLaunchConfigurationListener.launchConfigurationChanged(MavenLaunchConfigurationListener.java:52)
	at org.eclipse.debug.internal.core.LaunchManager$ConfigurationNotifier.run(LaunchManager.java:219)
	at org.eclipse.core.runtime.SafeRunner.run(SafeRunner.java:47)
	at org.eclipse.debug.internal.core.LaunchManager$ConfigurationNotifier.notify(LaunchManager.java:203)
	at org.eclipse.debug.internal.core.LaunchManager.launchConfigurationChanged(LaunchManager.java:1960)
	at org.eclipse.debug.internal.core.LaunchConfigurationWorkingCopy.writeNewFile(LaunchConfigurationWorkingCopy.java:380)
	at org.eclipse.debug.internal.core.LaunchConfigurationWorkingCopy.doSave0(LaunchConfigurationWorkingCopy.java:259)
	at org.eclipse.debug.internal.core.LaunchConfigurationWorkingCopy.doSave(LaunchConfigurationWorkingCopy.java:229)
	at org.eclipse.debug.internal.core.LaunchConfigurationWorkingCopy.doSave(LaunchConfigurationWorkingCopy.java:187)
	at org.eclipse.m2e.jdt.internal.launch.MavenRuntimeClasspathProvider.disable(MavenRuntimeClasspathProvider.java:411)
	at org.eclipse.m2e.jdt.internal.launch.MavenRuntimeClasspathProvider.disable(MavenRuntimeClasspathProvider.java:435)
	at org.eclipse.m2e.jdt.internal.launch.MavenLaunchConfigurationListener.mavenProjectChanged(MavenLaunchConfigurationListener.java:137)
	at org.eclipse.m2e.core.internal.project.registry.ProjectRegistryManager.notifyProjectChangeListeners(ProjectRegistryManager.java:892)
	at org.eclipse.m2e.core.internal.project.registry.ProjectRegistryManager.applyMutableProjectRegistry(ProjectRegistryManager.java:1042)
	at org.eclipse.m2e.core.internal.project.registry.ProjectRegistryRefreshJob.lambda$0(ProjectRegistryRefreshJob.java:162)
	at org.eclipse.m2e.core.internal.embedder.MavenExecutionContext.executeBare(MavenExecutionContext.java:458)
	at org.eclipse.m2e.core.internal.embedder.MavenExecutionContext.execute(MavenExecutionContext.java:339)
	at org.eclipse.m2e.core.internal.embedder.MavenExecutionContext.execute(MavenExecutionContext.java:278)
	at org.eclipse.m2e.core.internal.project.registry.ProjectRegistryRefreshJob.run(ProjectRegistryRefreshJob.java:106)
	at org.eclipse.core.internal.jobs.Worker.run(Worker.java:63)
2024-12-10 16:47:25,742 [Worker-33: Updating Maven Dependencies] ERROR o.e.m.j.i.l.MavenLaunchConfigurationListener - Launch configuration WorkOrderTests references non-existing project cws_services_jpa.
org.eclipse.core.runtime.CoreException: Launch configuration WorkOrderTests references non-existing project cws_services_jpa.
	at org.eclipse.jdt.launching.JavaRuntime.abort(JavaRuntime.java:1870)
	at org.eclipse.jdt.launching.JavaRuntime.getJavaProject(JavaRuntime.java:1747)
	at org.eclipse.m2e.jdt.internal.launch.MavenLaunchConfigurationListener.updateLaunchConfiguration(MavenLaunchConfigurationListener.java:66)
	at org.eclipse.m2e.jdt.internal.launch.MavenLaunchConfigurationListener.launchConfigurationChanged(MavenLaunchConfigurationListener.java:52)
	at org.eclipse.debug.internal.core.LaunchManager$ConfigurationNotifier.run(LaunchManager.java:219)
	at org.eclipse.core.runtime.SafeRunner.run(SafeRunner.java:47)
	at org.eclipse.debug.internal.core.LaunchManager$ConfigurationNotifier.notify(LaunchManager.java:203)
	at org.eclipse.debug.internal.core.LaunchConfigurationWorkingCopy.setDirty(LaunchConfigurationWorkingCopy.java:527)
	at org.eclipse.debug.internal.core.LaunchConfigurationWorkingCopy.setAttribute(LaunchConfigurationWorkingCopy.java:415)
	at org.eclipse.m2e.jdt.internal.launch.MavenRuntimeClasspathProvider.disable(MavenRuntimeClasspathProvider.java:409)
	at org.eclipse.m2e.jdt.internal.launch.MavenRuntimeClasspathProvider.disable(MavenRuntimeClasspathProvider.java:435)
	at org.eclipse.m2e.jdt.internal.launch.MavenLaunchConfigurationListener.mavenProjectChanged(MavenLaunchConfigurationListener.java:137)
	at org.eclipse.m2e.core.internal.project.registry.ProjectRegistryManager.notifyProjectChangeListeners(ProjectRegistryManager.java:892)
	at org.eclipse.m2e.core.internal.project.registry.ProjectRegistryManager.applyMutableProjectRegistry(ProjectRegistryManager.java:1042)
	at org.eclipse.m2e.core.internal.project.registry.ProjectRegistryRefreshJob.lambda$0(ProjectRegistryRefreshJob.java:162)
	at org.eclipse.m2e.core.internal.embedder.MavenExecutionContext.executeBare(MavenExecutionContext.java:458)
	at org.eclipse.m2e.core.internal.embedder.MavenExecutionContext.execute(MavenExecutionContext.java:339)
	at org.eclipse.m2e.core.internal.embedder.MavenExecutionContext.execute(MavenExecutionContext.java:278)
	at org.eclipse.m2e.core.internal.project.registry.ProjectRegistryRefreshJob.run(ProjectRegistryRefreshJob.java:106)
	at org.eclipse.core.internal.jobs.Worker.run(Worker.java:63)
2024-12-10 16:47:25,743 [Worker-33: Updating Maven Dependencies] ERROR o.e.m.j.i.l.MavenLaunchConfigurationListener - Launch configuration WorkOrderTests references non-existing project cws_services_jpa.
org.eclipse.core.runtime.CoreException: Launch configuration WorkOrderTests references non-existing project cws_services_jpa.
	at org.eclipse.jdt.launching.JavaRuntime.abort(JavaRuntime.java:1870)
	at org.eclipse.jdt.launching.JavaRuntime.getJavaProject(JavaRuntime.java:1747)
	at org.eclipse.m2e.jdt.internal.launch.MavenLaunchConfigurationListener.updateLaunchConfiguration(MavenLaunchConfigurationListener.java:66)
	at org.eclipse.m2e.jdt.internal.launch.MavenLaunchConfigurationListener.launchConfigurationChanged(MavenLaunchConfigurationListener.java:52)
	at org.eclipse.debug.internal.core.LaunchManager$ConfigurationNotifier.run(LaunchManager.java:219)
	at org.eclipse.core.runtime.SafeRunner.run(SafeRunner.java:47)
	at org.eclipse.debug.internal.core.LaunchManager$ConfigurationNotifier.notify(LaunchManager.java:203)
	at org.eclipse.debug.internal.core.LaunchConfigurationWorkingCopy.setDirty(LaunchConfigurationWorkingCopy.java:527)
	at org.eclipse.debug.internal.core.LaunchConfigurationWorkingCopy.setAttribute(LaunchConfigurationWorkingCopy.java:415)
	at org.eclipse.m2e.jdt.internal.launch.MavenRuntimeClasspathProvider.disable(MavenRuntimeClasspathProvider.java:410)
	at org.eclipse.m2e.jdt.internal.launch.MavenRuntimeClasspathProvider.disable(MavenRuntimeClasspathProvider.java:435)
	at org.eclipse.m2e.jdt.internal.launch.MavenLaunchConfigurationListener.mavenProjectChanged(MavenLaunchConfigurationListener.java:137)
	at org.eclipse.m2e.core.internal.project.registry.ProjectRegistryManager.notifyProjectChangeListeners(ProjectRegistryManager.java:892)
	at org.eclipse.m2e.core.internal.project.registry.ProjectRegistryManager.applyMutableProjectRegistry(ProjectRegistryManager.java:1042)
	at org.eclipse.m2e.core.internal.project.registry.ProjectRegistryRefreshJob.lambda$0(ProjectRegistryRefreshJob.java:162)
	at org.eclipse.m2e.core.internal.embedder.MavenExecutionContext.executeBare(MavenExecutionContext.java:458)
	at org.eclipse.m2e.core.internal.embedder.MavenExecutionContext.execute(MavenExecutionContext.java:339)
	at org.eclipse.m2e.core.internal.embedder.MavenExecutionContext.execute(MavenExecutionContext.java:278)
	at org.eclipse.m2e.core.internal.project.registry.ProjectRegistryRefreshJob.run(ProjectRegistryRefreshJob.java:106)
	at org.eclipse.core.internal.jobs.Worker.run(Worker.java:63)
2024-12-10 16:47:25,750 [Worker-33: Updating Maven Dependencies] ERROR o.e.m.j.i.l.MavenLaunchConfigurationListener - Launch configuration WorkOrderTests references non-existing project cws_services_jpa.
org.eclipse.core.runtime.CoreException: Launch configuration WorkOrderTests references non-existing project cws_services_jpa.
	at org.eclipse.jdt.launching.JavaRuntime.abort(JavaRuntime.java:1870)
	at org.eclipse.jdt.launching.JavaRuntime.getJavaProject(JavaRuntime.java:1747)
	at org.eclipse.m2e.jdt.internal.launch.MavenLaunchConfigurationListener.updateLaunchConfiguration(MavenLaunchConfigurationListener.java:66)
	at org.eclipse.m2e.jdt.internal.launch.MavenLaunchConfigurationListener.launchConfigurationChanged(MavenLaunchConfigurationListener.java:52)
	at org.eclipse.debug.internal.core.LaunchManager$ConfigurationNotifier.run(LaunchManager.java:219)
	at org.eclipse.core.runtime.SafeRunner.run(SafeRunner.java:47)
	at org.eclipse.debug.internal.core.LaunchManager$ConfigurationNotifier.notify(LaunchManager.java:203)
	at org.eclipse.debug.internal.core.LaunchManager.launchConfigurationChanged(LaunchManager.java:1960)
	at org.eclipse.debug.internal.core.LaunchConfigurationWorkingCopy.writeNewFile(LaunchConfigurationWorkingCopy.java:380)
	at org.eclipse.debug.internal.core.LaunchConfigurationWorkingCopy.doSave0(LaunchConfigurationWorkingCopy.java:259)
	at org.eclipse.debug.internal.core.LaunchConfigurationWorkingCopy.doSave(LaunchConfigurationWorkingCopy.java:229)
	at org.eclipse.debug.internal.core.LaunchConfigurationWorkingCopy.doSave(LaunchConfigurationWorkingCopy.java:187)
	at org.eclipse.m2e.jdt.internal.launch.MavenRuntimeClasspathProvider.disable(MavenRuntimeClasspathProvider.java:411)
	at org.eclipse.m2e.jdt.internal.launch.MavenRuntimeClasspathProvider.disable(MavenRuntimeClasspathProvider.java:435)
	at org.eclipse.m2e.jdt.internal.launch.MavenLaunchConfigurationListener.mavenProjectChanged(MavenLaunchConfigurationListener.java:137)
	at org.eclipse.m2e.core.internal.project.registry.ProjectRegistryManager.notifyProjectChangeListeners(ProjectRegistryManager.java:892)
	at org.eclipse.m2e.core.internal.project.registry.ProjectRegistryManager.applyMutableProjectRegistry(ProjectRegistryManager.java:1042)
	at org.eclipse.m2e.core.internal.project.registry.ProjectRegistryRefreshJob.lambda$0(ProjectRegistryRefreshJob.java:162)
	at org.eclipse.m2e.core.internal.embedder.MavenExecutionContext.executeBare(MavenExecutionContext.java:458)
	at org.eclipse.m2e.core.internal.embedder.MavenExecutionContext.execute(MavenExecutionContext.java:339)
	at org.eclipse.m2e.core.internal.embedder.MavenExecutionContext.execute(MavenExecutionContext.java:278)
	at org.eclipse.m2e.core.internal.project.registry.ProjectRegistryRefreshJob.run(ProjectRegistryRefreshJob.java:106)
	at org.eclipse.core.internal.jobs.Worker.run(Worker.java:63)
2024-12-10 16:47:31,702 [Worker-37: Building] INFO  o.a.m.s.f.DefaultMavenResourcesFiltering - Copying 0 resource from src to bin
2024-12-10 16:47:31,753 [Worker-37: Building] INFO  o.a.m.s.f.DefaultMavenResourcesFiltering - Copying 0 resource from test to target\test-classes
2024-12-10 16:48:08,482 [Worker-32: Importing Maven projects] INFO  o.e.m.c.i.l.LifecycleMappingFactory - Using org.eclipse.m2e.jdt.JarLifecycleMapping lifecycle mapping for MavenProject: uo.ri:cws_services_jpa:0.0.1-SNAPSHOT @ C:\Users\Usuario\Downloads\UO295662_0 (1)\UO295662_0\cws_services_jpa\cws_services_jpa\pom.xml.
2024-12-10 16:48:08,940 [Worker-32: Importing Maven projects] INFO  o.e.m.c.i.p.WorkspaceClassifierResolverManager - Resolving P/cws_util: uo.ri:cws_util:0.0.1-SNAPSHOT with classifier  to /cws_util/bin
2024-12-10 16:48:09,265 [Worker-32: Importing Maven projects] INFO  o.e.m.c.i.l.LifecycleMappingFactory - Using org.eclipse.m2e.jdt.JarLifecycleMapping lifecycle mapping for MavenProject: uo.ri:cws_client_mechanic:0.0.1-SNAPSHOT @ C:\Users\Usuario\OneDrive\Escritorio\RI_JPA\cws_client_mechanic\pom.xml.
2024-12-10 16:48:09,275 [Worker-32: Importing Maven projects] INFO  o.e.m.c.i.p.WorkspaceClassifierResolverManager - Resolving P/cws_services_jpa: uo.ri:cws_services_jpa:0.0.1-SNAPSHOT with classifier  to /cws_services_jpa/bin
2024-12-10 16:48:09,275 [Worker-32: Importing Maven projects] INFO  o.e.m.c.i.p.WorkspaceClassifierResolverManager - Resolving P/cws_util: uo.ri:cws_util:0.0.1-SNAPSHOT with classifier  to /cws_util/bin
2024-12-10 16:48:09,502 [Worker-32: Importing Maven projects] INFO  o.e.m.c.i.l.LifecycleMappingFactory - Using org.eclipse.m2e.jdt.JarLifecycleMapping lifecycle mapping for MavenProject: uo.ri:cws_client_foreman:0.0.1-SNAPSHOT @ C:\Users\Usuario\OneDrive\Escritorio\RI_JPA\cws_client_foreman\pom.xml.
2024-12-10 16:48:09,507 [Worker-32: Importing Maven projects] INFO  o.e.m.c.i.p.WorkspaceClassifierResolverManager - Resolving P/cws_services_jpa: uo.ri:cws_services_jpa:0.0.1-SNAPSHOT with classifier  to /cws_services_jpa/bin
2024-12-10 16:48:09,507 [Worker-32: Importing Maven projects] INFO  o.e.m.c.i.p.WorkspaceClassifierResolverManager - Resolving P/cws_util: uo.ri:cws_util:0.0.1-SNAPSHOT with classifier  to /cws_util/bin
2024-12-10 16:48:09,691 [Worker-32: Importing Maven projects] INFO  o.e.m.c.i.l.LifecycleMappingFactory - Using org.eclipse.m2e.jdt.JarLifecycleMapping lifecycle mapping for MavenProject: uo.ri:cws_client_cashier:0.0.1-SNAPSHOT @ C:\Users\Usuario\OneDrive\Escritorio\RI_JPA\cws_client_cashier\pom.xml.
2024-12-10 16:48:09,698 [Worker-32: Importing Maven projects] INFO  o.e.m.c.i.p.WorkspaceClassifierResolverManager - Resolving P/cws_services_jpa: uo.ri:cws_services_jpa:0.0.1-SNAPSHOT with classifier  to /cws_services_jpa/bin
2024-12-10 16:48:09,701 [Worker-32: Importing Maven projects] INFO  o.e.m.c.i.p.WorkspaceClassifierResolverManager - Resolving P/cws_util: uo.ri:cws_util:0.0.1-SNAPSHOT with classifier  to /cws_util/bin
2024-12-10 16:48:09,868 [Worker-32: Importing Maven projects] INFO  o.e.m.c.i.l.LifecycleMappingFactory - Using org.eclipse.m2e.jdt.JarLifecycleMapping lifecycle mapping for MavenProject: uo.ri:cws_client_manager:0.0.1-SNAPSHOT @ C:\Users\Usuario\OneDrive\Escritorio\RI_JPA\cws_client_manager\pom.xml.
2024-12-10 16:48:09,873 [Worker-32: Importing Maven projects] INFO  o.e.m.c.i.p.WorkspaceClassifierResolverManager - Resolving P/cws_services_jpa: uo.ri:cws_services_jpa:0.0.1-SNAPSHOT with classifier  to /cws_services_jpa/bin
2024-12-10 16:48:09,874 [Worker-32: Importing Maven projects] INFO  o.e.m.c.i.p.WorkspaceClassifierResolverManager - Resolving P/cws_util: uo.ri:cws_util:0.0.1-SNAPSHOT with classifier  to /cws_util/bin
2024-12-10 16:48:10,023 [Worker-32: Importing Maven projects] INFO  o.e.m.c.i.l.LifecycleMappingFactory - Using org.eclipse.m2e.jdt.JarLifecycleMapping lifecycle mapping for MavenProject: uo.ri:cws_spareparts_aceptance_tests:0.0.1-SNAPSHOT @ C:\Users\Usuario\Downloads\ri.jpa.cws.2024.extension.skeleton\cws_2024\cws_spareparts_aceptance_tests\pom.xml.
2024-12-10 16:48:10,842 [Worker-32: Importing Maven projects] INFO  o.e.m.c.i.p.WorkspaceClassifierResolverManager - Resolving P/cws_services_jpa: uo.ri:cws_services_jpa:0.0.1-SNAPSHOT with classifier  to /cws_services_jpa/bin
2024-12-10 16:48:10,842 [Worker-32: Importing Maven projects] INFO  o.e.m.c.i.p.WorkspaceClassifierResolverManager - Resolving P/cws_util: uo.ri:cws_util:0.0.1-SNAPSHOT with classifier  to /cws_util/bin
2024-12-10 16:48:14,439 [Worker-32: Importing Maven projects] INFO  o.e.m.j.i.AbstractJavaProjectConfigurator - Adding source folder /cws_services_jpa/src
2024-12-10 16:48:14,456 [Worker-32: Importing Maven projects] INFO  o.e.m.j.i.AbstractJavaProjectConfigurator - Resources folder /cws_services_jpa/src overlaps with sources folder /cws_services_jpa/src
2024-12-10 16:48:14,457 [Worker-32: Importing Maven projects] INFO  o.e.m.j.i.AbstractJavaProjectConfigurator - Adding source folder /cws_services_jpa/test
2024-12-10 16:48:14,460 [Worker-32: Importing Maven projects] INFO  o.e.m.j.i.AbstractJavaProjectConfigurator - Resources folder /cws_services_jpa/src/test/resources overlaps with sources folder /cws_services_jpa/src
2024-12-10 16:48:14,609 [Worker-32: Importing Maven projects] INFO  o.e.m.jdt.internal.UnitTestSupport - Reset launch configuration name: ChargeTests
2024-12-10 16:48:14,609 [Worker-32: Importing Maven projects] INFO  o.e.m.jdt.internal.UnitTestSupport - Updating ChargeTests from maven configuration
2024-12-10 16:48:17,171 [Worker-32: Importing Maven projects] INFO  o.e.m.jdt.internal.UnitTestSupport - Reset launch configuration name: InvoiceRemoveWorkOrderTests
2024-12-10 16:48:17,176 [Worker-32: Importing Maven projects] INFO  o.e.m.jdt.internal.UnitTestSupport - Updating InvoiceRemoveWorkOrderTests from maven configuration
2024-12-10 16:48:17,241 [Worker-32: Importing Maven projects] INFO  o.e.m.jdt.internal.UnitTestSupport - Reset launch configuration name: uo.ri.cws.associations
2024-12-10 16:48:17,242 [Worker-32: Importing Maven projects] INFO  o.e.m.jdt.internal.UnitTestSupport - Updating uo.ri.cws.associations from maven configuration
2024-12-10 16:48:17,248 [Worker-32: Importing Maven projects] INFO  o.e.m.jdt.internal.UnitTestSupport - Reset launch configuration name: uo.ri.cws.domain (1)
2024-12-10 16:48:17,249 [Worker-32: Importing Maven projects] INFO  o.e.m.jdt.internal.UnitTestSupport - Updating uo.ri.cws.domain (1) from maven configuration
2024-12-10 16:48:17,253 [Worker-32: Importing Maven projects] INFO  o.e.m.jdt.internal.UnitTestSupport - Reset launch configuration name: uo.ri.cws.domain
2024-12-10 16:48:17,253 [Worker-32: Importing Maven projects] INFO  o.e.m.jdt.internal.UnitTestSupport - Updating uo.ri.cws.domain from maven configuration
2024-12-10 16:48:17,255 [Worker-32: Importing Maven projects] INFO  o.e.m.jdt.internal.UnitTestSupport - Reset launch configuration name: uo.ri.cws
2024-12-10 16:48:17,256 [Worker-32: Importing Maven projects] INFO  o.e.m.jdt.internal.UnitTestSupport - Updating uo.ri.cws from maven configuration
2024-12-10 16:48:17,262 [Worker-32: Importing Maven projects] INFO  o.e.m.jdt.internal.UnitTestSupport - Reset launch configuration name: uo.ri.cws.persistence
2024-12-10 16:48:17,265 [Worker-32: Importing Maven projects] INFO  o.e.m.jdt.internal.UnitTestSupport - Updating uo.ri.cws.persistence from maven configuration
2024-12-10 16:48:17,267 [Worker-32: Importing Maven projects] INFO  o.e.m.jdt.internal.UnitTestSupport - Reset launch configuration name: WorkOrderTests
2024-12-10 16:48:17,268 [Worker-32: Importing Maven projects] INFO  o.e.m.jdt.internal.UnitTestSupport - Updating WorkOrderTests from maven configuration
2024-12-10 16:48:17,293 [Worker-32: Importing Maven projects] INFO  o.e.m.c.i.p.ProjectConfigurationManager - Imported and configured 1 project(s) in 9 sec
2024-12-10 16:48:17,670 [Worker-23: Updating Maven Project] INFO  o.e.m.c.i.p.ProjectConfigurationManager - Update started
2024-12-10 16:48:18,100 [Worker-23: Updating Maven Project] INFO  o.e.m.c.i.l.LifecycleMappingFactory - Using org.eclipse.m2e.jdt.JarLifecycleMapping lifecycle mapping for MavenProject: uo.ri:cws_services_jpa:0.0.1-SNAPSHOT @ C:\Users\Usuario\Downloads\UO295662_0 (1)\UO295662_0\cws_services_jpa\cws_services_jpa\pom.xml.
2024-12-10 16:48:18,579 [Worker-23: Updating Maven Project] INFO  o.e.m.c.i.p.WorkspaceClassifierResolverManager - Resolving P/cws_util: uo.ri:cws_util:0.0.1-SNAPSHOT with classifier  to /cws_util/bin
2024-12-10 16:48:19,624 [Worker-23: Updating Maven Project] INFO  o.e.m.j.i.AbstractJavaProjectConfigurator - Adding source folder /cws_services_jpa/src
2024-12-10 16:48:19,633 [Worker-23: Updating Maven Project] INFO  o.e.m.j.i.AbstractJavaProjectConfigurator - Resources folder /cws_services_jpa/src overlaps with sources folder /cws_services_jpa/src
2024-12-10 16:48:19,633 [Worker-23: Updating Maven Project] INFO  o.e.m.j.i.AbstractJavaProjectConfigurator - Adding source folder /cws_services_jpa/test
2024-12-10 16:48:19,637 [Worker-23: Updating Maven Project] INFO  o.e.m.j.i.AbstractJavaProjectConfigurator - Resources folder /cws_services_jpa/src/test/resources overlaps with sources folder /cws_services_jpa/src
2024-12-10 16:48:20,113 [Worker-23: Updating Maven Project] INFO  o.e.m.jdt.internal.UnitTestSupport - Reset launch configuration name: ChargeTests
2024-12-10 16:48:20,113 [Worker-23: Updating Maven Project] INFO  o.e.m.jdt.internal.UnitTestSupport - Updating ChargeTests from maven configuration
2024-12-10 16:48:21,589 [Worker-23: Updating Maven Project] INFO  o.e.m.jdt.internal.UnitTestSupport - Reset launch configuration name: InvoiceRemoveWorkOrderTests
2024-12-10 16:48:21,591 [Worker-23: Updating Maven Project] INFO  o.e.m.jdt.internal.UnitTestSupport - Updating InvoiceRemoveWorkOrderTests from maven configuration
2024-12-10 16:48:21,604 [Worker-23: Updating Maven Project] INFO  o.e.m.jdt.internal.UnitTestSupport - Reset launch configuration name: uo.ri.cws.associations
2024-12-10 16:48:21,605 [Worker-23: Updating Maven Project] INFO  o.e.m.jdt.internal.UnitTestSupport - Updating uo.ri.cws.associations from maven configuration
2024-12-10 16:48:21,609 [Worker-23: Updating Maven Project] INFO  o.e.m.jdt.internal.UnitTestSupport - Reset launch configuration name: uo.ri.cws.domain (1)
2024-12-10 16:48:21,609 [Worker-23: Updating Maven Project] INFO  o.e.m.jdt.internal.UnitTestSupport - Updating uo.ri.cws.domain (1) from maven configuration
2024-12-10 16:48:21,611 [Worker-23: Updating Maven Project] INFO  o.e.m.jdt.internal.UnitTestSupport - Reset launch configuration name: uo.ri.cws.domain
2024-12-10 16:48:21,612 [Worker-23: Updating Maven Project] INFO  o.e.m.jdt.internal.UnitTestSupport - Updating uo.ri.cws.domain from maven configuration
2024-12-10 16:48:21,619 [Worker-23: Updating Maven Project] INFO  o.e.m.jdt.internal.UnitTestSupport - Reset launch configuration name: uo.ri.cws
2024-12-10 16:48:21,621 [Worker-23: Updating Maven Project] INFO  o.e.m.jdt.internal.UnitTestSupport - Updating uo.ri.cws from maven configuration
2024-12-10 16:48:21,623 [Worker-23: Updating Maven Project] INFO  o.e.m.jdt.internal.UnitTestSupport - Reset launch configuration name: uo.ri.cws.persistence
2024-12-10 16:48:21,627 [Worker-23: Updating Maven Project] INFO  o.e.m.jdt.internal.UnitTestSupport - Updating uo.ri.cws.persistence from maven configuration
2024-12-10 16:48:21,634 [Worker-23: Updating Maven Project] INFO  o.e.m.jdt.internal.UnitTestSupport - Reset launch configuration name: WorkOrderTests
2024-12-10 16:48:21,635 [Worker-23: Updating Maven Project] INFO  o.e.m.jdt.internal.UnitTestSupport - Updating WorkOrderTests from maven configuration
2024-12-10 16:48:22,369 [Worker-23: Updating Maven Project] INFO  o.e.m.c.i.p.ProjectConfigurationManager - Update completed for 1 poms: local refresh takes 0,00 sec, refresh facades takes 1,00 sec, update config takes 2,00 sec 
2024-12-10 16:48:25,122 [Worker-33: Building] INFO  o.a.m.s.f.DefaultMavenResourcesFiltering - Copying 2 resources from src to bin
2024-12-10 16:48:25,155 [Worker-33: Building] INFO  o.a.m.s.f.DefaultMavenResourcesFiltering - skip non existing resourceDirectory C:\Users\Usuario\Downloads\UO295662_0 (1)\UO295662_0\cws_services_jpa\cws_services_jpa\src\test\resources
2024-12-10 16:49:00,816 [Worker-33: Building] INFO  o.a.m.s.f.DefaultMavenResourcesFiltering - Copying 0 resource from src to bin
2024-12-10 16:49:00,835 [Worker-33: Building] INFO  o.a.m.s.f.DefaultMavenResourcesFiltering - Copying 32 resources from test to target\test-classes
2024-12-10 16:49:01,446 [Worker-33: Building] INFO  o.a.m.s.f.DefaultMavenResourcesFiltering - Copying 0 resource from src to bin
2024-12-10 16:49:01,457 [Worker-33: Building] INFO  o.a.m.s.f.DefaultMavenResourcesFiltering - skip non existing resourceDirectory C:\Users\Usuario\OneDrive\Escritorio\RI_JPA\cws_client_mechanic\src\test\resources
2024-12-10 16:49:01,721 [Worker-33: Building] INFO  o.a.m.s.f.DefaultMavenResourcesFiltering - Copying 0 resource from src to bin
2024-12-10 16:49:01,726 [Worker-33: Building] INFO  o.a.m.s.f.DefaultMavenResourcesFiltering - skip non existing resourceDirectory C:\Users\Usuario\OneDrive\Escritorio\RI_JPA\cws_client_manager\src\test\resources
2024-12-10 16:49:02,053 [Worker-33: Building] INFO  o.a.m.s.f.DefaultMavenResourcesFiltering - Copying 0 resource from src to bin
2024-12-10 16:49:02,062 [Worker-33: Building] INFO  o.a.m.s.f.DefaultMavenResourcesFiltering - skip non existing resourceDirectory C:\Users\Usuario\OneDrive\Escritorio\RI_JPA\cws_client_foreman\src\test\resources
2024-12-10 16:49:02,402 [Worker-33: Building] INFO  o.a.m.s.f.DefaultMavenResourcesFiltering - Copying 0 resource from src to bin
2024-12-10 16:49:02,405 [Worker-33: Building] INFO  o.a.m.s.f.DefaultMavenResourcesFiltering - skip non existing resourceDirectory C:\Users\Usuario\OneDrive\Escritorio\RI_JPA\cws_client_cashier\src\test\resources
2024-12-10 16:49:31,406 [Worker-36: Building] INFO  o.a.m.s.f.DefaultMavenResourcesFiltering - Copying 0 resource from src to bin
2024-12-10 16:49:31,446 [Worker-36: Building] INFO  o.a.m.s.f.DefaultMavenResourcesFiltering - Copying 0 resource from test to target\test-classes
2024-12-10 16:49:32,630 [Worker-33: Building] INFO  o.a.m.s.f.DefaultMavenResourcesFiltering - Copying 0 resource from src to bin
2024-12-10 16:49:32,671 [Worker-33: Building] INFO  o.a.m.s.f.DefaultMavenResourcesFiltering - Copying 0 resource from test to target\test-classes
2024-12-10 16:49:35,876 [Worker-35: Building] INFO  o.a.m.s.f.DefaultMavenResourcesFiltering - Copying 0 resource from src to bin
2024-12-10 16:49:35,915 [Worker-35: Building] INFO  o.a.m.s.f.DefaultMavenResourcesFiltering - Copying 0 resource from test to target\test-classes
2024-12-10 16:49:37,611 [Worker-32: Building] INFO  o.a.m.s.f.DefaultMavenResourcesFiltering - Copying 0 resource from src to bin
2024-12-10 16:49:37,632 [Worker-32: Building] INFO  o.a.m.s.f.DefaultMavenResourcesFiltering - Copying 0 resource from test to target\test-classes
2024-12-10 16:49:38,682 [Worker-23: Building] INFO  o.a.m.s.f.DefaultMavenResourcesFiltering - Copying 0 resource from src to bin
2024-12-10 16:49:38,705 [Worker-23: Building] INFO  o.a.m.s.f.DefaultMavenResourcesFiltering - Copying 0 resource from test to target\test-classes
2024-12-10 16:49:39,771 [Worker-32: Building] INFO  o.a.m.s.f.DefaultMavenResourcesFiltering - Copying 0 resource from src to bin
2024-12-10 16:49:39,782 [Worker-32: Building] INFO  o.a.m.s.f.DefaultMavenResourcesFiltering - Copying 0 resource from test to target\test-classes
2024-12-10 16:49:40,019 [Worker-32: Building] INFO  o.a.m.s.f.DefaultMavenResourcesFiltering - Copying 1 resource from src to bin
2024-12-10 16:49:40,023 [Worker-32: Building] INFO  o.a.m.s.f.DefaultMavenResourcesFiltering - skip non existing resourceDirectory C:\Users\Usuario\Downloads\UO295662_0 (1)\UO295662_0\cws_services_jpa\cws_services_jpa\src\test\resources
2024-12-10 16:49:40,107 [Worker-32: Building] INFO  o.a.m.s.f.DefaultMavenResourcesFiltering - Copying 0 resource from src to bin
2024-12-10 16:49:40,121 [Worker-32: Building] INFO  o.a.m.s.f.DefaultMavenResourcesFiltering - Copying 0 resource from test to target\test-classes
2024-12-10 16:49:46,723 [Worker-37: Building] INFO  o.a.m.s.f.DefaultMavenResourcesFiltering - Copying 0 resource from src to bin
2024-12-10 16:49:46,745 [Worker-37: Building] INFO  o.a.m.s.f.DefaultMavenResourcesFiltering - Copying 0 resource from test to target\test-classes
2024-12-10 16:49:47,932 [Worker-37: Building] INFO  o.a.m.s.f.DefaultMavenResourcesFiltering - Copying 1 resource from src to bin
2024-12-10 16:49:47,937 [Worker-37: Building] INFO  o.a.m.s.f.DefaultMavenResourcesFiltering - skip non existing resourceDirectory C:\Users\Usuario\Downloads\UO295662_0 (1)\UO295662_0\cws_services_jpa\cws_services_jpa\src\test\resources
2024-12-10 16:49:48,038 [Worker-37: Building] INFO  o.a.m.s.f.DefaultMavenResourcesFiltering - Copying 0 resource from src to bin
2024-12-10 16:49:48,059 [Worker-37: Building] INFO  o.a.m.s.f.DefaultMavenResourcesFiltering - Copying 0 resource from test to target\test-classes
2024-12-10 16:49:56,020 [Worker-35: Launching LoadEntityManagerFactory] INFO  o.e.m.c.i.p.WorkspaceClassifierResolverManager - Resolving P/cws_util: uo.ri:cws_util:0.0.1-SNAPSHOT with classifier null to /cws_util/bin
2024-12-10 16:49:56,067 [Worker-35: Launching LoadEntityManagerFactory] INFO  o.e.m.c.i.p.WorkspaceClassifierResolverManager - Resolving P/cws_util: uo.ri:cws_util:0.0.1-SNAPSHOT with classifier null to /cws_util/bin
2024-12-10 16:49:56,089 [Worker-37: Building] INFO  o.a.m.s.f.DefaultMavenResourcesFiltering - Copying 0 resource from src to bin
2024-12-10 16:49:56,114 [Worker-35: Launching LoadEntityManagerFactory] INFO  o.e.m.c.i.p.WorkspaceClassifierResolverManager - Resolving P/cws_util: uo.ri:cws_util:0.0.1-SNAPSHOT with classifier null to /cws_util/bin
2024-12-10 16:49:56,118 [Worker-37: Building] INFO  o.a.m.s.f.DefaultMavenResourcesFiltering - Copying 0 resource from test to target\test-classes
2024-12-10 16:51:36,126 [Worker-37: Building] INFO  o.a.m.s.f.DefaultMavenResourcesFiltering - Copying 0 resource from src to bin
2024-12-10 16:51:36,168 [Worker-37: Building] INFO  o.a.m.s.f.DefaultMavenResourcesFiltering - Copying 0 resource from test to target\test-classes
2024-12-10 16:51:39,438 [Burningwave - Resource releaser] INFO  o.b.c.a.StaticComponentContainer - (StaticComponentContainer.java:391) - ... Waiting for all tasks ending
2024-12-10 16:51:39,444 [Burningwave - Resource releaser] INFO  o.b.c.a.StaticComponentContainer - (StaticComponentContainer.java:397) - Closing all component containers
2024-12-10 16:51:39,455 [Burningwave - Resource releaser] INFO  o.b.c.a.StaticComponentContainer - (StaticComponentContainer.java:403) - Closing FileSystemHelper
2024-12-10 16:51:39,459 [Burningwave - Resource releaser] INFO  o.b.c.a.StaticComponentContainer - (StaticComponentContainer.java:409) - ... Waiting for all tasks ending before shutting down the BackgroundExecutor
2024-12-10 16:51:39,465 [Burningwave - Resource releaser] INFO  o.b.c.a.StaticComponentContainer - (StaticComponentContainer.java:414) - Shutting down BackgroundExecutor
2024-12-10 16:51:39,467 [Burningwave - Resource releaser] INFO  o.b.c.a.StaticComponentContainer - (StaticComponentContainer.java:420) - Stopping all threads monitoring thread
2024-12-10 16:51:39,468 [Burningwave - Resource releaser] INFO  o.b.c.a.StaticComponentContainer - (StaticComponentContainer.java:425) - Closing ThreadHolder
2024-12-10 16:51:39,470 [Burningwave - Resource releaser] INFO  o.b.c.a.StaticComponentContainer - (StaticComponentContainer.java:430) - Shutting down ThreadSupplier
2025-06-14 16:57:54,538 [Worker-4: Loading available Gradle versions] INFO  o.e.b.c.i.u.g.PublishedGradleVersions - Gradle version information cache is out-of-date. Trying to update.
2025-06-14 16:58:06,447 [Worker-6: Building] INFO  o.e.m.c.i.p.WorkspaceClassifierResolverManager - Resolving P/cws_util: uo.ri:cws_util:0.0.1-SNAPSHOT with classifier  to /cws_util/bin
2025-06-14 16:58:06,769 [Worker-4: Loading available Gradle versions] INFO  o.e.b.c.i.u.g.PublishedGradleVersions - Updating Gradle version information cache failed. Using outdated cache.
2025-06-14 16:58:09,586 [Worker-6: Building] INFO  o.a.m.s.f.DefaultMavenResourcesFiltering - Copying 2 resources from src to bin
2025-06-14 16:58:09,603 [Worker-6: Building] INFO  o.a.m.s.f.DefaultMavenResourcesFiltering - skip non existing resourceDirectory C:\Users\Usuario\Downloads\UO295662_0 (1)\UO295662_0\cws_services_jpa\cws_services_jpa\src\test\resources
2025-06-14 16:58:15,018 [Java indexing] INFO  o.b.c.a.StaticComponentContainer - (StaticComponentContainer.java:368) - Instantiated org.burningwave.core.SLF4JManagedLoggerRepository
2025-06-14 16:58:15,020 [Java indexing] INFO  o.b.c.a.StaticComponentContainer - (StaticComponentContainer.java:369) - 

	Configuration values for static components:

		background-executor.all-tasks-monitoring.enabled=\
			true
		background-executor.all-tasks-monitoring.interval=\
			30000
		background-executor.all-tasks-monitoring.logger.enabled=\
			false
		background-executor.all-tasks-monitoring.minimum-elapsed-time-to-consider-a-task-as-probable-dead-locked=\
			300000
		background-executor.all-tasks-monitoring.probable-dead-locked-tasks-handling.policy=\
			log only
		background-executor.queued-task-executor[0].name=\
			Low priority tasks
		background-executor.queued-task-executor[0].priority=\
			1
		background-executor.queued-task-executor[1].name=\
			Normal priority tasks
		background-executor.queued-task-executor[1].priority=\
			5
		background-executor.queued-task-executor[2].name=\
			High priority tasks
		background-executor.queued-task-executor[2].priority=\
			10
		background-executor.task-creation-tracking.enabled=\
			${background-executor.all-tasks-monitoring.enabled}
		banner.additonal-informations=\
			${Implementation-Title} ${Implementation-Version}
		banner.additonal-informations.retrieve-from-manifest-file-with-implementation-title=\
			Burningwave Core
		banner.file=\
			org/burningwave/banner.bwb
		banner.hide=\
			true
		buffer-handler.default-allocation-mode=\
			ByteBuffer::allocateDirect
		buffer-handler.default-buffer-size=\
			1024
		group-name-for-named-elements=\
			Burningwave
		iterable-object-helper.default-values-separator=\
			;
		iterable-object-helper.parallel-iteration.applicability.default-minimum-collection-size=\
			2
		iterable-object-helper.parallel-iteration.applicability.max-runtime-thread-count-threshold=\
			autodetect
		iterable-object-helper.parallel-iteration.applicability.output-collection-enabled-types=\
			java.util.concurrent.ConcurrentHashMap$CollectionView;\
			java.util.Collections$SynchronizedCollection;\
			java.util.concurrent.CopyOnWriteArrayList;\
			java.util.concurrent.CopyOnWriteArraySet;\
			java.util.concurrent.BlockingQueue;\
			java.util.concurrent.ConcurrentSkipListSet;\
			java.util.concurrent.ConcurrentSkipListMap$EntrySet;\
			java.util.concurrent.ConcurrentSkipListMap$KeySet;\
			java.util.concurrent.ConcurrentSkipListMap$Values;
		jvm.driver.init=\
			false
		managed-logger.repository=\
			autodetect
		managed-logger.repository.enabled=\
			true
		managed-logger.repository.logging.warn.disabled-for=\
			org.burningwave.core.assembler.ComponentContainer$ClassLoader;\
			org.burningwave.core.classes.MemoryClassLoader;\
			org.burningwave.core.classes.PathScannerClassLoader;
		modules.export-all-to-all=\
			true
		resource-releaser.enabled=\
			true
		synchronizer.all-threads-monitoring.enabled=\
			false
		synchronizer.all-threads-monitoring.interval=\
			90000
		thread-supplier.default-daemon-flag-value=\
			true
		thread-supplier.default-thread-priority=\
			5
		thread-supplier.max-detached-thread-count=\
			${thread-supplier.max-poolable-thread-count}
		thread-supplier.max-detached-thread-count.elapsed-time-threshold-from-last-increase-for-gradual-decreasing-to-initial-value=\
			30000
		thread-supplier.max-detached-thread-count.increasing-step=\
			autodetect
		thread-supplier.max-poolable-thread-count=\
			autodetect
		thread-supplier.poolable-thread-request-timeout=\
			6000


2025-06-14 16:58:15,023 [Java indexing] INFO  o.b.core.jvm.BufferHandler - (BufferHandler.java:127) - default buffer size: 1024 bytes
2025-06-14 16:58:15,024 [Java indexing] INFO  o.b.core.jvm.BufferHandler - (BufferHandler.java:141) - default allocation mode: ByteBuffer::allocateDirect
2025-06-14 16:58:15,028 [Java indexing] INFO  org.burningwave.core.Cache - (Cache.java:76) - Building cache
2025-06-14 16:58:15,055 [Java indexing] INFO  o.b.c.a.StaticComponentContainer - (StaticComponentContainer.java:443) - org.burningwave.core.assembler.StaticComponentContainer initialized in 0.166407 seconds
2025-06-14 16:58:30,125 [Worker-6: Building] INFO  o.e.m.c.i.e.AbstractTransferListenerAdapter - Downloading https://repo.maven.apache.org/maven2/io/cucumber/messages/maven-metadata.xml
2025-06-14 16:58:30,190 [Worker-6: Building] INFO  o.e.m.c.i.e.AbstractTransferListenerAdapter - Downloaded https://repo.maven.apache.org/maven2/io/cucumber/messages/maven-metadata.xml
2025-06-14 16:58:31,191 [Worker-6: Building] INFO  o.e.m.c.i.e.AbstractTransferListenerAdapter - Downloading https://repo.maven.apache.org/maven2/io/cucumber/query/maven-metadata.xml
2025-06-14 16:58:31,245 [Worker-6: Building] INFO  o.e.m.c.i.e.AbstractTransferListenerAdapter - Downloaded https://repo.maven.apache.org/maven2/io/cucumber/query/maven-metadata.xml
2025-06-14 16:58:32,574 [Worker-6: Building] INFO  o.e.m.c.i.p.WorkspaceClassifierResolverManager - Resolving P/cws_services_jpa: uo.ri:cws_services_jpa:0.0.1-SNAPSHOT with classifier  to /cws_services_jpa/bin
2025-06-14 16:58:32,574 [Worker-6: Building] INFO  o.e.m.c.i.p.WorkspaceClassifierResolverManager - Resolving P/cws_util: uo.ri:cws_util:0.0.1-SNAPSHOT with classifier  to /cws_util/bin
2025-06-14 16:58:32,600 [Worker-6: Building] INFO  o.a.m.s.f.DefaultMavenResourcesFiltering - Copying 0 resource from src to bin
2025-06-14 16:58:32,606 [Worker-6: Building] INFO  o.a.m.s.f.DefaultMavenResourcesFiltering - Copying 32 resources from test to target\test-classes
2025-06-14 16:59:18,382 [Worker-23: Building] INFO  o.a.m.s.f.DefaultMavenResourcesFiltering - Copying 2 resources from src to bin
2025-06-14 16:59:18,390 [Worker-23: Building] INFO  o.a.m.s.f.DefaultMavenResourcesFiltering - skip non existing resourceDirectory C:\Users\Usuario\Downloads\UO295662_0 (1)\UO295662_0\cws_services_jpa\cws_services_jpa\src\test\resources
2025-06-14 16:59:18,506 [Worker-23: Building] INFO  o.a.m.s.f.DefaultMavenResourcesFiltering - Copying 0 resource from src to bin
2025-06-14 16:59:18,523 [Worker-23: Building] INFO  o.a.m.s.f.DefaultMavenResourcesFiltering - Copying 0 resource from test to target\test-classes
2025-06-14 16:59:23,419 [Worker-19: Building] INFO  o.a.m.s.f.DefaultMavenResourcesFiltering - Copying 2 resources from src to bin
2025-06-14 16:59:23,432 [Worker-19: Building] INFO  o.a.m.s.f.DefaultMavenResourcesFiltering - skip non existing resourceDirectory C:\Users\Usuario\Downloads\UO295662_0 (1)\UO295662_0\cws_services_jpa\cws_services_jpa\src\test\resources
2025-06-14 16:59:29,849 [Worker-11: Building] INFO  o.a.m.s.f.DefaultMavenResourcesFiltering - Copying 2 resources from src to bin
2025-06-14 16:59:29,854 [Worker-11: Building] INFO  o.a.m.s.f.DefaultMavenResourcesFiltering - skip non existing resourceDirectory C:\Users\Usuario\Downloads\UO295662_0 (1)\UO295662_0\cws_services_jpa\cws_services_jpa\src\test\resources
2025-06-14 16:59:44,251 [Worker-4: Building] INFO  o.a.m.s.f.DefaultMavenResourcesFiltering - Copying 2 resources from src to bin
2025-06-14 16:59:44,257 [Worker-4: Building] INFO  o.a.m.s.f.DefaultMavenResourcesFiltering - skip non existing resourceDirectory C:\Users\Usuario\Downloads\UO295662_0 (1)\UO295662_0\cws_services_jpa\cws_services_jpa\src\test\resources
2025-06-14 16:59:45,521 [Worker-15: Building] INFO  o.a.m.s.f.DefaultMavenResourcesFiltering - Copying 2 resources from src to bin
2025-06-14 16:59:45,526 [Worker-15: Building] INFO  o.a.m.s.f.DefaultMavenResourcesFiltering - skip non existing resourceDirectory C:\Users\Usuario\Downloads\UO295662_0 (1)\UO295662_0\cws_services_jpa\cws_services_jpa\src\test\resources
2025-06-14 17:06:31,071 [Worker-31: Building] INFO  o.a.m.s.f.DefaultMavenResourcesFiltering - Copying 2 resources from src to bin
2025-06-14 17:06:31,186 [Worker-31: Building] INFO  o.a.m.s.f.DefaultMavenResourcesFiltering - skip non existing resourceDirectory C:\Users\Usuario\Downloads\UO295662_0 (1)\UO295662_0\cws_services_jpa\cws_services_jpa\src\test\resources
2025-06-14 17:06:44,039 [Worker-31: Building] INFO  o.a.m.s.f.DefaultMavenResourcesFiltering - Copying 2 resources from src to bin
2025-06-14 17:06:44,047 [Worker-31: Building] INFO  o.a.m.s.f.DefaultMavenResourcesFiltering - skip non existing resourceDirectory C:\Users\Usuario\Downloads\UO295662_0 (1)\UO295662_0\cws_services_jpa\cws_services_jpa\src\test\resources
2025-06-14 17:06:50,646 [Worker-29: Building] INFO  o.a.m.s.f.DefaultMavenResourcesFiltering - Copying 2 resources from src to bin
2025-06-14 17:06:50,650 [Worker-29: Building] INFO  o.a.m.s.f.DefaultMavenResourcesFiltering - skip non existing resourceDirectory C:\Users\Usuario\Downloads\UO295662_0 (1)\UO295662_0\cws_services_jpa\cws_services_jpa\src\test\resources
2025-06-14 17:07:08,569 [Worker-32: Building] INFO  o.a.m.s.f.DefaultMavenResourcesFiltering - Copying 2 resources from src to bin
2025-06-14 17:07:08,577 [Worker-32: Building] INFO  o.a.m.s.f.DefaultMavenResourcesFiltering - skip non existing resourceDirectory C:\Users\Usuario\Downloads\UO295662_0 (1)\UO295662_0\cws_services_jpa\cws_services_jpa\src\test\resources
2025-06-14 17:07:13,034 [Worker-26: Building] INFO  o.a.m.s.f.DefaultMavenResourcesFiltering - Copying 2 resources from src to bin
2025-06-14 17:07:13,042 [Worker-26: Building] INFO  o.a.m.s.f.DefaultMavenResourcesFiltering - skip non existing resourceDirectory C:\Users\Usuario\Downloads\UO295662_0 (1)\UO295662_0\cws_services_jpa\cws_services_jpa\src\test\resources
2025-06-14 17:07:16,429 [Worker-31: Building] INFO  o.a.m.s.f.DefaultMavenResourcesFiltering - Copying 2 resources from src to bin
2025-06-14 17:07:16,434 [Worker-31: Building] INFO  o.a.m.s.f.DefaultMavenResourcesFiltering - skip non existing resourceDirectory C:\Users\Usuario\Downloads\UO295662_0 (1)\UO295662_0\cws_services_jpa\cws_services_jpa\src\test\resources
2025-06-14 17:08:01,387 [Worker-35: Building] INFO  o.a.m.s.f.DefaultMavenResourcesFiltering - Copying 2 resources from src to bin
2025-06-14 17:08:01,393 [Worker-35: Building] INFO  o.a.m.s.f.DefaultMavenResourcesFiltering - skip non existing resourceDirectory C:\Users\Usuario\Downloads\UO295662_0 (1)\UO295662_0\cws_services_jpa\cws_services_jpa\src\test\resources
2025-06-14 17:08:05,561 [Worker-26: Building] INFO  o.a.m.s.f.DefaultMavenResourcesFiltering - Copying 2 resources from src to bin
2025-06-14 17:08:05,567 [Worker-26: Building] INFO  o.a.m.s.f.DefaultMavenResourcesFiltering - skip non existing resourceDirectory C:\Users\Usuario\Downloads\UO295662_0 (1)\UO295662_0\cws_services_jpa\cws_services_jpa\src\test\resources
2025-06-14 17:08:13,656 [Worker-28: Building] INFO  o.a.m.s.f.DefaultMavenResourcesFiltering - Copying 2 resources from src to bin
2025-06-14 17:08:13,662 [Worker-28: Building] INFO  o.a.m.s.f.DefaultMavenResourcesFiltering - skip non existing resourceDirectory C:\Users\Usuario\Downloads\UO295662_0 (1)\UO295662_0\cws_services_jpa\cws_services_jpa\src\test\resources
2025-06-14 17:09:52,815 [Worker-30: Building] INFO  o.a.m.s.f.DefaultMavenResourcesFiltering - Copying 2 resources from src to bin
2025-06-14 17:09:52,822 [Worker-30: Building] INFO  o.a.m.s.f.DefaultMavenResourcesFiltering - skip non existing resourceDirectory C:\Users\Usuario\Downloads\UO295662_0 (1)\UO295662_0\cws_services_jpa\cws_services_jpa\src\test\resources
2025-06-14 17:10:06,549 [Worker-33: Building] INFO  o.a.m.s.f.DefaultMavenResourcesFiltering - Copying 2 resources from src to bin
2025-06-14 17:10:06,552 [Worker-33: Building] INFO  o.a.m.s.f.DefaultMavenResourcesFiltering - skip non existing resourceDirectory C:\Users\Usuario\Downloads\UO295662_0 (1)\UO295662_0\cws_services_jpa\cws_services_jpa\src\test\resources
2025-06-14 17:10:10,862 [Worker-28: Building] INFO  o.a.m.s.f.DefaultMavenResourcesFiltering - Copying 2 resources from src to bin
2025-06-14 17:10:10,869 [Worker-28: Building] INFO  o.a.m.s.f.DefaultMavenResourcesFiltering - skip non existing resourceDirectory C:\Users\Usuario\Downloads\UO295662_0 (1)\UO295662_0\cws_services_jpa\cws_services_jpa\src\test\resources
2025-06-14 17:10:17,027 [Worker-34: Building] INFO  o.a.m.s.f.DefaultMavenResourcesFiltering - Copying 2 resources from src to bin
2025-06-14 17:10:17,032 [Worker-34: Building] INFO  o.a.m.s.f.DefaultMavenResourcesFiltering - skip non existing resourceDirectory C:\Users\Usuario\Downloads\UO295662_0 (1)\UO295662_0\cws_services_jpa\cws_services_jpa\src\test\resources
2025-06-14 17:10:27,022 [Worker-34: Building] INFO  o.a.m.s.f.DefaultMavenResourcesFiltering - Copying 2 resources from src to bin
2025-06-14 17:10:27,028 [Worker-34: Building] INFO  o.a.m.s.f.DefaultMavenResourcesFiltering - skip non existing resourceDirectory C:\Users\Usuario\Downloads\UO295662_0 (1)\UO295662_0\cws_services_jpa\cws_services_jpa\src\test\resources
2025-06-14 17:12:00,993 [Worker-32: Building] INFO  o.a.m.s.f.DefaultMavenResourcesFiltering - Copying 2 resources from src to bin
2025-06-14 17:12:00,999 [Worker-32: Building] INFO  o.a.m.s.f.DefaultMavenResourcesFiltering - skip non existing resourceDirectory C:\Users\Usuario\Downloads\UO295662_0 (1)\UO295662_0\cws_services_jpa\cws_services_jpa\src\test\resources
2025-06-14 17:16:21,889 [Worker-37: Building] INFO  o.a.m.s.f.DefaultMavenResourcesFiltering - Copying 2 resources from src to bin
2025-06-14 17:16:21,895 [Worker-37: Building] INFO  o.a.m.s.f.DefaultMavenResourcesFiltering - skip non existing resourceDirectory C:\Users\Usuario\Downloads\UO295662_0 (1)\UO295662_0\cws_services_jpa\cws_services_jpa\src\test\resources
2025-06-14 17:16:25,841 [Worker-38: Building] INFO  o.a.m.s.f.DefaultMavenResourcesFiltering - Copying 2 resources from src to bin
2025-06-14 17:16:25,847 [Worker-38: Building] INFO  o.a.m.s.f.DefaultMavenResourcesFiltering - skip non existing resourceDirectory C:\Users\Usuario\Downloads\UO295662_0 (1)\UO295662_0\cws_services_jpa\cws_services_jpa\src\test\resources
2025-06-14 17:19:01,582 [Worker-35: Building] INFO  o.a.m.s.f.DefaultMavenResourcesFiltering - Copying 2 resources from src to bin
2025-06-14 17:19:01,589 [Worker-35: Building] INFO  o.a.m.s.f.DefaultMavenResourcesFiltering - skip non existing resourceDirectory C:\Users\Usuario\Downloads\UO295662_0 (1)\UO295662_0\cws_services_jpa\cws_services_jpa\src\test\resources
2025-06-14 17:19:05,503 [Worker-38: Building] INFO  o.a.m.s.f.DefaultMavenResourcesFiltering - Copying 2 resources from src to bin
2025-06-14 17:19:05,508 [Worker-38: Building] INFO  o.a.m.s.f.DefaultMavenResourcesFiltering - skip non existing resourceDirectory C:\Users\Usuario\Downloads\UO295662_0 (1)\UO295662_0\cws_services_jpa\cws_services_jpa\src\test\resources
2025-06-14 17:19:08,972 [Worker-41: Building] INFO  o.a.m.s.f.DefaultMavenResourcesFiltering - Copying 2 resources from src to bin
2025-06-14 17:19:08,977 [Worker-41: Building] INFO  o.a.m.s.f.DefaultMavenResourcesFiltering - skip non existing resourceDirectory C:\Users\Usuario\Downloads\UO295662_0 (1)\UO295662_0\cws_services_jpa\cws_services_jpa\src\test\resources
2025-06-14 17:19:31,049 [Worker-38: Building] INFO  o.a.m.s.f.DefaultMavenResourcesFiltering - Copying 2 resources from src to bin
2025-06-14 17:19:31,053 [Worker-38: Building] INFO  o.a.m.s.f.DefaultMavenResourcesFiltering - skip non existing resourceDirectory C:\Users\Usuario\Downloads\UO295662_0 (1)\UO295662_0\cws_services_jpa\cws_services_jpa\src\test\resources
2025-06-14 17:19:47,015 [Worker-41: Building] INFO  o.a.m.s.f.DefaultMavenResourcesFiltering - Copying 2 resources from src to bin
2025-06-14 17:19:47,020 [Worker-41: Building] INFO  o.a.m.s.f.DefaultMavenResourcesFiltering - skip non existing resourceDirectory C:\Users\Usuario\Downloads\UO295662_0 (1)\UO295662_0\cws_services_jpa\cws_services_jpa\src\test\resources
2025-06-14 17:19:48,582 [Worker-41: Building] INFO  o.a.m.s.f.DefaultMavenResourcesFiltering - Copying 2 resources from src to bin
2025-06-14 17:19:48,587 [Worker-41: Building] INFO  o.a.m.s.f.DefaultMavenResourcesFiltering - skip non existing resourceDirectory C:\Users\Usuario\Downloads\UO295662_0 (1)\UO295662_0\cws_services_jpa\cws_services_jpa\src\test\resources
2025-06-14 17:20:28,208 [Worker-38: Building] INFO  o.a.m.s.f.DefaultMavenResourcesFiltering - Copying 2 resources from src to bin
2025-06-14 17:20:28,213 [Worker-38: Building] INFO  o.a.m.s.f.DefaultMavenResourcesFiltering - skip non existing resourceDirectory C:\Users\Usuario\Downloads\UO295662_0 (1)\UO295662_0\cws_services_jpa\cws_services_jpa\src\test\resources
2025-06-14 17:20:35,475 [Worker-42: Building] INFO  o.a.m.s.f.DefaultMavenResourcesFiltering - Copying 2 resources from src to bin
2025-06-14 17:20:35,480 [Worker-42: Building] INFO  o.a.m.s.f.DefaultMavenResourcesFiltering - skip non existing resourceDirectory C:\Users\Usuario\Downloads\UO295662_0 (1)\UO295662_0\cws_services_jpa\cws_services_jpa\src\test\resources
2025-06-14 17:20:47,229 [Worker-44: Building] INFO  o.a.m.s.f.DefaultMavenResourcesFiltering - Copying 2 resources from src to bin
2025-06-14 17:20:47,234 [Worker-44: Building] INFO  o.a.m.s.f.DefaultMavenResourcesFiltering - skip non existing resourceDirectory C:\Users\Usuario\Downloads\UO295662_0 (1)\UO295662_0\cws_services_jpa\cws_services_jpa\src\test\resources
2025-06-14 17:25:49,303 [Worker-43: Building] INFO  o.a.m.s.f.DefaultMavenResourcesFiltering - Copying 2 resources from src to bin
2025-06-14 17:25:49,309 [Worker-43: Building] INFO  o.a.m.s.f.DefaultMavenResourcesFiltering - skip non existing resourceDirectory C:\Users\Usuario\Downloads\UO295662_0 (1)\UO295662_0\cws_services_jpa\cws_services_jpa\src\test\resources
2025-06-14 17:26:10,386 [Worker-48: Building] INFO  o.a.m.s.f.DefaultMavenResourcesFiltering - Copying 2 resources from src to bin
2025-06-14 17:26:10,393 [Worker-48: Building] INFO  o.a.m.s.f.DefaultMavenResourcesFiltering - skip non existing resourceDirectory C:\Users\Usuario\Downloads\UO295662_0 (1)\UO295662_0\cws_services_jpa\cws_services_jpa\src\test\resources
2025-06-14 17:26:27,334 [Worker-42: Building] INFO  o.a.m.s.f.DefaultMavenResourcesFiltering - Copying 2 resources from src to bin
2025-06-14 17:26:27,337 [Worker-42: Building] INFO  o.a.m.s.f.DefaultMavenResourcesFiltering - skip non existing resourceDirectory C:\Users\Usuario\Downloads\UO295662_0 (1)\UO295662_0\cws_services_jpa\cws_services_jpa\src\test\resources
2025-06-14 17:26:45,857 [Worker-43: Building] INFO  o.a.m.s.f.DefaultMavenResourcesFiltering - Copying 2 resources from src to bin
2025-06-14 17:26:45,862 [Worker-43: Building] INFO  o.a.m.s.f.DefaultMavenResourcesFiltering - skip non existing resourceDirectory C:\Users\Usuario\Downloads\UO295662_0 (1)\UO295662_0\cws_services_jpa\cws_services_jpa\src\test\resources
2025-06-14 17:27:01,536 [Worker-46: Building] INFO  o.a.m.s.f.DefaultMavenResourcesFiltering - Copying 2 resources from src to bin
2025-06-14 17:27:01,540 [Worker-46: Building] INFO  o.a.m.s.f.DefaultMavenResourcesFiltering - skip non existing resourceDirectory C:\Users\Usuario\Downloads\UO295662_0 (1)\UO295662_0\cws_services_jpa\cws_services_jpa\src\test\resources
2025-06-14 17:27:39,771 [Worker-50: Building] INFO  o.a.m.s.f.DefaultMavenResourcesFiltering - Copying 2 resources from src to bin
2025-06-14 17:27:39,776 [Worker-50: Building] INFO  o.a.m.s.f.DefaultMavenResourcesFiltering - skip non existing resourceDirectory C:\Users\Usuario\Downloads\UO295662_0 (1)\UO295662_0\cws_services_jpa\cws_services_jpa\src\test\resources
2025-06-14 17:27:45,400 [Worker-48: Building] INFO  o.a.m.s.f.DefaultMavenResourcesFiltering - Copying 2 resources from src to bin
2025-06-14 17:27:45,404 [Worker-48: Building] INFO  o.a.m.s.f.DefaultMavenResourcesFiltering - skip non existing resourceDirectory C:\Users\Usuario\Downloads\UO295662_0 (1)\UO295662_0\cws_services_jpa\cws_services_jpa\src\test\resources
2025-06-14 17:27:50,946 [Worker-50: Building] INFO  o.a.m.s.f.DefaultMavenResourcesFiltering - Copying 2 resources from src to bin
2025-06-14 17:27:50,951 [Worker-50: Building] INFO  o.a.m.s.f.DefaultMavenResourcesFiltering - skip non existing resourceDirectory C:\Users\Usuario\Downloads\UO295662_0 (1)\UO295662_0\cws_services_jpa\cws_services_jpa\src\test\resources
2025-06-14 17:28:07,022 [Worker-46: Building] INFO  o.a.m.s.f.DefaultMavenResourcesFiltering - Copying 2 resources from src to bin
2025-06-14 17:28:07,028 [Worker-46: Building] INFO  o.a.m.s.f.DefaultMavenResourcesFiltering - skip non existing resourceDirectory C:\Users\Usuario\Downloads\UO295662_0 (1)\UO295662_0\cws_services_jpa\cws_services_jpa\src\test\resources
2025-06-14 17:28:28,136 [Worker-49: Building] INFO  o.a.m.s.f.DefaultMavenResourcesFiltering - Copying 2 resources from src to bin
2025-06-14 17:28:28,140 [Worker-49: Building] INFO  o.a.m.s.f.DefaultMavenResourcesFiltering - skip non existing resourceDirectory C:\Users\Usuario\Downloads\UO295662_0 (1)\UO295662_0\cws_services_jpa\cws_services_jpa\src\test\resources
2025-06-14 17:28:31,843 [Worker-48: Building] INFO  o.a.m.s.f.DefaultMavenResourcesFiltering - Copying 2 resources from src to bin
2025-06-14 17:28:31,845 [Worker-48: Building] INFO  o.a.m.s.f.DefaultMavenResourcesFiltering - skip non existing resourceDirectory C:\Users\Usuario\Downloads\UO295662_0 (1)\UO295662_0\cws_services_jpa\cws_services_jpa\src\test\resources
2025-06-14 17:28:36,775 [Worker-42: Building] INFO  o.a.m.s.f.DefaultMavenResourcesFiltering - Copying 2 resources from src to bin
2025-06-14 17:28:36,778 [Worker-42: Building] INFO  o.a.m.s.f.DefaultMavenResourcesFiltering - skip non existing resourceDirectory C:\Users\Usuario\Downloads\UO295662_0 (1)\UO295662_0\cws_services_jpa\cws_services_jpa\src\test\resources
2025-06-14 17:28:47,146 [Worker-49: Building] INFO  o.a.m.s.f.DefaultMavenResourcesFiltering - Copying 2 resources from src to bin
2025-06-14 17:28:47,150 [Worker-49: Building] INFO  o.a.m.s.f.DefaultMavenResourcesFiltering - skip non existing resourceDirectory C:\Users\Usuario\Downloads\UO295662_0 (1)\UO295662_0\cws_services_jpa\cws_services_jpa\src\test\resources
2025-06-14 17:28:59,371 [Worker-49: Building] INFO  o.a.m.s.f.DefaultMavenResourcesFiltering - Copying 2 resources from src to bin
2025-06-14 17:28:59,376 [Worker-49: Building] INFO  o.a.m.s.f.DefaultMavenResourcesFiltering - skip non existing resourceDirectory C:\Users\Usuario\Downloads\UO295662_0 (1)\UO295662_0\cws_services_jpa\cws_services_jpa\src\test\resources
2025-06-14 17:29:15,501 [Worker-49: Building] INFO  o.a.m.s.f.DefaultMavenResourcesFiltering - Copying 2 resources from src to bin
2025-06-14 17:29:15,504 [Worker-49: Building] INFO  o.a.m.s.f.DefaultMavenResourcesFiltering - skip non existing resourceDirectory C:\Users\Usuario\Downloads\UO295662_0 (1)\UO295662_0\cws_services_jpa\cws_services_jpa\src\test\resources
2025-06-14 17:29:19,637 [Worker-46: Building] INFO  o.a.m.s.f.DefaultMavenResourcesFiltering - Copying 2 resources from src to bin
2025-06-14 17:29:19,644 [Worker-46: Building] INFO  o.a.m.s.f.DefaultMavenResourcesFiltering - skip non existing resourceDirectory C:\Users\Usuario\Downloads\UO295662_0 (1)\UO295662_0\cws_services_jpa\cws_services_jpa\src\test\resources
2025-06-14 17:29:28,195 [Worker-50: Building] INFO  o.a.m.s.f.DefaultMavenResourcesFiltering - Copying 2 resources from src to bin
2025-06-14 17:29:28,200 [Worker-50: Building] INFO  o.a.m.s.f.DefaultMavenResourcesFiltering - skip non existing resourceDirectory C:\Users\Usuario\Downloads\UO295662_0 (1)\UO295662_0\cws_services_jpa\cws_services_jpa\src\test\resources
2025-06-14 17:29:55,155 [Worker-46: Building] INFO  o.a.m.s.f.DefaultMavenResourcesFiltering - Copying 2 resources from src to bin
2025-06-14 17:29:55,162 [Worker-46: Building] INFO  o.a.m.s.f.DefaultMavenResourcesFiltering - skip non existing resourceDirectory C:\Users\Usuario\Downloads\UO295662_0 (1)\UO295662_0\cws_services_jpa\cws_services_jpa\src\test\resources
2025-06-14 17:30:33,458 [Worker-42: Building] INFO  o.a.m.s.f.DefaultMavenResourcesFiltering - Copying 2 resources from src to bin
2025-06-14 17:30:33,465 [Worker-42: Building] INFO  o.a.m.s.f.DefaultMavenResourcesFiltering - skip non existing resourceDirectory C:\Users\Usuario\Downloads\UO295662_0 (1)\UO295662_0\cws_services_jpa\cws_services_jpa\src\test\resources
2025-06-14 17:30:43,524 [Worker-42: Building] INFO  o.a.m.s.f.DefaultMavenResourcesFiltering - Copying 2 resources from src to bin
2025-06-14 17:30:43,527 [Worker-42: Building] INFO  o.a.m.s.f.DefaultMavenResourcesFiltering - skip non existing resourceDirectory C:\Users\Usuario\Downloads\UO295662_0 (1)\UO295662_0\cws_services_jpa\cws_services_jpa\src\test\resources
2025-06-14 17:30:50,753 [Worker-47: Building] INFO  o.a.m.s.f.DefaultMavenResourcesFiltering - Copying 2 resources from src to bin
2025-06-14 17:30:50,757 [Worker-47: Building] INFO  o.a.m.s.f.DefaultMavenResourcesFiltering - skip non existing resourceDirectory C:\Users\Usuario\Downloads\UO295662_0 (1)\UO295662_0\cws_services_jpa\cws_services_jpa\src\test\resources
2025-06-14 17:30:55,645 [Worker-42: Building] INFO  o.a.m.s.f.DefaultMavenResourcesFiltering - Copying 2 resources from src to bin
2025-06-14 17:30:55,651 [Worker-42: Building] INFO  o.a.m.s.f.DefaultMavenResourcesFiltering - skip non existing resourceDirectory C:\Users\Usuario\Downloads\UO295662_0 (1)\UO295662_0\cws_services_jpa\cws_services_jpa\src\test\resources
2025-06-14 17:31:01,374 [Worker-47: Building] INFO  o.a.m.s.f.DefaultMavenResourcesFiltering - Copying 2 resources from src to bin
2025-06-14 17:31:01,425 [Worker-47: Building] INFO  o.a.m.s.f.DefaultMavenResourcesFiltering - skip non existing resourceDirectory C:\Users\Usuario\Downloads\UO295662_0 (1)\UO295662_0\cws_services_jpa\cws_services_jpa\src\test\resources
2025-06-14 17:31:13,543 [Worker-48: Building] INFO  o.a.m.s.f.DefaultMavenResourcesFiltering - Copying 2 resources from src to bin
2025-06-14 17:31:13,546 [Worker-48: Building] INFO  o.a.m.s.f.DefaultMavenResourcesFiltering - skip non existing resourceDirectory C:\Users\Usuario\Downloads\UO295662_0 (1)\UO295662_0\cws_services_jpa\cws_services_jpa\src\test\resources
2025-06-14 17:31:17,922 [Worker-46: Building] INFO  o.a.m.s.f.DefaultMavenResourcesFiltering - Copying 2 resources from src to bin
2025-06-14 17:31:17,924 [Worker-46: Building] INFO  o.a.m.s.f.DefaultMavenResourcesFiltering - skip non existing resourceDirectory C:\Users\Usuario\Downloads\UO295662_0 (1)\UO295662_0\cws_services_jpa\cws_services_jpa\src\test\resources
2025-06-14 17:31:30,089 [Worker-47: Launching RunCucumberTests_0] INFO  o.e.m.c.i.p.WorkspaceClassifierResolverManager - Resolving P/cws_services_jpa: uo.ri:cws_services_jpa:0.0.1-SNAPSHOT with classifier null to /cws_services_jpa/bin
2025-06-14 17:31:30,091 [Worker-47: Launching RunCucumberTests_0] INFO  o.e.m.c.i.p.WorkspaceClassifierResolverManager - Resolving P/cws_util: uo.ri:cws_util:0.0.1-SNAPSHOT with classifier null to /cws_util/bin
2025-06-14 17:31:30,242 [Worker-47: Launching RunCucumberTests_0] INFO  o.e.m.c.i.p.WorkspaceClassifierResolverManager - Resolving P/cws_services_jpa: uo.ri:cws_services_jpa:0.0.1-SNAPSHOT with classifier null to /cws_services_jpa/bin
2025-06-14 17:31:30,243 [Worker-47: Launching RunCucumberTests_0] INFO  o.e.m.c.i.p.WorkspaceClassifierResolverManager - Resolving P/cws_util: uo.ri:cws_util:0.0.1-SNAPSHOT with classifier null to /cws_util/bin
2025-06-14 17:31:54,147 [Worker-46: Launching uo.ri.cws.domain] INFO  o.e.m.c.i.p.WorkspaceClassifierResolverManager - Resolving P/cws_util: uo.ri:cws_util:0.0.1-SNAPSHOT with classifier null to /cws_util/bin
2025-06-14 17:31:54,242 [Worker-46: Launching uo.ri.cws.domain] INFO  o.e.m.c.i.p.WorkspaceClassifierResolverManager - Resolving P/cws_util: uo.ri:cws_util:0.0.1-SNAPSHOT with classifier null to /cws_util/bin
2025-06-14 17:32:00,746 [Worker-50: Launching uo.ri.cws.associations] INFO  o.e.m.c.i.p.WorkspaceClassifierResolverManager - Resolving P/cws_util: uo.ri:cws_util:0.0.1-SNAPSHOT with classifier null to /cws_util/bin
2025-06-14 17:32:00,805 [Worker-50: Launching uo.ri.cws.associations] INFO  o.e.m.c.i.p.WorkspaceClassifierResolverManager - Resolving P/cws_util: uo.ri:cws_util:0.0.1-SNAPSHOT with classifier null to /cws_util/bin
2025-06-14 17:37:22,981 [Worker-42: Building] INFO  o.a.m.s.f.DefaultMavenResourcesFiltering - Copying 2 resources from src to bin
2025-06-14 17:37:22,991 [Worker-42: Building] INFO  o.a.m.s.f.DefaultMavenResourcesFiltering - skip non existing resourceDirectory C:\Users\Usuario\Downloads\UO295662_0 (1)\UO295662_0\cws_services_jpa\cws_services_jpa\src\test\resources
2025-06-14 17:37:43,270 [Worker-53: Building] INFO  o.a.m.s.f.DefaultMavenResourcesFiltering - Copying 2 resources from src to bin
2025-06-14 17:37:43,273 [Worker-53: Building] INFO  o.a.m.s.f.DefaultMavenResourcesFiltering - skip non existing resourceDirectory C:\Users\Usuario\Downloads\UO295662_0 (1)\UO295662_0\cws_services_jpa\cws_services_jpa\src\test\resources
2025-06-14 17:37:51,687 [Worker-53: Building] INFO  o.a.m.s.f.DefaultMavenResourcesFiltering - Copying 2 resources from src to bin
2025-06-14 17:37:51,692 [Worker-53: Building] INFO  o.a.m.s.f.DefaultMavenResourcesFiltering - skip non existing resourceDirectory C:\Users\Usuario\Downloads\UO295662_0 (1)\UO295662_0\cws_services_jpa\cws_services_jpa\src\test\resources
2025-06-14 17:37:59,677 [Worker-53: Building] INFO  o.a.m.s.f.DefaultMavenResourcesFiltering - Copying 2 resources from src to bin
2025-06-14 17:37:59,680 [Worker-53: Building] INFO  o.a.m.s.f.DefaultMavenResourcesFiltering - skip non existing resourceDirectory C:\Users\Usuario\Downloads\UO295662_0 (1)\UO295662_0\cws_services_jpa\cws_services_jpa\src\test\resources
2025-06-14 17:38:04,659 [Worker-52: Building] INFO  o.a.m.s.f.DefaultMavenResourcesFiltering - Copying 2 resources from src to bin
2025-06-14 17:38:04,666 [Worker-52: Building] INFO  o.a.m.s.f.DefaultMavenResourcesFiltering - skip non existing resourceDirectory C:\Users\Usuario\Downloads\UO295662_0 (1)\UO295662_0\cws_services_jpa\cws_services_jpa\src\test\resources
2025-06-14 17:38:36,760 [Worker-46: Building] INFO  o.a.m.s.f.DefaultMavenResourcesFiltering - Copying 1 resource from src to bin
2025-06-14 17:38:36,767 [Worker-46: Building] INFO  o.a.m.s.f.DefaultMavenResourcesFiltering - skip non existing resourceDirectory C:\Users\Usuario\Downloads\UO295662_0 (1)\UO295662_0\cws_services_jpa\cws_services_jpa\src\test\resources
2025-06-14 17:53:18,570 [Worker-46: Building] INFO  o.a.m.s.f.DefaultMavenResourcesFiltering - Copying 2 resources from src to bin
2025-06-14 17:53:18,595 [Worker-46: Building] INFO  o.a.m.s.f.DefaultMavenResourcesFiltering - skip non existing resourceDirectory C:\Users\Usuario\Downloads\UO295662_0 (1)\UO295662_0\cws_services_jpa\cws_services_jpa\src\test\resources
2025-06-14 17:53:21,746 [Worker-56: Building] INFO  o.a.m.s.f.DefaultMavenResourcesFiltering - Copying 2 resources from src to bin
2025-06-14 17:53:21,751 [Worker-56: Building] INFO  o.a.m.s.f.DefaultMavenResourcesFiltering - skip non existing resourceDirectory C:\Users\Usuario\Downloads\UO295662_0 (1)\UO295662_0\cws_services_jpa\cws_services_jpa\src\test\resources
2025-06-14 17:53:45,542 [Worker-57: Building] INFO  o.a.m.s.f.DefaultMavenResourcesFiltering - Copying 2 resources from src to bin
2025-06-14 17:53:45,546 [Worker-57: Building] INFO  o.a.m.s.f.DefaultMavenResourcesFiltering - skip non existing resourceDirectory C:\Users\Usuario\Downloads\UO295662_0 (1)\UO295662_0\cws_services_jpa\cws_services_jpa\src\test\resources
2025-06-14 17:53:47,762 [Worker-51: Building] INFO  o.a.m.s.f.DefaultMavenResourcesFiltering - Copying 2 resources from src to bin
2025-06-14 17:53:47,766 [Worker-51: Building] INFO  o.a.m.s.f.DefaultMavenResourcesFiltering - skip non existing resourceDirectory C:\Users\Usuario\Downloads\UO295662_0 (1)\UO295662_0\cws_services_jpa\cws_services_jpa\src\test\resources
2025-06-14 17:54:02,140 [Worker-58: Building] INFO  o.a.m.s.f.DefaultMavenResourcesFiltering - Copying 2 resources from src to bin
2025-06-14 17:54:02,147 [Worker-58: Building] INFO  o.a.m.s.f.DefaultMavenResourcesFiltering - skip non existing resourceDirectory C:\Users\Usuario\Downloads\UO295662_0 (1)\UO295662_0\cws_services_jpa\cws_services_jpa\src\test\resources
2025-06-14 17:54:15,634 [Worker-57: Building] INFO  o.a.m.s.f.DefaultMavenResourcesFiltering - Copying 2 resources from src to bin
2025-06-14 17:54:15,636 [Worker-57: Building] INFO  o.a.m.s.f.DefaultMavenResourcesFiltering - skip non existing resourceDirectory C:\Users\Usuario\Downloads\UO295662_0 (1)\UO295662_0\cws_services_jpa\cws_services_jpa\src\test\resources
2025-06-14 18:32:03,774 [Worker-57: Building] INFO  o.a.m.s.f.DefaultMavenResourcesFiltering - Copying 1 resource from src to bin
2025-06-14 18:32:03,794 [Worker-57: Building] INFO  o.a.m.s.f.DefaultMavenResourcesFiltering - skip non existing resourceDirectory C:\Users\Usuario\Downloads\UO295662_0 (1)\UO295662_0\cws_services_jpa\cws_services_jpa\src\test\resources
2025-06-14 18:32:09,282 [Worker-57: Building] INFO  o.a.m.s.f.DefaultMavenResourcesFiltering - Copying 1 resource from src to bin
2025-06-14 18:32:09,288 [Worker-57: Building] INFO  o.a.m.s.f.DefaultMavenResourcesFiltering - skip non existing resourceDirectory C:\Users\Usuario\Downloads\UO295662_0 (1)\UO295662_0\cws_services_jpa\cws_services_jpa\src\test\resources
2025-06-14 18:34:00,052 [Worker-68: Building] INFO  o.a.m.s.f.DefaultMavenResourcesFiltering - Copying 2 resources from src to bin
2025-06-14 18:34:00,058 [Worker-68: Building] INFO  o.a.m.s.f.DefaultMavenResourcesFiltering - skip non existing resourceDirectory C:\Users\Usuario\Downloads\UO295662_0 (1)\UO295662_0\cws_services_jpa\cws_services_jpa\src\test\resources
2025-06-14 18:34:04,680 [Worker-68: Building] INFO  o.a.m.s.f.DefaultMavenResourcesFiltering - Copying 2 resources from src to bin
2025-06-14 18:34:04,686 [Worker-68: Building] INFO  o.a.m.s.f.DefaultMavenResourcesFiltering - skip non existing resourceDirectory C:\Users\Usuario\Downloads\UO295662_0 (1)\UO295662_0\cws_services_jpa\cws_services_jpa\src\test\resources
2025-06-14 18:34:23,865 [Worker-71: Building] INFO  o.a.m.s.f.DefaultMavenResourcesFiltering - Copying 2 resources from src to bin
2025-06-14 18:34:23,868 [Worker-71: Building] INFO  o.a.m.s.f.DefaultMavenResourcesFiltering - skip non existing resourceDirectory C:\Users\Usuario\Downloads\UO295662_0 (1)\UO295662_0\cws_services_jpa\cws_services_jpa\src\test\resources
2025-06-14 18:34:27,272 [Worker-68: Building] INFO  o.a.m.s.f.DefaultMavenResourcesFiltering - Copying 2 resources from src to bin
2025-06-14 18:34:27,275 [Worker-68: Building] INFO  o.a.m.s.f.DefaultMavenResourcesFiltering - skip non existing resourceDirectory C:\Users\Usuario\Downloads\UO295662_0 (1)\UO295662_0\cws_services_jpa\cws_services_jpa\src\test\resources
2025-06-14 18:35:32,670 [Worker-64: Building] INFO  o.a.m.s.f.DefaultMavenResourcesFiltering - Copying 2 resources from src to bin
2025-06-14 18:35:32,672 [Worker-64: Building] INFO  o.a.m.s.f.DefaultMavenResourcesFiltering - skip non existing resourceDirectory C:\Users\Usuario\Downloads\UO295662_0 (1)\UO295662_0\cws_services_jpa\cws_services_jpa\src\test\resources
2025-06-14 18:35:37,378 [Worker-70: Building] INFO  o.a.m.s.f.DefaultMavenResourcesFiltering - Copying 2 resources from src to bin
2025-06-14 18:35:37,382 [Worker-70: Building] INFO  o.a.m.s.f.DefaultMavenResourcesFiltering - skip non existing resourceDirectory C:\Users\Usuario\Downloads\UO295662_0 (1)\UO295662_0\cws_services_jpa\cws_services_jpa\src\test\resources
2025-06-14 18:35:57,238 [Worker-66: Building] INFO  o.a.m.s.f.DefaultMavenResourcesFiltering - Copying 2 resources from src to bin
2025-06-14 18:35:57,240 [Worker-66: Building] INFO  o.a.m.s.f.DefaultMavenResourcesFiltering - skip non existing resourceDirectory C:\Users\Usuario\Downloads\UO295662_0 (1)\UO295662_0\cws_services_jpa\cws_services_jpa\src\test\resources
2025-06-14 18:36:04,316 [Worker-57: Building] INFO  o.a.m.s.f.DefaultMavenResourcesFiltering - Copying 2 resources from src to bin
2025-06-14 18:36:04,319 [Worker-57: Building] INFO  o.a.m.s.f.DefaultMavenResourcesFiltering - skip non existing resourceDirectory C:\Users\Usuario\Downloads\UO295662_0 (1)\UO295662_0\cws_services_jpa\cws_services_jpa\src\test\resources
2025-06-14 18:36:18,800 [Worker-71: Launching uo.ri.cws] INFO  o.e.m.c.i.p.WorkspaceClassifierResolverManager - Resolving P/cws_util: uo.ri:cws_util:0.0.1-SNAPSHOT with classifier null to /cws_util/bin
2025-06-14 18:36:18,869 [Worker-71: Launching uo.ri.cws] INFO  o.e.m.c.i.p.WorkspaceClassifierResolverManager - Resolving P/cws_util: uo.ri:cws_util:0.0.1-SNAPSHOT with classifier null to /cws_util/bin
2025-06-14 18:40:11,442 [Worker-71: Building] INFO  o.a.m.s.f.DefaultMavenResourcesFiltering - Copying 2 resources from src to bin
2025-06-14 18:40:11,445 [Worker-71: Building] INFO  o.a.m.s.f.DefaultMavenResourcesFiltering - skip non existing resourceDirectory C:\Users\Usuario\Downloads\UO295662_0 (1)\UO295662_0\cws_services_jpa\cws_services_jpa\src\test\resources
2025-06-14 18:40:13,025 [Worker-71: Building] INFO  o.a.m.s.f.DefaultMavenResourcesFiltering - Copying 2 resources from src to bin
2025-06-14 18:40:13,028 [Worker-71: Building] INFO  o.a.m.s.f.DefaultMavenResourcesFiltering - skip non existing resourceDirectory C:\Users\Usuario\Downloads\UO295662_0 (1)\UO295662_0\cws_services_jpa\cws_services_jpa\src\test\resources
2025-06-14 18:40:27,272 [Worker-70: Building] INFO  o.a.m.s.f.DefaultMavenResourcesFiltering - Copying 2 resources from src to bin
2025-06-14 18:40:27,276 [Worker-70: Building] INFO  o.a.m.s.f.DefaultMavenResourcesFiltering - skip non existing resourceDirectory C:\Users\Usuario\Downloads\UO295662_0 (1)\UO295662_0\cws_services_jpa\cws_services_jpa\src\test\resources
2025-06-14 18:40:29,983 [Worker-64: Building] INFO  o.a.m.s.f.DefaultMavenResourcesFiltering - Copying 2 resources from src to bin
2025-06-14 18:40:29,986 [Worker-64: Building] INFO  o.a.m.s.f.DefaultMavenResourcesFiltering - skip non existing resourceDirectory C:\Users\Usuario\Downloads\UO295662_0 (1)\UO295662_0\cws_services_jpa\cws_services_jpa\src\test\resources
2025-06-14 18:42:09,890 [Worker-69: Building] INFO  o.a.m.s.f.DefaultMavenResourcesFiltering - Copying 2 resources from src to bin
2025-06-14 18:42:09,893 [Worker-69: Building] INFO  o.a.m.s.f.DefaultMavenResourcesFiltering - skip non existing resourceDirectory C:\Users\Usuario\Downloads\UO295662_0 (1)\UO295662_0\cws_services_jpa\cws_services_jpa\src\test\resources
2025-06-14 18:42:23,443 [Worker-77: Building] INFO  o.a.m.s.f.DefaultMavenResourcesFiltering - Copying 2 resources from src to bin
2025-06-14 18:42:23,446 [Worker-77: Building] INFO  o.a.m.s.f.DefaultMavenResourcesFiltering - skip non existing resourceDirectory C:\Users\Usuario\Downloads\UO295662_0 (1)\UO295662_0\cws_services_jpa\cws_services_jpa\src\test\resources
2025-06-14 18:42:27,884 [Worker-75: Building] INFO  o.a.m.s.f.DefaultMavenResourcesFiltering - Copying 2 resources from src to bin
2025-06-14 18:42:27,886 [Worker-75: Building] INFO  o.a.m.s.f.DefaultMavenResourcesFiltering - skip non existing resourceDirectory C:\Users\Usuario\Downloads\UO295662_0 (1)\UO295662_0\cws_services_jpa\cws_services_jpa\src\test\resources
2025-06-14 18:42:36,798 [Worker-76: Building] INFO  o.a.m.s.f.DefaultMavenResourcesFiltering - Copying 2 resources from src to bin
2025-06-14 18:42:36,803 [Worker-76: Building] INFO  o.a.m.s.f.DefaultMavenResourcesFiltering - skip non existing resourceDirectory C:\Users\Usuario\Downloads\UO295662_0 (1)\UO295662_0\cws_services_jpa\cws_services_jpa\src\test\resources
2025-06-14 18:42:37,952 [Worker-73: Building] INFO  o.a.m.s.f.DefaultMavenResourcesFiltering - Copying 2 resources from src to bin
2025-06-14 18:42:37,954 [Worker-73: Building] INFO  o.a.m.s.f.DefaultMavenResourcesFiltering - skip non existing resourceDirectory C:\Users\Usuario\Downloads\UO295662_0 (1)\UO295662_0\cws_services_jpa\cws_services_jpa\src\test\resources
2025-06-14 18:42:45,189 [Worker-79: Building] INFO  o.a.m.s.f.DefaultMavenResourcesFiltering - Copying 2 resources from src to bin
2025-06-14 18:42:45,193 [Worker-79: Building] INFO  o.a.m.s.f.DefaultMavenResourcesFiltering - skip non existing resourceDirectory C:\Users\Usuario\Downloads\UO295662_0 (1)\UO295662_0\cws_services_jpa\cws_services_jpa\src\test\resources
2025-06-14 18:42:47,611 [Worker-73: Building] INFO  o.a.m.s.f.DefaultMavenResourcesFiltering - Copying 2 resources from src to bin
2025-06-14 18:42:47,614 [Worker-73: Building] INFO  o.a.m.s.f.DefaultMavenResourcesFiltering - skip non existing resourceDirectory C:\Users\Usuario\Downloads\UO295662_0 (1)\UO295662_0\cws_services_jpa\cws_services_jpa\src\test\resources
2025-06-14 18:42:55,090 [Worker-73: Building] INFO  o.a.m.s.f.DefaultMavenResourcesFiltering - Copying 2 resources from src to bin
2025-06-14 18:42:55,095 [Worker-73: Building] INFO  o.a.m.s.f.DefaultMavenResourcesFiltering - skip non existing resourceDirectory C:\Users\Usuario\Downloads\UO295662_0 (1)\UO295662_0\cws_services_jpa\cws_services_jpa\src\test\resources
2025-06-14 18:42:57,941 [Worker-71: Building] INFO  o.a.m.s.f.DefaultMavenResourcesFiltering - Copying 2 resources from src to bin
2025-06-14 18:42:57,943 [Worker-71: Building] INFO  o.a.m.s.f.DefaultMavenResourcesFiltering - skip non existing resourceDirectory C:\Users\Usuario\Downloads\UO295662_0 (1)\UO295662_0\cws_services_jpa\cws_services_jpa\src\test\resources
2025-06-14 18:46:11,359 [Worker-73: Building] INFO  o.a.m.s.f.DefaultMavenResourcesFiltering - Copying 2 resources from src to bin
2025-06-14 18:46:11,362 [Worker-73: Building] INFO  o.a.m.s.f.DefaultMavenResourcesFiltering - skip non existing resourceDirectory C:\Users\Usuario\Downloads\UO295662_0 (1)\UO295662_0\cws_services_jpa\cws_services_jpa\src\test\resources
2025-06-14 18:46:13,434 [Worker-77: Building] INFO  o.a.m.s.f.DefaultMavenResourcesFiltering - Copying 2 resources from src to bin
2025-06-14 18:46:13,436 [Worker-77: Building] INFO  o.a.m.s.f.DefaultMavenResourcesFiltering - skip non existing resourceDirectory C:\Users\Usuario\Downloads\UO295662_0 (1)\UO295662_0\cws_services_jpa\cws_services_jpa\src\test\resources
2025-06-14 18:46:31,772 [Worker-73: Building] INFO  o.a.m.s.f.DefaultMavenResourcesFiltering - Copying 2 resources from src to bin
2025-06-14 18:46:31,774 [Worker-73: Building] INFO  o.a.m.s.f.DefaultMavenResourcesFiltering - skip non existing resourceDirectory C:\Users\Usuario\Downloads\UO295662_0 (1)\UO295662_0\cws_services_jpa\cws_services_jpa\src\test\resources
2025-06-14 18:46:33,940 [Worker-71: Building] INFO  o.a.m.s.f.DefaultMavenResourcesFiltering - Copying 2 resources from src to bin
2025-06-14 18:46:33,945 [Worker-71: Building] INFO  o.a.m.s.f.DefaultMavenResourcesFiltering - skip non existing resourceDirectory C:\Users\Usuario\Downloads\UO295662_0 (1)\UO295662_0\cws_services_jpa\cws_services_jpa\src\test\resources
2025-06-14 18:46:55,035 [Worker-84: Building] INFO  o.a.m.s.f.DefaultMavenResourcesFiltering - Copying 2 resources from src to bin
2025-06-14 18:46:55,038 [Worker-84: Building] INFO  o.a.m.s.f.DefaultMavenResourcesFiltering - skip non existing resourceDirectory C:\Users\Usuario\Downloads\UO295662_0 (1)\UO295662_0\cws_services_jpa\cws_services_jpa\src\test\resources
2025-06-14 18:46:56,188 [Worker-71: Building] INFO  o.a.m.s.f.DefaultMavenResourcesFiltering - Copying 2 resources from src to bin
2025-06-14 18:46:56,190 [Worker-71: Building] INFO  o.a.m.s.f.DefaultMavenResourcesFiltering - skip non existing resourceDirectory C:\Users\Usuario\Downloads\UO295662_0 (1)\UO295662_0\cws_services_jpa\cws_services_jpa\src\test\resources
2025-06-14 18:47:10,195 [Worker-79: Building] INFO  o.a.m.s.f.DefaultMavenResourcesFiltering - Copying 2 resources from src to bin
2025-06-14 18:47:10,197 [Worker-79: Building] INFO  o.a.m.s.f.DefaultMavenResourcesFiltering - skip non existing resourceDirectory C:\Users\Usuario\Downloads\UO295662_0 (1)\UO295662_0\cws_services_jpa\cws_services_jpa\src\test\resources
2025-06-14 18:47:14,169 [Worker-83: Building] INFO  o.a.m.s.f.DefaultMavenResourcesFiltering - Copying 2 resources from src to bin
2025-06-14 18:47:14,172 [Worker-83: Building] INFO  o.a.m.s.f.DefaultMavenResourcesFiltering - skip non existing resourceDirectory C:\Users\Usuario\Downloads\UO295662_0 (1)\UO295662_0\cws_services_jpa\cws_services_jpa\src\test\resources
2025-06-14 18:47:28,389 [Worker-81: Building] INFO  o.a.m.s.f.DefaultMavenResourcesFiltering - Copying 2 resources from src to bin
2025-06-14 18:47:28,392 [Worker-81: Building] INFO  o.a.m.s.f.DefaultMavenResourcesFiltering - skip non existing resourceDirectory C:\Users\Usuario\Downloads\UO295662_0 (1)\UO295662_0\cws_services_jpa\cws_services_jpa\src\test\resources
2025-06-14 18:48:21,303 [Worker-79: Building] INFO  o.a.m.s.f.DefaultMavenResourcesFiltering - Copying 2 resources from src to bin
2025-06-14 18:48:21,305 [Worker-79: Building] INFO  o.a.m.s.f.DefaultMavenResourcesFiltering - skip non existing resourceDirectory C:\Users\Usuario\Downloads\UO295662_0 (1)\UO295662_0\cws_services_jpa\cws_services_jpa\src\test\resources
2025-06-14 18:48:29,324 [Worker-84: Building] INFO  o.a.m.s.f.DefaultMavenResourcesFiltering - Copying 2 resources from src to bin
2025-06-14 18:48:29,331 [Worker-84: Building] INFO  o.a.m.s.f.DefaultMavenResourcesFiltering - skip non existing resourceDirectory C:\Users\Usuario\Downloads\UO295662_0 (1)\UO295662_0\cws_services_jpa\cws_services_jpa\src\test\resources
2025-06-14 18:48:36,457 [Worker-79: Building] INFO  o.a.m.s.f.DefaultMavenResourcesFiltering - Copying 2 resources from src to bin
2025-06-14 18:48:36,459 [Worker-79: Building] INFO  o.a.m.s.f.DefaultMavenResourcesFiltering - skip non existing resourceDirectory C:\Users\Usuario\Downloads\UO295662_0 (1)\UO295662_0\cws_services_jpa\cws_services_jpa\src\test\resources
2025-06-14 18:48:54,446 [Worker-75: Building] INFO  o.a.m.s.f.DefaultMavenResourcesFiltering - Copying 2 resources from src to bin
2025-06-14 18:48:54,450 [Worker-75: Building] INFO  o.a.m.s.f.DefaultMavenResourcesFiltering - skip non existing resourceDirectory C:\Users\Usuario\Downloads\UO295662_0 (1)\UO295662_0\cws_services_jpa\cws_services_jpa\src\test\resources
2025-06-14 18:49:05,726 [Worker-77: Building] INFO  o.a.m.s.f.DefaultMavenResourcesFiltering - Copying 2 resources from src to bin
2025-06-14 18:49:05,729 [Worker-77: Building] INFO  o.a.m.s.f.DefaultMavenResourcesFiltering - skip non existing resourceDirectory C:\Users\Usuario\Downloads\UO295662_0 (1)\UO295662_0\cws_services_jpa\cws_services_jpa\src\test\resources
2025-06-14 18:49:09,127 [Worker-73: Building] INFO  o.a.m.s.f.DefaultMavenResourcesFiltering - Copying 2 resources from src to bin
2025-06-14 18:49:09,129 [Worker-73: Building] INFO  o.a.m.s.f.DefaultMavenResourcesFiltering - skip non existing resourceDirectory C:\Users\Usuario\Downloads\UO295662_0 (1)\UO295662_0\cws_services_jpa\cws_services_jpa\src\test\resources
2025-06-14 18:49:24,987 [Worker-73: Building] INFO  o.a.m.s.f.DefaultMavenResourcesFiltering - Copying 2 resources from src to bin
2025-06-14 18:49:24,990 [Worker-73: Building] INFO  o.a.m.s.f.DefaultMavenResourcesFiltering - skip non existing resourceDirectory C:\Users\Usuario\Downloads\UO295662_0 (1)\UO295662_0\cws_services_jpa\cws_services_jpa\src\test\resources
2025-06-14 18:49:28,695 [Worker-81: Building] INFO  o.a.m.s.f.DefaultMavenResourcesFiltering - Copying 2 resources from src to bin
2025-06-14 18:49:28,697 [Worker-81: Building] INFO  o.a.m.s.f.DefaultMavenResourcesFiltering - skip non existing resourceDirectory C:\Users\Usuario\Downloads\UO295662_0 (1)\UO295662_0\cws_services_jpa\cws_services_jpa\src\test\resources
2025-06-14 18:49:46,280 [Worker-71: Building] INFO  o.a.m.s.f.DefaultMavenResourcesFiltering - Copying 2 resources from src to bin
2025-06-14 18:49:46,286 [Worker-71: Building] INFO  o.a.m.s.f.DefaultMavenResourcesFiltering - skip non existing resourceDirectory C:\Users\Usuario\Downloads\UO295662_0 (1)\UO295662_0\cws_services_jpa\cws_services_jpa\src\test\resources
2025-06-14 18:49:53,813 [Worker-83: Building] INFO  o.a.m.s.f.DefaultMavenResourcesFiltering - Copying 2 resources from src to bin
2025-06-14 18:49:53,816 [Worker-83: Building] INFO  o.a.m.s.f.DefaultMavenResourcesFiltering - skip non existing resourceDirectory C:\Users\Usuario\Downloads\UO295662_0 (1)\UO295662_0\cws_services_jpa\cws_services_jpa\src\test\resources
2025-06-14 18:50:07,786 [Worker-79: Building] INFO  o.a.m.s.f.DefaultMavenResourcesFiltering - Copying 2 resources from src to bin
2025-06-14 18:50:07,788 [Worker-79: Building] INFO  o.a.m.s.f.DefaultMavenResourcesFiltering - skip non existing resourceDirectory C:\Users\Usuario\Downloads\UO295662_0 (1)\UO295662_0\cws_services_jpa\cws_services_jpa\src\test\resources
2025-06-14 18:50:40,631 [Worker-79: Building] INFO  o.a.m.s.f.DefaultMavenResourcesFiltering - Copying 2 resources from src to bin
2025-06-14 18:50:40,634 [Worker-79: Building] INFO  o.a.m.s.f.DefaultMavenResourcesFiltering - skip non existing resourceDirectory C:\Users\Usuario\Downloads\UO295662_0 (1)\UO295662_0\cws_services_jpa\cws_services_jpa\src\test\resources
2025-06-14 18:53:16,998 [Worker-73: Building] INFO  o.a.m.s.f.DefaultMavenResourcesFiltering - Copying 2 resources from src to bin
2025-06-14 18:53:17,003 [Worker-73: Building] INFO  o.a.m.s.f.DefaultMavenResourcesFiltering - skip non existing resourceDirectory C:\Users\Usuario\Downloads\UO295662_0 (1)\UO295662_0\cws_services_jpa\cws_services_jpa\src\test\resources
2025-06-14 18:53:21,048 [Worker-82: Building] INFO  o.a.m.s.f.DefaultMavenResourcesFiltering - Copying 2 resources from src to bin
2025-06-14 18:53:21,051 [Worker-82: Building] INFO  o.a.m.s.f.DefaultMavenResourcesFiltering - skip non existing resourceDirectory C:\Users\Usuario\Downloads\UO295662_0 (1)\UO295662_0\cws_services_jpa\cws_services_jpa\src\test\resources
2025-06-14 18:53:29,021 [Worker-82: Building] INFO  o.a.m.s.f.DefaultMavenResourcesFiltering - Copying 2 resources from src to bin
2025-06-14 18:53:29,023 [Worker-82: Building] INFO  o.a.m.s.f.DefaultMavenResourcesFiltering - skip non existing resourceDirectory C:\Users\Usuario\Downloads\UO295662_0 (1)\UO295662_0\cws_services_jpa\cws_services_jpa\src\test\resources
2025-06-14 18:53:31,424 [Worker-82: Building] INFO  o.a.m.s.f.DefaultMavenResourcesFiltering - Copying 2 resources from src to bin
2025-06-14 18:53:31,427 [Worker-82: Building] INFO  o.a.m.s.f.DefaultMavenResourcesFiltering - skip non existing resourceDirectory C:\Users\Usuario\Downloads\UO295662_0 (1)\UO295662_0\cws_services_jpa\cws_services_jpa\src\test\resources
2025-06-14 18:53:37,797 [Worker-71: Building] INFO  o.a.m.s.f.DefaultMavenResourcesFiltering - Copying 2 resources from src to bin
2025-06-14 18:53:37,799 [Worker-71: Building] INFO  o.a.m.s.f.DefaultMavenResourcesFiltering - skip non existing resourceDirectory C:\Users\Usuario\Downloads\UO295662_0 (1)\UO295662_0\cws_services_jpa\cws_services_jpa\src\test\resources
2025-06-14 18:53:41,473 [Worker-82: Building] INFO  o.a.m.s.f.DefaultMavenResourcesFiltering - Copying 2 resources from src to bin
2025-06-14 18:53:41,475 [Worker-82: Building] INFO  o.a.m.s.f.DefaultMavenResourcesFiltering - skip non existing resourceDirectory C:\Users\Usuario\Downloads\UO295662_0 (1)\UO295662_0\cws_services_jpa\cws_services_jpa\src\test\resources
2025-06-14 18:53:58,320 [Worker-73: Building] INFO  o.a.m.s.f.DefaultMavenResourcesFiltering - Copying 2 resources from src to bin
2025-06-14 18:53:58,322 [Worker-73: Building] INFO  o.a.m.s.f.DefaultMavenResourcesFiltering - skip non existing resourceDirectory C:\Users\Usuario\Downloads\UO295662_0 (1)\UO295662_0\cws_services_jpa\cws_services_jpa\src\test\resources
2025-06-14 18:54:25,539 [Worker-87: Building] INFO  o.a.m.s.f.DefaultMavenResourcesFiltering - Copying 2 resources from src to bin
2025-06-14 18:54:25,543 [Worker-87: Building] INFO  o.a.m.s.f.DefaultMavenResourcesFiltering - skip non existing resourceDirectory C:\Users\Usuario\Downloads\UO295662_0 (1)\UO295662_0\cws_services_jpa\cws_services_jpa\src\test\resources
2025-06-14 18:54:32,989 [Worker-86: Building] INFO  o.a.m.s.f.DefaultMavenResourcesFiltering - Copying 2 resources from src to bin
2025-06-14 18:54:32,996 [Worker-86: Building] INFO  o.a.m.s.f.DefaultMavenResourcesFiltering - skip non existing resourceDirectory C:\Users\Usuario\Downloads\UO295662_0 (1)\UO295662_0\cws_services_jpa\cws_services_jpa\src\test\resources
2025-06-14 18:54:34,220 [Worker-87: Building] INFO  o.a.m.s.f.DefaultMavenResourcesFiltering - Copying 2 resources from src to bin
2025-06-14 18:54:34,223 [Worker-87: Building] INFO  o.a.m.s.f.DefaultMavenResourcesFiltering - skip non existing resourceDirectory C:\Users\Usuario\Downloads\UO295662_0 (1)\UO295662_0\cws_services_jpa\cws_services_jpa\src\test\resources
2025-06-14 18:54:49,860 [Worker-87: Building] INFO  o.a.m.s.f.DefaultMavenResourcesFiltering - Copying 2 resources from src to bin
2025-06-14 18:54:49,862 [Worker-87: Building] INFO  o.a.m.s.f.DefaultMavenResourcesFiltering - skip non existing resourceDirectory C:\Users\Usuario\Downloads\UO295662_0 (1)\UO295662_0\cws_services_jpa\cws_services_jpa\src\test\resources
2025-06-14 18:54:56,734 [Worker-87: Building] INFO  o.a.m.s.f.DefaultMavenResourcesFiltering - Copying 2 resources from src to bin
2025-06-14 18:54:56,736 [Worker-87: Building] INFO  o.a.m.s.f.DefaultMavenResourcesFiltering - skip non existing resourceDirectory C:\Users\Usuario\Downloads\UO295662_0 (1)\UO295662_0\cws_services_jpa\cws_services_jpa\src\test\resources
2025-06-14 18:57:01,790 [Worker-92: Building] INFO  o.a.m.s.f.DefaultMavenResourcesFiltering - Copying 2 resources from src to bin
2025-06-14 18:57:01,792 [Worker-92: Building] INFO  o.a.m.s.f.DefaultMavenResourcesFiltering - skip non existing resourceDirectory C:\Users\Usuario\Downloads\UO295662_0 (1)\UO295662_0\cws_services_jpa\cws_services_jpa\src\test\resources
2025-06-14 18:57:08,490 [Worker-88: Building] INFO  o.a.m.s.f.DefaultMavenResourcesFiltering - Copying 2 resources from src to bin
2025-06-14 18:57:08,492 [Worker-88: Building] INFO  o.a.m.s.f.DefaultMavenResourcesFiltering - skip non existing resourceDirectory C:\Users\Usuario\Downloads\UO295662_0 (1)\UO295662_0\cws_services_jpa\cws_services_jpa\src\test\resources
2025-06-14 18:57:37,668 [Worker-87: Building] INFO  o.a.m.s.f.DefaultMavenResourcesFiltering - Copying 2 resources from src to bin
2025-06-14 18:57:37,672 [Worker-87: Building] INFO  o.a.m.s.f.DefaultMavenResourcesFiltering - skip non existing resourceDirectory C:\Users\Usuario\Downloads\UO295662_0 (1)\UO295662_0\cws_services_jpa\cws_services_jpa\src\test\resources
2025-06-14 18:57:42,654 [Worker-90: Building] INFO  o.a.m.s.f.DefaultMavenResourcesFiltering - Copying 2 resources from src to bin
2025-06-14 18:57:42,657 [Worker-90: Building] INFO  o.a.m.s.f.DefaultMavenResourcesFiltering - skip non existing resourceDirectory C:\Users\Usuario\Downloads\UO295662_0 (1)\UO295662_0\cws_services_jpa\cws_services_jpa\src\test\resources
2025-06-14 18:58:00,914 [Worker-91: Building] INFO  o.a.m.s.f.DefaultMavenResourcesFiltering - Copying 2 resources from src to bin
2025-06-14 18:58:00,916 [Worker-91: Building] INFO  o.a.m.s.f.DefaultMavenResourcesFiltering - skip non existing resourceDirectory C:\Users\Usuario\Downloads\UO295662_0 (1)\UO295662_0\cws_services_jpa\cws_services_jpa\src\test\resources
2025-06-14 18:58:09,942 [Worker-92: Building] INFO  o.a.m.s.f.DefaultMavenResourcesFiltering - Copying 2 resources from src to bin
2025-06-14 18:58:09,946 [Worker-92: Building] INFO  o.a.m.s.f.DefaultMavenResourcesFiltering - skip non existing resourceDirectory C:\Users\Usuario\Downloads\UO295662_0 (1)\UO295662_0\cws_services_jpa\cws_services_jpa\src\test\resources
2025-06-14 18:58:15,088 [Worker-92: Building] INFO  o.a.m.s.f.DefaultMavenResourcesFiltering - Copying 2 resources from src to bin
2025-06-14 18:58:15,091 [Worker-92: Building] INFO  o.a.m.s.f.DefaultMavenResourcesFiltering - skip non existing resourceDirectory C:\Users\Usuario\Downloads\UO295662_0 (1)\UO295662_0\cws_services_jpa\cws_services_jpa\src\test\resources
2025-06-14 18:58:24,726 [Worker-87: Building] INFO  o.a.m.s.f.DefaultMavenResourcesFiltering - Copying 2 resources from src to bin
2025-06-14 18:58:24,729 [Worker-87: Building] INFO  o.a.m.s.f.DefaultMavenResourcesFiltering - skip non existing resourceDirectory C:\Users\Usuario\Downloads\UO295662_0 (1)\UO295662_0\cws_services_jpa\cws_services_jpa\src\test\resources
2025-06-14 18:58:33,606 [Worker-94: Building] INFO  o.a.m.s.f.DefaultMavenResourcesFiltering - Copying 2 resources from src to bin
2025-06-14 18:58:33,608 [Worker-94: Building] INFO  o.a.m.s.f.DefaultMavenResourcesFiltering - skip non existing resourceDirectory C:\Users\Usuario\Downloads\UO295662_0 (1)\UO295662_0\cws_services_jpa\cws_services_jpa\src\test\resources
2025-06-14 18:58:35,381 [Worker-88: Building] INFO  o.a.m.s.f.DefaultMavenResourcesFiltering - Copying 2 resources from src to bin
2025-06-14 18:58:35,394 [Worker-88: Building] INFO  o.a.m.s.f.DefaultMavenResourcesFiltering - skip non existing resourceDirectory C:\Users\Usuario\Downloads\UO295662_0 (1)\UO295662_0\cws_services_jpa\cws_services_jpa\src\test\resources
2025-06-14 18:58:39,589 [Worker-92: Building] INFO  o.a.m.s.f.DefaultMavenResourcesFiltering - Copying 2 resources from src to bin
2025-06-14 18:58:39,592 [Worker-92: Building] INFO  o.a.m.s.f.DefaultMavenResourcesFiltering - skip non existing resourceDirectory C:\Users\Usuario\Downloads\UO295662_0 (1)\UO295662_0\cws_services_jpa\cws_services_jpa\src\test\resources
2025-06-14 18:58:42,805 [Worker-90: Building] INFO  o.a.m.s.f.DefaultMavenResourcesFiltering - Copying 2 resources from src to bin
2025-06-14 18:58:42,808 [Worker-90: Building] INFO  o.a.m.s.f.DefaultMavenResourcesFiltering - skip non existing resourceDirectory C:\Users\Usuario\Downloads\UO295662_0 (1)\UO295662_0\cws_services_jpa\cws_services_jpa\src\test\resources
2025-06-14 18:58:47,067 [Worker-93: Building] INFO  o.a.m.s.f.DefaultMavenResourcesFiltering - Copying 2 resources from src to bin
2025-06-14 18:58:47,071 [Worker-93: Building] INFO  o.a.m.s.f.DefaultMavenResourcesFiltering - skip non existing resourceDirectory C:\Users\Usuario\Downloads\UO295662_0 (1)\UO295662_0\cws_services_jpa\cws_services_jpa\src\test\resources
2025-06-14 18:58:54,119 [Worker-90: Building] INFO  o.a.m.s.f.DefaultMavenResourcesFiltering - Copying 2 resources from src to bin
2025-06-14 18:58:54,122 [Worker-90: Building] INFO  o.a.m.s.f.DefaultMavenResourcesFiltering - skip non existing resourceDirectory C:\Users\Usuario\Downloads\UO295662_0 (1)\UO295662_0\cws_services_jpa\cws_services_jpa\src\test\resources
2025-06-14 18:58:59,219 [Worker-73: Building] INFO  o.a.m.s.f.DefaultMavenResourcesFiltering - Copying 2 resources from src to bin
2025-06-14 18:58:59,222 [Worker-73: Building] INFO  o.a.m.s.f.DefaultMavenResourcesFiltering - skip non existing resourceDirectory C:\Users\Usuario\Downloads\UO295662_0 (1)\UO295662_0\cws_services_jpa\cws_services_jpa\src\test\resources
2025-06-14 18:59:03,704 [Worker-93: Building] INFO  o.a.m.s.f.DefaultMavenResourcesFiltering - Copying 2 resources from src to bin
2025-06-14 18:59:03,706 [Worker-93: Building] INFO  o.a.m.s.f.DefaultMavenResourcesFiltering - skip non existing resourceDirectory C:\Users\Usuario\Downloads\UO295662_0 (1)\UO295662_0\cws_services_jpa\cws_services_jpa\src\test\resources
2025-06-14 18:59:05,536 [Worker-88: Building] INFO  o.a.m.s.f.DefaultMavenResourcesFiltering - Copying 2 resources from src to bin
2025-06-14 18:59:05,539 [Worker-88: Building] INFO  o.a.m.s.f.DefaultMavenResourcesFiltering - skip non existing resourceDirectory C:\Users\Usuario\Downloads\UO295662_0 (1)\UO295662_0\cws_services_jpa\cws_services_jpa\src\test\resources
2025-06-14 18:59:16,252 [Worker-93: Building] INFO  o.a.m.s.f.DefaultMavenResourcesFiltering - Copying 2 resources from src to bin
2025-06-14 18:59:16,255 [Worker-93: Building] INFO  o.a.m.s.f.DefaultMavenResourcesFiltering - skip non existing resourceDirectory C:\Users\Usuario\Downloads\UO295662_0 (1)\UO295662_0\cws_services_jpa\cws_services_jpa\src\test\resources
2025-06-14 18:59:28,226 [Worker-88: Building] INFO  o.a.m.s.f.DefaultMavenResourcesFiltering - Copying 2 resources from src to bin
2025-06-14 18:59:28,228 [Worker-88: Building] INFO  o.a.m.s.f.DefaultMavenResourcesFiltering - skip non existing resourceDirectory C:\Users\Usuario\Downloads\UO295662_0 (1)\UO295662_0\cws_services_jpa\cws_services_jpa\src\test\resources
2025-06-14 18:59:36,883 [Worker-93: Building] INFO  o.a.m.s.f.DefaultMavenResourcesFiltering - Copying 2 resources from src to bin
2025-06-14 18:59:36,886 [Worker-93: Building] INFO  o.a.m.s.f.DefaultMavenResourcesFiltering - skip non existing resourceDirectory C:\Users\Usuario\Downloads\UO295662_0 (1)\UO295662_0\cws_services_jpa\cws_services_jpa\src\test\resources
2025-06-14 18:59:43,223 [Worker-73: Building] INFO  o.a.m.s.f.DefaultMavenResourcesFiltering - Copying 2 resources from src to bin
2025-06-14 18:59:43,225 [Worker-73: Building] INFO  o.a.m.s.f.DefaultMavenResourcesFiltering - skip non existing resourceDirectory C:\Users\Usuario\Downloads\UO295662_0 (1)\UO295662_0\cws_services_jpa\cws_services_jpa\src\test\resources
2025-06-14 18:59:46,378 [Worker-88: Building] INFO  o.a.m.s.f.DefaultMavenResourcesFiltering - Copying 2 resources from src to bin
2025-06-14 18:59:46,381 [Worker-88: Building] INFO  o.a.m.s.f.DefaultMavenResourcesFiltering - skip non existing resourceDirectory C:\Users\Usuario\Downloads\UO295662_0 (1)\UO295662_0\cws_services_jpa\cws_services_jpa\src\test\resources
2025-06-14 19:00:23,511 [Worker-95: Building] INFO  o.a.m.s.f.DefaultMavenResourcesFiltering - Copying 2 resources from src to bin
2025-06-14 19:00:23,514 [Worker-95: Building] INFO  o.a.m.s.f.DefaultMavenResourcesFiltering - skip non existing resourceDirectory C:\Users\Usuario\Downloads\UO295662_0 (1)\UO295662_0\cws_services_jpa\cws_services_jpa\src\test\resources
2025-06-14 19:00:32,439 [Worker-93: Building] INFO  o.a.m.s.f.DefaultMavenResourcesFiltering - Copying 2 resources from src to bin
2025-06-14 19:00:32,441 [Worker-93: Building] INFO  o.a.m.s.f.DefaultMavenResourcesFiltering - skip non existing resourceDirectory C:\Users\Usuario\Downloads\UO295662_0 (1)\UO295662_0\cws_services_jpa\cws_services_jpa\src\test\resources
2025-06-14 19:00:44,779 [Worker-88: Building] INFO  o.a.m.s.f.DefaultMavenResourcesFiltering - Copying 2 resources from src to bin
2025-06-14 19:00:44,781 [Worker-88: Building] INFO  o.a.m.s.f.DefaultMavenResourcesFiltering - skip non existing resourceDirectory C:\Users\Usuario\Downloads\UO295662_0 (1)\UO295662_0\cws_services_jpa\cws_services_jpa\src\test\resources
2025-06-14 19:00:56,548 [Worker-95: Building] INFO  o.a.m.s.f.DefaultMavenResourcesFiltering - Copying 2 resources from src to bin
2025-06-14 19:00:56,550 [Worker-95: Building] INFO  o.a.m.s.f.DefaultMavenResourcesFiltering - skip non existing resourceDirectory C:\Users\Usuario\Downloads\UO295662_0 (1)\UO295662_0\cws_services_jpa\cws_services_jpa\src\test\resources
2025-06-14 19:01:04,733 [Worker-95: Building] INFO  o.a.m.s.f.DefaultMavenResourcesFiltering - Copying 2 resources from src to bin
2025-06-14 19:01:04,738 [Worker-95: Building] INFO  o.a.m.s.f.DefaultMavenResourcesFiltering - skip non existing resourceDirectory C:\Users\Usuario\Downloads\UO295662_0 (1)\UO295662_0\cws_services_jpa\cws_services_jpa\src\test\resources
2025-06-14 19:01:36,953 [Worker-88: Building] INFO  o.a.m.s.f.DefaultMavenResourcesFiltering - Copying 2 resources from src to bin
2025-06-14 19:01:36,957 [Worker-88: Building] INFO  o.a.m.s.f.DefaultMavenResourcesFiltering - skip non existing resourceDirectory C:\Users\Usuario\Downloads\UO295662_0 (1)\UO295662_0\cws_services_jpa\cws_services_jpa\src\test\resources
2025-06-14 19:01:51,253 [Worker-94: Building] INFO  o.a.m.s.f.DefaultMavenResourcesFiltering - Copying 2 resources from src to bin
2025-06-14 19:01:51,256 [Worker-94: Building] INFO  o.a.m.s.f.DefaultMavenResourcesFiltering - skip non existing resourceDirectory C:\Users\Usuario\Downloads\UO295662_0 (1)\UO295662_0\cws_services_jpa\cws_services_jpa\src\test\resources
2025-06-14 19:01:54,629 [Worker-87: Building] INFO  o.a.m.s.f.DefaultMavenResourcesFiltering - Copying 2 resources from src to bin
2025-06-14 19:01:54,631 [Worker-87: Building] INFO  o.a.m.s.f.DefaultMavenResourcesFiltering - skip non existing resourceDirectory C:\Users\Usuario\Downloads\UO295662_0 (1)\UO295662_0\cws_services_jpa\cws_services_jpa\src\test\resources
2025-06-14 19:02:23,947 [Worker-95: Building] INFO  o.a.m.s.f.DefaultMavenResourcesFiltering - Copying 2 resources from src to bin
2025-06-14 19:02:23,949 [Worker-95: Building] INFO  o.a.m.s.f.DefaultMavenResourcesFiltering - skip non existing resourceDirectory C:\Users\Usuario\Downloads\UO295662_0 (1)\UO295662_0\cws_services_jpa\cws_services_jpa\src\test\resources
2025-06-14 19:02:26,937 [Worker-91: Building] INFO  o.a.m.s.f.DefaultMavenResourcesFiltering - Copying 2 resources from src to bin
2025-06-14 19:02:26,939 [Worker-91: Building] INFO  o.a.m.s.f.DefaultMavenResourcesFiltering - skip non existing resourceDirectory C:\Users\Usuario\Downloads\UO295662_0 (1)\UO295662_0\cws_services_jpa\cws_services_jpa\src\test\resources
2025-06-14 19:02:36,268 [Worker-94: Building] INFO  o.a.m.s.f.DefaultMavenResourcesFiltering - Copying 2 resources from src to bin
2025-06-14 19:02:36,270 [Worker-94: Building] INFO  o.a.m.s.f.DefaultMavenResourcesFiltering - skip non existing resourceDirectory C:\Users\Usuario\Downloads\UO295662_0 (1)\UO295662_0\cws_services_jpa\cws_services_jpa\src\test\resources
2025-06-14 19:05:11,918 [Worker-87: Building] INFO  o.a.m.s.f.DefaultMavenResourcesFiltering - Copying 2 resources from src to bin
2025-06-14 19:05:11,922 [Worker-87: Building] INFO  o.a.m.s.f.DefaultMavenResourcesFiltering - skip non existing resourceDirectory C:\Users\Usuario\Downloads\UO295662_0 (1)\UO295662_0\cws_services_jpa\cws_services_jpa\src\test\resources
2025-06-14 20:57:25,561 [Worker-109: Building] INFO  o.a.m.s.f.DefaultMavenResourcesFiltering - Copying 2 resources from src to bin
2025-06-14 20:57:25,588 [Worker-109: Building] INFO  o.a.m.s.f.DefaultMavenResourcesFiltering - skip non existing resourceDirectory C:\Users\Usuario\Downloads\UO295662_0 (1)\UO295662_0\cws_services_jpa\cws_services_jpa\src\test\resources
2025-06-14 20:57:28,417 [Worker-107: Building] INFO  o.a.m.s.f.DefaultMavenResourcesFiltering - Copying 2 resources from src to bin
2025-06-14 20:57:28,422 [Worker-107: Building] INFO  o.a.m.s.f.DefaultMavenResourcesFiltering - skip non existing resourceDirectory C:\Users\Usuario\Downloads\UO295662_0 (1)\UO295662_0\cws_services_jpa\cws_services_jpa\src\test\resources
2025-06-14 20:57:34,209 [Burningwave - Resource releaser] INFO  o.b.c.a.StaticComponentContainer - (StaticComponentContainer.java:391) - ... Waiting for all tasks ending
2025-06-14 20:57:34,214 [Burningwave - Resource releaser] INFO  o.b.c.a.StaticComponentContainer - (StaticComponentContainer.java:397) - Closing all component containers
2025-06-14 20:57:34,223 [Burningwave - Resource releaser] INFO  o.b.c.a.StaticComponentContainer - (StaticComponentContainer.java:403) - Closing FileSystemHelper
2025-06-14 20:57:34,228 [Burningwave - Resource releaser] INFO  o.b.c.a.StaticComponentContainer - (StaticComponentContainer.java:409) - ... Waiting for all tasks ending before shutting down the BackgroundExecutor
2025-06-14 20:57:34,229 [Burningwave - Resource releaser] INFO  o.b.c.a.StaticComponentContainer - (StaticComponentContainer.java:414) - Shutting down BackgroundExecutor
2025-06-14 20:57:34,231 [Burningwave - Resource releaser] INFO  o.b.c.a.StaticComponentContainer - (StaticComponentContainer.java:420) - Stopping all threads monitoring thread
2025-06-14 20:57:34,231 [Burningwave - Resource releaser] INFO  o.b.c.a.StaticComponentContainer - (StaticComponentContainer.java:425) - Closing ThreadHolder
2025-06-14 20:57:34,234 [Burningwave - Resource releaser] INFO  o.b.c.a.StaticComponentContainer - (StaticComponentContainer.java:430) - Shutting down ThreadSupplier
2025-06-14 21:32:38,702 [main] INFO  o.b.c.a.StaticComponentContainer - (StaticComponentContainer.java:368) - Instantiated org.burningwave.core.SLF4JManagedLoggerRepository
2025-06-14 21:32:38,706 [main] INFO  o.b.c.a.StaticComponentContainer - (StaticComponentContainer.java:369) - 

	Configuration values for static components:

		background-executor.all-tasks-monitoring.enabled=\
			true
		background-executor.all-tasks-monitoring.interval=\
			30000
		background-executor.all-tasks-monitoring.logger.enabled=\
			false
		background-executor.all-tasks-monitoring.minimum-elapsed-time-to-consider-a-task-as-probable-dead-locked=\
			300000
		background-executor.all-tasks-monitoring.probable-dead-locked-tasks-handling.policy=\
			log only
		background-executor.queued-task-executor[0].name=\
			Low priority tasks
		background-executor.queued-task-executor[0].priority=\
			1
		background-executor.queued-task-executor[1].name=\
			Normal priority tasks
		background-executor.queued-task-executor[1].priority=\
			5
		background-executor.queued-task-executor[2].name=\
			High priority tasks
		background-executor.queued-task-executor[2].priority=\
			10
		background-executor.task-creation-tracking.enabled=\
			${background-executor.all-tasks-monitoring.enabled}
		banner.additonal-informations=\
			${Implementation-Title} ${Implementation-Version}
		banner.additonal-informations.retrieve-from-manifest-file-with-implementation-title=\
			Burningwave Core
		banner.file=\
			org/burningwave/banner.bwb
		banner.hide=\
			true
		buffer-handler.default-allocation-mode=\
			ByteBuffer::allocateDirect
		buffer-handler.default-buffer-size=\
			1024
		group-name-for-named-elements=\
			Burningwave
		iterable-object-helper.default-values-separator=\
			;
		iterable-object-helper.parallel-iteration.applicability.default-minimum-collection-size=\
			2
		iterable-object-helper.parallel-iteration.applicability.max-runtime-thread-count-threshold=\
			autodetect
		iterable-object-helper.parallel-iteration.applicability.output-collection-enabled-types=\
			java.util.concurrent.ConcurrentHashMap$CollectionView;\
			java.util.Collections$SynchronizedCollection;\
			java.util.concurrent.CopyOnWriteArrayList;\
			java.util.concurrent.CopyOnWriteArraySet;\
			java.util.concurrent.BlockingQueue;\
			java.util.concurrent.ConcurrentSkipListSet;\
			java.util.concurrent.ConcurrentSkipListMap$EntrySet;\
			java.util.concurrent.ConcurrentSkipListMap$KeySet;\
			java.util.concurrent.ConcurrentSkipListMap$Values;
		jvm.driver.init=\
			false
		managed-logger.repository=\
			autodetect
		managed-logger.repository.enabled=\
			true
		managed-logger.repository.logging.warn.disabled-for=\
			org.burningwave.core.assembler.ComponentContainer$ClassLoader;\
			org.burningwave.core.classes.MemoryClassLoader;\
			org.burningwave.core.classes.PathScannerClassLoader;
		modules.export-all-to-all=\
			true
		resource-releaser.enabled=\
			true
		synchronizer.all-threads-monitoring.enabled=\
			false
		synchronizer.all-threads-monitoring.interval=\
			90000
		thread-supplier.default-daemon-flag-value=\
			true
		thread-supplier.default-thread-priority=\
			5
		thread-supplier.max-detached-thread-count=\
			${thread-supplier.max-poolable-thread-count}
		thread-supplier.max-detached-thread-count.elapsed-time-threshold-from-last-increase-for-gradual-decreasing-to-initial-value=\
			30000
		thread-supplier.max-detached-thread-count.increasing-step=\
			autodetect
		thread-supplier.max-poolable-thread-count=\
			autodetect
		thread-supplier.poolable-thread-request-timeout=\
			6000


2025-06-14 21:32:38,709 [main] INFO  o.b.core.jvm.BufferHandler - (BufferHandler.java:127) - default buffer size: 1024 bytes
2025-06-14 21:32:38,710 [main] INFO  o.b.core.jvm.BufferHandler - (BufferHandler.java:141) - default allocation mode: ByteBuffer::allocateDirect
2025-06-14 21:32:38,717 [main] INFO  org.burningwave.core.Cache - (Cache.java:76) - Building cache
2025-06-14 21:32:38,743 [main] INFO  o.b.c.a.StaticComponentContainer - (StaticComponentContainer.java:443) - org.burningwave.core.assembler.StaticComponentContainer initialized in 0.1608468 seconds
2025-06-14 21:32:41,085 [Worker-6: Loading available Gradle versions] INFO  o.e.b.c.i.u.g.PublishedGradleVersions - Gradle version information cache is out-of-date. Trying to update.
2025-06-14 21:32:42,404 [Worker-6: Loading available Gradle versions] INFO  o.e.b.c.i.u.g.PublishedGradleVersions - Updating Gradle version information cache failed. Using outdated cache.
2025-06-14 21:40:48,496 [Worker-27: Launching RunCucumberTests_0] INFO  o.e.m.c.i.p.WorkspaceClassifierResolverManager - Resolving P/cws_services_jpa: uo.ri:cws_services_jpa:0.0.1-SNAPSHOT with classifier  to /cws_services_jpa/bin
2025-06-14 21:40:48,500 [Worker-27: Launching RunCucumberTests_0] INFO  o.e.m.c.i.p.WorkspaceClassifierResolverManager - Resolving P/cws_util: uo.ri:cws_util:0.0.1-SNAPSHOT with classifier  to /cws_util/bin
2025-06-14 21:40:48,623 [Worker-27: Launching RunCucumberTests_0] INFO  o.e.m.c.i.p.WorkspaceClassifierResolverManager - Resolving P/cws_services_jpa: uo.ri:cws_services_jpa:0.0.1-SNAPSHOT with classifier null to /cws_services_jpa/bin
2025-06-14 21:40:48,624 [Worker-27: Launching RunCucumberTests_0] INFO  o.e.m.c.i.p.WorkspaceClassifierResolverManager - Resolving P/cws_util: uo.ri:cws_util:0.0.1-SNAPSHOT with classifier null to /cws_util/bin
2025-06-14 21:40:48,714 [Worker-27: Launching RunCucumberTests_0] INFO  o.e.m.c.i.p.WorkspaceClassifierResolverManager - Resolving P/cws_services_jpa: uo.ri:cws_services_jpa:0.0.1-SNAPSHOT with classifier null to /cws_services_jpa/bin
2025-06-14 21:40:48,715 [Worker-27: Launching RunCucumberTests_0] INFO  o.e.m.c.i.p.WorkspaceClassifierResolverManager - Resolving P/cws_util: uo.ri:cws_util:0.0.1-SNAPSHOT with classifier null to /cws_util/bin
2025-06-14 21:45:55,098 [Worker-34: Building] INFO  o.e.m.c.i.p.WorkspaceClassifierResolverManager - Resolving P/cws_util: uo.ri:cws_util:0.0.1-SNAPSHOT with classifier  to /cws_util/bin
2025-06-14 21:45:56,136 [Worker-34: Building] INFO  o.a.m.s.f.DefaultMavenResourcesFiltering - Copying 2 resources from src to bin
2025-06-14 21:45:56,147 [Worker-34: Building] INFO  o.a.m.s.f.DefaultMavenResourcesFiltering - skip non existing resourceDirectory C:\Users\Usuario\Downloads\UO295662_0 (1)\UO295662_0\cws_services_jpa\cws_services_jpa\src\test\resources
2025-06-14 21:46:10,938 [Worker-31: Building] INFO  o.a.m.s.f.DefaultMavenResourcesFiltering - Copying 1 resource from src to bin
2025-06-14 21:46:10,943 [Worker-31: Building] INFO  o.a.m.s.f.DefaultMavenResourcesFiltering - skip non existing resourceDirectory C:\Users\Usuario\Downloads\UO295662_0 (1)\UO295662_0\cws_services_jpa\cws_services_jpa\src\test\resources
2025-06-14 21:46:15,647 [Worker-31: Launching RunCucumberTests_0] INFO  o.e.m.c.i.p.WorkspaceClassifierResolverManager - Resolving P/cws_services_jpa: uo.ri:cws_services_jpa:0.0.1-SNAPSHOT with classifier null to /cws_services_jpa/bin
2025-06-14 21:46:15,647 [Worker-31: Launching RunCucumberTests_0] INFO  o.e.m.c.i.p.WorkspaceClassifierResolverManager - Resolving P/cws_util: uo.ri:cws_util:0.0.1-SNAPSHOT with classifier null to /cws_util/bin
2025-06-14 21:46:15,711 [Worker-31: Launching RunCucumberTests_0] INFO  o.e.m.c.i.p.WorkspaceClassifierResolverManager - Resolving P/cws_services_jpa: uo.ri:cws_services_jpa:0.0.1-SNAPSHOT with classifier null to /cws_services_jpa/bin
2025-06-14 21:46:15,712 [Worker-31: Launching RunCucumberTests_0] INFO  o.e.m.c.i.p.WorkspaceClassifierResolverManager - Resolving P/cws_util: uo.ri:cws_util:0.0.1-SNAPSHOT with classifier null to /cws_util/bin
2025-06-14 21:58:07,012 [Worker-43: Launching RunCucumberTests_0] INFO  o.e.m.c.i.p.WorkspaceClassifierResolverManager - Resolving P/cws_services_jpa: uo.ri:cws_services_jpa:0.0.1-SNAPSHOT with classifier null to /cws_services_jpa/bin
2025-06-14 21:58:07,017 [Worker-43: Launching RunCucumberTests_0] INFO  o.e.m.c.i.p.WorkspaceClassifierResolverManager - Resolving P/cws_util: uo.ri:cws_util:0.0.1-SNAPSHOT with classifier null to /cws_util/bin
2025-06-14 21:58:07,214 [Worker-43: Launching RunCucumberTests_0] INFO  o.e.m.c.i.p.WorkspaceClassifierResolverManager - Resolving P/cws_services_jpa: uo.ri:cws_services_jpa:0.0.1-SNAPSHOT with classifier null to /cws_services_jpa/bin
2025-06-14 21:58:07,215 [Worker-43: Launching RunCucumberTests_0] INFO  o.e.m.c.i.p.WorkspaceClassifierResolverManager - Resolving P/cws_util: uo.ri:cws_util:0.0.1-SNAPSHOT with classifier null to /cws_util/bin
2025-06-14 22:01:13,762 [Worker-47: Building] INFO  o.a.m.s.f.DefaultMavenResourcesFiltering - Copying 1 resource from src to bin
2025-06-14 22:01:13,773 [Worker-47: Building] INFO  o.a.m.s.f.DefaultMavenResourcesFiltering - skip non existing resourceDirectory C:\Users\Usuario\Downloads\UO295662_0 (1)\UO295662_0\cws_services_jpa\cws_services_jpa\src\test\resources
2025-06-14 22:01:25,376 [Worker-47: Launching RunCucumberTests_0] INFO  o.e.m.c.i.p.WorkspaceClassifierResolverManager - Resolving P/cws_services_jpa: uo.ri:cws_services_jpa:0.0.1-SNAPSHOT with classifier null to /cws_services_jpa/bin
2025-06-14 22:01:25,379 [Worker-47: Launching RunCucumberTests_0] INFO  o.e.m.c.i.p.WorkspaceClassifierResolverManager - Resolving P/cws_util: uo.ri:cws_util:0.0.1-SNAPSHOT with classifier null to /cws_util/bin
2025-06-14 22:01:25,463 [Worker-47: Launching RunCucumberTests_0] INFO  o.e.m.c.i.p.WorkspaceClassifierResolverManager - Resolving P/cws_services_jpa: uo.ri:cws_services_jpa:0.0.1-SNAPSHOT with classifier null to /cws_services_jpa/bin
2025-06-14 22:01:25,464 [Worker-47: Launching RunCucumberTests_0] INFO  o.e.m.c.i.p.WorkspaceClassifierResolverManager - Resolving P/cws_util: uo.ri:cws_util:0.0.1-SNAPSHOT with classifier null to /cws_util/bin
2025-06-14 22:02:10,424 [Worker-43: Building] INFO  o.a.m.s.f.DefaultMavenResourcesFiltering - Copying 1 resource from src to bin
2025-06-14 22:02:10,430 [Worker-43: Building] INFO  o.a.m.s.f.DefaultMavenResourcesFiltering - skip non existing resourceDirectory C:\Users\Usuario\Downloads\UO295662_0 (1)\UO295662_0\cws_services_jpa\cws_services_jpa\src\test\resources
2025-06-14 22:02:15,194 [Worker-50: Launching RunCucumberTests_0] INFO  o.e.m.c.i.p.WorkspaceClassifierResolverManager - Resolving P/cws_services_jpa: uo.ri:cws_services_jpa:0.0.1-SNAPSHOT with classifier null to /cws_services_jpa/bin
2025-06-14 22:02:15,196 [Worker-50: Launching RunCucumberTests_0] INFO  o.e.m.c.i.p.WorkspaceClassifierResolverManager - Resolving P/cws_util: uo.ri:cws_util:0.0.1-SNAPSHOT with classifier null to /cws_util/bin
2025-06-14 22:02:15,307 [Worker-50: Launching RunCucumberTests_0] INFO  o.e.m.c.i.p.WorkspaceClassifierResolverManager - Resolving P/cws_services_jpa: uo.ri:cws_services_jpa:0.0.1-SNAPSHOT with classifier null to /cws_services_jpa/bin
2025-06-14 22:02:15,309 [Worker-50: Launching RunCucumberTests_0] INFO  o.e.m.c.i.p.WorkspaceClassifierResolverManager - Resolving P/cws_util: uo.ri:cws_util:0.0.1-SNAPSHOT with classifier null to /cws_util/bin
2025-06-14 22:05:36,013 [Worker-45: Launching uo.ri.cws] INFO  o.e.m.c.i.p.WorkspaceClassifierResolverManager - Resolving P/cws_util: uo.ri:cws_util:0.0.1-SNAPSHOT with classifier null to /cws_util/bin
2025-06-14 22:05:36,090 [Worker-45: Launching uo.ri.cws] INFO  o.e.m.c.i.p.WorkspaceClassifierResolverManager - Resolving P/cws_util: uo.ri:cws_util:0.0.1-SNAPSHOT with classifier null to /cws_util/bin
2025-06-14 22:12:36,019 [Worker-52: Launching uo.ri.cws] INFO  o.e.m.c.i.p.WorkspaceClassifierResolverManager - Resolving P/cws_util: uo.ri:cws_util:0.0.1-SNAPSHOT with classifier null to /cws_util/bin
2025-06-14 22:12:36,089 [Worker-52: Launching uo.ri.cws] INFO  o.e.m.c.i.p.WorkspaceClassifierResolverManager - Resolving P/cws_util: uo.ri:cws_util:0.0.1-SNAPSHOT with classifier null to /cws_util/bin
2025-06-14 22:13:55,645 [main] INFO  o.e.m.jdt.internal.UnitTestSupport - Updating uo.ri.cws.ext.domain.sparepart from maven configuration
2025-06-14 22:13:57,188 [Worker-43: Launching uo.ri.cws.ext.domain.sparepart] INFO  o.e.m.c.i.p.WorkspaceClassifierResolverManager - Resolving P/cws_util: uo.ri:cws_util:0.0.1-SNAPSHOT with classifier null to /cws_util/bin
2025-06-14 22:13:57,243 [Worker-43: Launching uo.ri.cws.ext.domain.sparepart] INFO  o.e.m.c.i.p.WorkspaceClassifierResolverManager - Resolving P/cws_util: uo.ri:cws_util:0.0.1-SNAPSHOT with classifier null to /cws_util/bin
2025-06-14 22:14:22,691 [main] INFO  o.e.m.jdt.internal.UnitTestSupport - Updating SparePartMappingTests from maven configuration
2025-06-14 22:14:22,836 [Worker-52: Launching SparePartMappingTests] INFO  o.e.m.c.i.p.WorkspaceClassifierResolverManager - Resolving P/cws_util: uo.ri:cws_util:0.0.1-SNAPSHOT with classifier null to /cws_util/bin
2025-06-14 22:14:22,891 [Worker-52: Launching SparePartMappingTests] INFO  o.e.m.c.i.p.WorkspaceClassifierResolverManager - Resolving P/cws_util: uo.ri:cws_util:0.0.1-SNAPSHOT with classifier null to /cws_util/bin
2025-06-14 22:18:47,860 [Worker-57: Launching SparePartMappingTests] INFO  o.e.m.c.i.p.WorkspaceClassifierResolverManager - Resolving P/cws_util: uo.ri:cws_util:0.0.1-SNAPSHOT with classifier null to /cws_util/bin
2025-06-14 22:18:47,907 [Worker-57: Launching SparePartMappingTests] INFO  o.e.m.c.i.p.WorkspaceClassifierResolverManager - Resolving P/cws_util: uo.ri:cws_util:0.0.1-SNAPSHOT with classifier null to /cws_util/bin
2025-06-14 22:25:44,285 [Worker-60: Launching SparePartMappingTests] INFO  o.e.m.c.i.p.WorkspaceClassifierResolverManager - Resolving P/cws_util: uo.ri:cws_util:0.0.1-SNAPSHOT with classifier null to /cws_util/bin
2025-06-14 22:25:44,386 [Worker-60: Launching SparePartMappingTests] INFO  o.e.m.c.i.p.WorkspaceClassifierResolverManager - Resolving P/cws_util: uo.ri:cws_util:0.0.1-SNAPSHOT with classifier null to /cws_util/bin
2025-06-14 22:25:44,665 [Worker-59: Launching SparePartMappingTests] INFO  o.e.m.c.i.p.WorkspaceClassifierResolverManager - Resolving P/cws_util: uo.ri:cws_util:0.0.1-SNAPSHOT with classifier null to /cws_util/bin
2025-06-14 22:25:44,802 [Worker-59: Launching SparePartMappingTests] INFO  o.e.m.c.i.p.WorkspaceClassifierResolverManager - Resolving P/cws_util: uo.ri:cws_util:0.0.1-SNAPSHOT with classifier null to /cws_util/bin
2025-06-14 22:29:54,795 [Worker-60: Building] INFO  o.a.m.s.f.DefaultMavenResourcesFiltering - Copying 2 resources from src to bin
2025-06-14 22:29:54,808 [Worker-60: Building] INFO  o.a.m.s.f.DefaultMavenResourcesFiltering - skip non existing resourceDirectory C:\Users\Usuario\Downloads\UO295662_0 (1)\UO295662_0\cws_services_jpa\cws_services_jpa\src\test\resources
2025-06-14 22:30:41,502 [Worker-59: Building] INFO  o.a.m.s.f.DefaultMavenResourcesFiltering - Copying 2 resources from src to bin
2025-06-14 22:30:41,508 [Worker-59: Building] INFO  o.a.m.s.f.DefaultMavenResourcesFiltering - skip non existing resourceDirectory C:\Users\Usuario\Downloads\UO295662_0 (1)\UO295662_0\cws_services_jpa\cws_services_jpa\src\test\resources
2025-06-14 22:31:01,152 [Worker-65: Building] INFO  o.a.m.s.f.DefaultMavenResourcesFiltering - Copying 2 resources from src to bin
2025-06-14 22:31:01,159 [Worker-65: Building] INFO  o.a.m.s.f.DefaultMavenResourcesFiltering - skip non existing resourceDirectory C:\Users\Usuario\Downloads\UO295662_0 (1)\UO295662_0\cws_services_jpa\cws_services_jpa\src\test\resources
2025-06-14 22:31:11,508 [Worker-66: Building] INFO  o.a.m.s.f.DefaultMavenResourcesFiltering - Copying 2 resources from src to bin
2025-06-14 22:31:11,513 [Worker-66: Building] INFO  o.a.m.s.f.DefaultMavenResourcesFiltering - skip non existing resourceDirectory C:\Users\Usuario\Downloads\UO295662_0 (1)\UO295662_0\cws_services_jpa\cws_services_jpa\src\test\resources
2025-06-14 22:31:47,146 [Worker-65: Building] INFO  o.a.m.s.f.DefaultMavenResourcesFiltering - Copying 2 resources from src to bin
2025-06-14 22:31:47,157 [Worker-65: Building] INFO  o.a.m.s.f.DefaultMavenResourcesFiltering - skip non existing resourceDirectory C:\Users\Usuario\Downloads\UO295662_0 (1)\UO295662_0\cws_services_jpa\cws_services_jpa\src\test\resources
2025-06-14 22:32:02,668 [Worker-64: Building] INFO  o.a.m.s.f.DefaultMavenResourcesFiltering - Copying 2 resources from src to bin
2025-06-14 22:32:02,679 [Worker-64: Building] INFO  o.a.m.s.f.DefaultMavenResourcesFiltering - skip non existing resourceDirectory C:\Users\Usuario\Downloads\UO295662_0 (1)\UO295662_0\cws_services_jpa\cws_services_jpa\src\test\resources
2025-06-14 22:32:09,903 [Worker-59: Building] INFO  o.a.m.s.f.DefaultMavenResourcesFiltering - Copying 2 resources from src to bin
2025-06-14 22:32:09,910 [Worker-59: Building] INFO  o.a.m.s.f.DefaultMavenResourcesFiltering - skip non existing resourceDirectory C:\Users\Usuario\Downloads\UO295662_0 (1)\UO295662_0\cws_services_jpa\cws_services_jpa\src\test\resources
2025-06-14 22:32:26,652 [Worker-67: Building] INFO  o.a.m.s.f.DefaultMavenResourcesFiltering - Copying 2 resources from src to bin
2025-06-14 22:32:26,673 [Worker-67: Building] INFO  o.a.m.s.f.DefaultMavenResourcesFiltering - skip non existing resourceDirectory C:\Users\Usuario\Downloads\UO295662_0 (1)\UO295662_0\cws_services_jpa\cws_services_jpa\src\test\resources
2025-06-14 22:32:46,546 [Worker-59: Building] INFO  o.a.m.s.f.DefaultMavenResourcesFiltering - Copying 2 resources from src to bin
2025-06-14 22:32:46,552 [Worker-59: Building] INFO  o.a.m.s.f.DefaultMavenResourcesFiltering - skip non existing resourceDirectory C:\Users\Usuario\Downloads\UO295662_0 (1)\UO295662_0\cws_services_jpa\cws_services_jpa\src\test\resources
2025-06-14 22:32:52,240 [Worker-66: Building] INFO  o.a.m.s.f.DefaultMavenResourcesFiltering - Copying 2 resources from src to bin
2025-06-14 22:32:52,244 [Worker-66: Building] INFO  o.a.m.s.f.DefaultMavenResourcesFiltering - skip non existing resourceDirectory C:\Users\Usuario\Downloads\UO295662_0 (1)\UO295662_0\cws_services_jpa\cws_services_jpa\src\test\resources
2025-06-14 22:33:00,687 [Worker-67: Launching SparePartMappingTests] INFO  o.e.m.c.i.p.WorkspaceClassifierResolverManager - Resolving P/cws_util: uo.ri:cws_util:0.0.1-SNAPSHOT with classifier null to /cws_util/bin
2025-06-14 22:33:00,736 [Worker-67: Launching SparePartMappingTests] INFO  o.e.m.c.i.p.WorkspaceClassifierResolverManager - Resolving P/cws_util: uo.ri:cws_util:0.0.1-SNAPSHOT with classifier null to /cws_util/bin
2025-06-14 22:33:18,645 [Worker-67: Building] INFO  o.a.m.s.f.DefaultMavenResourcesFiltering - Copying 2 resources from src to bin
2025-06-14 22:33:18,650 [Worker-67: Building] INFO  o.a.m.s.f.DefaultMavenResourcesFiltering - skip non existing resourceDirectory C:\Users\Usuario\Downloads\UO295662_0 (1)\UO295662_0\cws_services_jpa\cws_services_jpa\src\test\resources
2025-06-14 22:33:21,938 [Worker-65: Building] INFO  o.a.m.s.f.DefaultMavenResourcesFiltering - Copying 2 resources from src to bin
2025-06-14 22:33:21,948 [Worker-65: Building] INFO  o.a.m.s.f.DefaultMavenResourcesFiltering - skip non existing resourceDirectory C:\Users\Usuario\Downloads\UO295662_0 (1)\UO295662_0\cws_services_jpa\cws_services_jpa\src\test\resources
2025-06-14 22:37:18,772 [Burningwave - Resource releaser] INFO  o.b.c.a.StaticComponentContainer - (StaticComponentContainer.java:391) - ... Waiting for all tasks ending
2025-06-14 22:37:18,777 [Burningwave - Resource releaser] INFO  o.b.c.a.StaticComponentContainer - (StaticComponentContainer.java:397) - Closing all component containers
2025-06-14 22:37:18,785 [Burningwave - Resource releaser] INFO  o.b.c.a.StaticComponentContainer - (StaticComponentContainer.java:403) - Closing FileSystemHelper
2025-06-14 22:37:18,788 [Burningwave - Resource releaser] INFO  o.b.c.a.StaticComponentContainer - (StaticComponentContainer.java:409) - ... Waiting for all tasks ending before shutting down the BackgroundExecutor
2025-06-14 22:37:18,790 [Burningwave - Resource releaser] INFO  o.b.c.a.StaticComponentContainer - (StaticComponentContainer.java:414) - Shutting down BackgroundExecutor
2025-06-14 22:37:18,792 [Burningwave - Resource releaser] INFO  o.b.c.a.StaticComponentContainer - (StaticComponentContainer.java:420) - Stopping all threads monitoring thread
2025-06-14 22:37:18,795 [Burningwave - Resource releaser] INFO  o.b.c.a.StaticComponentContainer - (StaticComponentContainer.java:425) - Closing ThreadHolder
2025-06-14 22:37:18,800 [Burningwave - Resource releaser] INFO  o.b.c.a.StaticComponentContainer - (StaticComponentContainer.java:430) - Shutting down ThreadSupplier
2025-06-16 16:41:00,458 [main] INFO  o.b.c.a.StaticComponentContainer - (StaticComponentContainer.java:368) - Instantiated org.burningwave.core.SLF4JManagedLoggerRepository
2025-06-16 16:41:00,461 [main] INFO  o.b.c.a.StaticComponentContainer - (StaticComponentContainer.java:369) - 

	Configuration values for static components:

		background-executor.all-tasks-monitoring.enabled=\
			true
		background-executor.all-tasks-monitoring.interval=\
			30000
		background-executor.all-tasks-monitoring.logger.enabled=\
			false
		background-executor.all-tasks-monitoring.minimum-elapsed-time-to-consider-a-task-as-probable-dead-locked=\
			300000
		background-executor.all-tasks-monitoring.probable-dead-locked-tasks-handling.policy=\
			log only
		background-executor.queued-task-executor[0].name=\
			Low priority tasks
		background-executor.queued-task-executor[0].priority=\
			1
		background-executor.queued-task-executor[1].name=\
			Normal priority tasks
		background-executor.queued-task-executor[1].priority=\
			5
		background-executor.queued-task-executor[2].name=\
			High priority tasks
		background-executor.queued-task-executor[2].priority=\
			10
		background-executor.task-creation-tracking.enabled=\
			${background-executor.all-tasks-monitoring.enabled}
		banner.additonal-informations=\
			${Implementation-Title} ${Implementation-Version}
		banner.additonal-informations.retrieve-from-manifest-file-with-implementation-title=\
			Burningwave Core
		banner.file=\
			org/burningwave/banner.bwb
		banner.hide=\
			true
		buffer-handler.default-allocation-mode=\
			ByteBuffer::allocateDirect
		buffer-handler.default-buffer-size=\
			1024
		group-name-for-named-elements=\
			Burningwave
		iterable-object-helper.default-values-separator=\
			;
		iterable-object-helper.parallel-iteration.applicability.default-minimum-collection-size=\
			2
		iterable-object-helper.parallel-iteration.applicability.max-runtime-thread-count-threshold=\
			autodetect
		iterable-object-helper.parallel-iteration.applicability.output-collection-enabled-types=\
			java.util.concurrent.ConcurrentHashMap$CollectionView;\
			java.util.Collections$SynchronizedCollection;\
			java.util.concurrent.CopyOnWriteArrayList;\
			java.util.concurrent.CopyOnWriteArraySet;\
			java.util.concurrent.BlockingQueue;\
			java.util.concurrent.ConcurrentSkipListSet;\
			java.util.concurrent.ConcurrentSkipListMap$EntrySet;\
			java.util.concurrent.ConcurrentSkipListMap$KeySet;\
			java.util.concurrent.ConcurrentSkipListMap$Values;
		jvm.driver.init=\
			false
		managed-logger.repository=\
			autodetect
		managed-logger.repository.enabled=\
			true
		managed-logger.repository.logging.warn.disabled-for=\
			org.burningwave.core.assembler.ComponentContainer$ClassLoader;\
			org.burningwave.core.classes.MemoryClassLoader;\
			org.burningwave.core.classes.PathScannerClassLoader;
		modules.export-all-to-all=\
			true
		resource-releaser.enabled=\
			true
		synchronizer.all-threads-monitoring.enabled=\
			false
		synchronizer.all-threads-monitoring.interval=\
			90000
		thread-supplier.default-daemon-flag-value=\
			true
		thread-supplier.default-thread-priority=\
			5
		thread-supplier.max-detached-thread-count=\
			${thread-supplier.max-poolable-thread-count}
		thread-supplier.max-detached-thread-count.elapsed-time-threshold-from-last-increase-for-gradual-decreasing-to-initial-value=\
			30000
		thread-supplier.max-detached-thread-count.increasing-step=\
			autodetect
		thread-supplier.max-poolable-thread-count=\
			autodetect
		thread-supplier.poolable-thread-request-timeout=\
			6000


2025-06-16 16:41:00,464 [main] INFO  o.b.core.jvm.BufferHandler - (BufferHandler.java:127) - default buffer size: 1024 bytes
2025-06-16 16:41:00,465 [main] INFO  o.b.core.jvm.BufferHandler - (BufferHandler.java:141) - default allocation mode: ByteBuffer::allocateDirect
2025-06-16 16:41:00,474 [main] INFO  org.burningwave.core.Cache - (Cache.java:76) - Building cache
2025-06-16 16:41:00,514 [main] INFO  o.b.c.a.StaticComponentContainer - (StaticComponentContainer.java:443) - org.burningwave.core.assembler.StaticComponentContainer initialized in 0.1883953 seconds
2025-06-16 16:41:04,303 [Worker-3: Loading available Gradle versions] INFO  o.e.b.c.i.u.g.PublishedGradleVersions - Gradle version information cache is out-of-date. Trying to update.
2025-06-16 16:42:11,435 [Worker-18: Updating Maven Dependencies] WARN  o.e.m.c.i.embedder.EclipseLogger - The POM for uo.ri:cws_services_jpa:jar:0.0.1-SNAPSHOT is missing, no dependency information available
2025-06-16 16:42:18,789 [Worker-18: Updating Maven Dependencies] INFO  o.e.m.c.i.l.LifecycleMappingFactory - Using org.eclipse.m2e.jdt.JarLifecycleMapping lifecycle mapping for MavenProject: uo.ri:cws_client_mechanic:0.0.1-SNAPSHOT @ C:\Users\Usuario\OneDrive\Escritorio\RI_JPA\cws_client_mechanic\pom.xml.
2025-06-16 16:42:18,789 [Worker-3: Building] INFO  o.e.m.c.i.l.LifecycleMappingFactory - Using org.eclipse.m2e.jdt.JarLifecycleMapping lifecycle mapping for MavenProject: uo.ri:cws_services_jpa:0.0.1-SNAPSHOT @ C:\Users\Usuario\Downloads\UO295662_0 (1)\UO295662_0\cws_services_jpa\cws_services_jpa\pom.xml.
2025-06-16 16:42:19,825 [Worker-3: Building] INFO  o.e.m.c.i.p.WorkspaceClassifierResolverManager - Resolving P/cws_util: uo.ri:cws_util:0.0.1-SNAPSHOT with classifier  to /cws_util/bin
2025-06-16 16:42:19,910 [Worker-3: Building] INFO  o.e.m.c.i.l.LifecycleMappingFactory - Using org.eclipse.m2e.jdt.JarLifecycleMapping lifecycle mapping for MavenProject: uo.ri:cws_client_mechanic:0.0.1-SNAPSHOT @ C:\Users\Usuario\OneDrive\Escritorio\RI_JPA\cws_client_mechanic\pom.xml.
2025-06-16 16:42:19,918 [Worker-3: Building] INFO  o.e.m.c.i.p.WorkspaceClassifierResolverManager - Resolving P/cws_services_jpa_0: uo.ri:cws_services_jpa:0.0.1-SNAPSHOT with classifier  to /cws_services_jpa_0/bin
2025-06-16 16:42:19,918 [Worker-3: Building] INFO  o.e.m.c.i.p.WorkspaceClassifierResolverManager - Resolving P/cws_util: uo.ri:cws_util:0.0.1-SNAPSHOT with classifier  to /cws_util/bin
2025-06-16 16:42:19,966 [Worker-3: Building] INFO  o.e.m.c.i.p.WorkspaceClassifierResolverManager - Resolving P/cws_util: uo.ri:cws_util:0.0.1-SNAPSHOT with classifier  to /cws_util/bin
2025-06-16 16:42:20,028 [Worker-3: Building] INFO  o.e.m.c.i.l.LifecycleMappingFactory - Using org.eclipse.m2e.jdt.JarLifecycleMapping lifecycle mapping for MavenProject: uo.ri:cws_client_foreman:0.0.1-SNAPSHOT @ C:\Users\Usuario\OneDrive\Escritorio\RI_JPA\cws_client_foreman\pom.xml.
2025-06-16 16:42:20,032 [Worker-3: Building] INFO  o.e.m.c.i.p.WorkspaceClassifierResolverManager - Resolving P/cws_services_jpa_0: uo.ri:cws_services_jpa:0.0.1-SNAPSHOT with classifier  to /cws_services_jpa_0/bin
2025-06-16 16:42:20,032 [Worker-3: Building] INFO  o.e.m.c.i.p.WorkspaceClassifierResolverManager - Resolving P/cws_util: uo.ri:cws_util:0.0.1-SNAPSHOT with classifier  to /cws_util/bin
2025-06-16 16:42:20,082 [Worker-3: Building] INFO  o.e.m.c.i.p.WorkspaceClassifierResolverManager - Resolving P/cws_util: uo.ri:cws_util:0.0.1-SNAPSHOT with classifier  to /cws_util/bin
2025-06-16 16:42:20,150 [Worker-3: Building] INFO  o.e.m.c.i.l.LifecycleMappingFactory - Using org.eclipse.m2e.jdt.JarLifecycleMapping lifecycle mapping for MavenProject: uo.ri:cws_client_cashier:0.0.1-SNAPSHOT @ C:\Users\Usuario\OneDrive\Escritorio\RI_JPA\cws_client_cashier\pom.xml.
2025-06-16 16:42:20,153 [Worker-3: Building] INFO  o.e.m.c.i.p.WorkspaceClassifierResolverManager - Resolving P/cws_services_jpa_0: uo.ri:cws_services_jpa:0.0.1-SNAPSHOT with classifier  to /cws_services_jpa_0/bin
2025-06-16 16:42:20,153 [Worker-3: Building] INFO  o.e.m.c.i.p.WorkspaceClassifierResolverManager - Resolving P/cws_util: uo.ri:cws_util:0.0.1-SNAPSHOT with classifier  to /cws_util/bin
2025-06-16 16:42:20,207 [Worker-3: Building] INFO  o.e.m.c.i.p.WorkspaceClassifierResolverManager - Resolving P/cws_util: uo.ri:cws_util:0.0.1-SNAPSHOT with classifier  to /cws_util/bin
2025-06-16 16:42:20,269 [Worker-3: Building] INFO  o.e.m.c.i.l.LifecycleMappingFactory - Using org.eclipse.m2e.jdt.JarLifecycleMapping lifecycle mapping for MavenProject: uo.ri:cws_client_manager:0.0.1-SNAPSHOT @ C:\Users\Usuario\OneDrive\Escritorio\RI_JPA\cws_client_manager\pom.xml.
2025-06-16 16:42:20,272 [Worker-3: Building] INFO  o.e.m.c.i.p.WorkspaceClassifierResolverManager - Resolving P/cws_services_jpa_0: uo.ri:cws_services_jpa:0.0.1-SNAPSHOT with classifier  to /cws_services_jpa_0/bin
2025-06-16 16:42:20,272 [Worker-3: Building] INFO  o.e.m.c.i.p.WorkspaceClassifierResolverManager - Resolving P/cws_util: uo.ri:cws_util:0.0.1-SNAPSHOT with classifier  to /cws_util/bin
2025-06-16 16:42:21,161 [Worker-3: Building] INFO  o.e.m.c.i.e.AbstractTransferListenerAdapter - Downloading https://repo.maven.apache.org/maven2/io/cucumber/messages/maven-metadata.xml
2025-06-16 16:42:21,201 [Worker-3: Building] INFO  o.e.m.c.i.e.AbstractTransferListenerAdapter - Downloaded https://repo.maven.apache.org/maven2/io/cucumber/messages/maven-metadata.xml
2025-06-16 16:42:21,959 [Worker-3: Building] INFO  o.e.m.c.i.e.AbstractTransferListenerAdapter - Downloading https://repo.maven.apache.org/maven2/io/cucumber/query/maven-metadata.xml
2025-06-16 16:42:21,987 [Worker-3: Building] INFO  o.e.m.c.i.e.AbstractTransferListenerAdapter - Downloaded https://repo.maven.apache.org/maven2/io/cucumber/query/maven-metadata.xml
2025-06-16 16:42:23,013 [Worker-3: Building] INFO  o.e.m.c.i.p.WorkspaceClassifierResolverManager - Resolving P/cws_util: uo.ri:cws_util:0.0.1-SNAPSHOT with classifier  to /cws_util/bin
2025-06-16 16:42:23,087 [Worker-3: Building] INFO  o.e.m.c.i.l.LifecycleMappingFactory - Using org.eclipse.m2e.jdt.JarLifecycleMapping lifecycle mapping for MavenProject: uo.ri:cws_spareparts_aceptance_tests:0.0.1-SNAPSHOT @ C:\Users\Usuario\Downloads\ri.jpa.cws.2024.extension.skeleton\cws_2024\cws_spareparts_aceptance_tests\pom.xml.
2025-06-16 16:42:23,161 [Worker-3: Building] INFO  o.e.m.c.i.p.WorkspaceClassifierResolverManager - Resolving P/cws_services_jpa_0: uo.ri:cws_services_jpa:0.0.1-SNAPSHOT with classifier  to /cws_services_jpa_0/bin
2025-06-16 16:42:23,162 [Worker-3: Building] INFO  o.e.m.c.i.p.WorkspaceClassifierResolverManager - Resolving P/cws_util: uo.ri:cws_util:0.0.1-SNAPSHOT with classifier  to /cws_util/bin
2025-06-16 16:42:26,945 [Worker-8: Updating Maven Dependencies] INFO  o.e.m.c.i.l.LifecycleMappingFactory - Using org.eclipse.m2e.jdt.JarLifecycleMapping lifecycle mapping for MavenProject: uo.ri:cws_client_mechanic:0.0.1-SNAPSHOT @ C:\Users\Usuario\OneDrive\Escritorio\RI_JPA\cws_client_mechanic\pom.xml.
2025-06-16 16:42:27,071 [Worker-8: Updating Maven Dependencies] INFO  o.e.m.c.i.p.WorkspaceClassifierResolverManager - Resolving P/cws_services_jpa_0: uo.ri:cws_services_jpa:0.0.1-SNAPSHOT with classifier  to /cws_services_jpa_0/bin
2025-06-16 16:42:27,071 [Worker-8: Updating Maven Dependencies] INFO  o.e.m.c.i.p.WorkspaceClassifierResolverManager - Resolving P/cws_util: uo.ri:cws_util:0.0.1-SNAPSHOT with classifier  to /cws_util/bin
2025-06-16 16:42:27,192 [Worker-8: Updating Maven Dependencies] INFO  o.e.m.c.i.l.LifecycleMappingFactory - Using org.eclipse.m2e.jdt.JarLifecycleMapping lifecycle mapping for MavenProject: uo.ri:cws_client_foreman:0.0.1-SNAPSHOT @ C:\Users\Usuario\OneDrive\Escritorio\RI_JPA\cws_client_foreman\pom.xml.
2025-06-16 16:42:27,195 [Worker-8: Updating Maven Dependencies] INFO  o.e.m.c.i.p.WorkspaceClassifierResolverManager - Resolving P/cws_services_jpa_0: uo.ri:cws_services_jpa:0.0.1-SNAPSHOT with classifier  to /cws_services_jpa_0/bin
2025-06-16 16:42:27,196 [Worker-8: Updating Maven Dependencies] INFO  o.e.m.c.i.p.WorkspaceClassifierResolverManager - Resolving P/cws_util: uo.ri:cws_util:0.0.1-SNAPSHOT with classifier  to /cws_util/bin
2025-06-16 16:42:27,329 [Worker-8: Updating Maven Dependencies] INFO  o.e.m.c.i.l.LifecycleMappingFactory - Using org.eclipse.m2e.jdt.JarLifecycleMapping lifecycle mapping for MavenProject: uo.ri:cws_client_cashier:0.0.1-SNAPSHOT @ C:\Users\Usuario\OneDrive\Escritorio\RI_JPA\cws_client_cashier\pom.xml.
2025-06-16 16:42:27,333 [Worker-8: Updating Maven Dependencies] INFO  o.e.m.c.i.p.WorkspaceClassifierResolverManager - Resolving P/cws_services_jpa_0: uo.ri:cws_services_jpa:0.0.1-SNAPSHOT with classifier  to /cws_services_jpa_0/bin
2025-06-16 16:42:27,334 [Worker-8: Updating Maven Dependencies] INFO  o.e.m.c.i.p.WorkspaceClassifierResolverManager - Resolving P/cws_util: uo.ri:cws_util:0.0.1-SNAPSHOT with classifier  to /cws_util/bin
2025-06-16 16:42:27,522 [Worker-8: Updating Maven Dependencies] INFO  o.e.m.c.i.l.LifecycleMappingFactory - Using org.eclipse.m2e.jdt.JarLifecycleMapping lifecycle mapping for MavenProject: uo.ri:cws_client_manager:0.0.1-SNAPSHOT @ C:\Users\Usuario\OneDrive\Escritorio\RI_JPA\cws_client_manager\pom.xml.
2025-06-16 16:42:27,533 [Worker-8: Updating Maven Dependencies] INFO  o.e.m.c.i.p.WorkspaceClassifierResolverManager - Resolving P/cws_services_jpa_0: uo.ri:cws_services_jpa:0.0.1-SNAPSHOT with classifier  to /cws_services_jpa_0/bin
2025-06-16 16:42:27,537 [Worker-8: Updating Maven Dependencies] INFO  o.e.m.c.i.p.WorkspaceClassifierResolverManager - Resolving P/cws_util: uo.ri:cws_util:0.0.1-SNAPSHOT with classifier  to /cws_util/bin
2025-06-16 16:42:27,702 [Worker-3: Building] INFO  o.a.m.s.f.DefaultMavenResourcesFiltering - Copying 2 resources from src to bin
2025-06-16 16:42:27,722 [Worker-8: Updating Maven Dependencies] INFO  o.e.m.c.i.l.LifecycleMappingFactory - Using org.eclipse.m2e.jdt.JarLifecycleMapping lifecycle mapping for MavenProject: uo.ri:cws_spareparts_aceptance_tests:0.0.1-SNAPSHOT @ C:\Users\Usuario\Downloads\ri.jpa.cws.2024.extension.skeleton\cws_2024\cws_spareparts_aceptance_tests\pom.xml.
2025-06-16 16:42:27,745 [Worker-3: Building] INFO  o.a.m.s.f.DefaultMavenResourcesFiltering - skip non existing resourceDirectory C:\Users\Usuario\Downloads\UO295662_0 (1)\UO295662_0\cws_services_jpa\cws_services_jpa\src\test\resources
2025-06-16 16:42:28,134 [Worker-8: Updating Maven Dependencies] INFO  o.e.m.c.i.p.WorkspaceClassifierResolverManager - Resolving P/cws_services_jpa_0: uo.ri:cws_services_jpa:0.0.1-SNAPSHOT with classifier  to /cws_services_jpa_0/bin
2025-06-16 16:42:28,134 [Worker-8: Updating Maven Dependencies] INFO  o.e.m.c.i.p.WorkspaceClassifierResolverManager - Resolving P/cws_util: uo.ri:cws_util:0.0.1-SNAPSHOT with classifier  to /cws_util/bin
2025-06-16 16:42:30,297 [Worker-8: Updating Maven Dependencies] ERROR o.e.m.j.i.l.MavenLaunchConfigurationListener - Launch configuration ChargeTests references non-existing project cws_services_jpa.
org.eclipse.core.runtime.CoreException: Launch configuration ChargeTests references non-existing project cws_services_jpa.
	at org.eclipse.jdt.launching.JavaRuntime.abort(JavaRuntime.java:1870)
	at org.eclipse.jdt.launching.JavaRuntime.getJavaProject(JavaRuntime.java:1747)
	at org.eclipse.m2e.jdt.internal.launch.MavenLaunchConfigurationListener.updateLaunchConfiguration(MavenLaunchConfigurationListener.java:66)
	at org.eclipse.m2e.jdt.internal.launch.MavenLaunchConfigurationListener.launchConfigurationChanged(MavenLaunchConfigurationListener.java:52)
	at org.eclipse.debug.internal.core.LaunchManager$ConfigurationNotifier.run(LaunchManager.java:219)
	at org.eclipse.core.runtime.SafeRunner.run(SafeRunner.java:47)
	at org.eclipse.debug.internal.core.LaunchManager$ConfigurationNotifier.notify(LaunchManager.java:203)
	at org.eclipse.debug.internal.core.LaunchConfigurationWorkingCopy.setDirty(LaunchConfigurationWorkingCopy.java:527)
	at org.eclipse.debug.internal.core.LaunchConfigurationWorkingCopy.setAttribute(LaunchConfigurationWorkingCopy.java:415)
	at org.eclipse.m2e.jdt.internal.launch.MavenRuntimeClasspathProvider.disable(MavenRuntimeClasspathProvider.java:409)
	at org.eclipse.m2e.jdt.internal.launch.MavenRuntimeClasspathProvider.disable(MavenRuntimeClasspathProvider.java:435)
	at org.eclipse.m2e.jdt.internal.launch.MavenLaunchConfigurationListener.mavenProjectChanged(MavenLaunchConfigurationListener.java:137)
	at org.eclipse.m2e.core.internal.project.registry.ProjectRegistryManager.notifyProjectChangeListeners(ProjectRegistryManager.java:892)
	at org.eclipse.m2e.core.internal.project.registry.ProjectRegistryManager.applyMutableProjectRegistry(ProjectRegistryManager.java:1042)
	at org.eclipse.m2e.core.internal.project.registry.ProjectRegistryRefreshJob.lambda$0(ProjectRegistryRefreshJob.java:162)
	at org.eclipse.m2e.core.internal.embedder.MavenExecutionContext.executeBare(MavenExecutionContext.java:458)
	at org.eclipse.m2e.core.internal.embedder.MavenExecutionContext.execute(MavenExecutionContext.java:339)
	at org.eclipse.m2e.core.internal.embedder.MavenExecutionContext.execute(MavenExecutionContext.java:278)
	at org.eclipse.m2e.core.internal.project.registry.ProjectRegistryRefreshJob.run(ProjectRegistryRefreshJob.java:106)
	at org.eclipse.core.internal.jobs.Worker.run(Worker.java:63)
2025-06-16 16:42:30,309 [Worker-8: Updating Maven Dependencies] ERROR o.e.m.j.i.l.MavenLaunchConfigurationListener - Launch configuration ChargeTests references non-existing project cws_services_jpa.
org.eclipse.core.runtime.CoreException: Launch configuration ChargeTests references non-existing project cws_services_jpa.
	at org.eclipse.jdt.launching.JavaRuntime.abort(JavaRuntime.java:1870)
	at org.eclipse.jdt.launching.JavaRuntime.getJavaProject(JavaRuntime.java:1747)
	at org.eclipse.m2e.jdt.internal.launch.MavenLaunchConfigurationListener.updateLaunchConfiguration(MavenLaunchConfigurationListener.java:66)
	at org.eclipse.m2e.jdt.internal.launch.MavenLaunchConfigurationListener.launchConfigurationChanged(MavenLaunchConfigurationListener.java:52)
	at org.eclipse.debug.internal.core.LaunchManager$ConfigurationNotifier.run(LaunchManager.java:219)
	at org.eclipse.core.runtime.SafeRunner.run(SafeRunner.java:47)
	at org.eclipse.debug.internal.core.LaunchManager$ConfigurationNotifier.notify(LaunchManager.java:203)
	at org.eclipse.debug.internal.core.LaunchConfigurationWorkingCopy.setDirty(LaunchConfigurationWorkingCopy.java:527)
	at org.eclipse.debug.internal.core.LaunchConfigurationWorkingCopy.setAttribute(LaunchConfigurationWorkingCopy.java:415)
	at org.eclipse.m2e.jdt.internal.launch.MavenRuntimeClasspathProvider.disable(MavenRuntimeClasspathProvider.java:410)
	at org.eclipse.m2e.jdt.internal.launch.MavenRuntimeClasspathProvider.disable(MavenRuntimeClasspathProvider.java:435)
	at org.eclipse.m2e.jdt.internal.launch.MavenLaunchConfigurationListener.mavenProjectChanged(MavenLaunchConfigurationListener.java:137)
	at org.eclipse.m2e.core.internal.project.registry.ProjectRegistryManager.notifyProjectChangeListeners(ProjectRegistryManager.java:892)
	at org.eclipse.m2e.core.internal.project.registry.ProjectRegistryManager.applyMutableProjectRegistry(ProjectRegistryManager.java:1042)
	at org.eclipse.m2e.core.internal.project.registry.ProjectRegistryRefreshJob.lambda$0(ProjectRegistryRefreshJob.java:162)
	at org.eclipse.m2e.core.internal.embedder.MavenExecutionContext.executeBare(MavenExecutionContext.java:458)
	at org.eclipse.m2e.core.internal.embedder.MavenExecutionContext.execute(MavenExecutionContext.java:339)
	at org.eclipse.m2e.core.internal.embedder.MavenExecutionContext.execute(MavenExecutionContext.java:278)
	at org.eclipse.m2e.core.internal.project.registry.ProjectRegistryRefreshJob.run(ProjectRegistryRefreshJob.java:106)
	at org.eclipse.core.internal.jobs.Worker.run(Worker.java:63)
2025-06-16 16:42:30,352 [Worker-8: Updating Maven Dependencies] ERROR o.e.m.j.i.l.MavenLaunchConfigurationListener - Launch configuration ChargeTests references non-existing project cws_services_jpa.
org.eclipse.core.runtime.CoreException: Launch configuration ChargeTests references non-existing project cws_services_jpa.
	at org.eclipse.jdt.launching.JavaRuntime.abort(JavaRuntime.java:1870)
	at org.eclipse.jdt.launching.JavaRuntime.getJavaProject(JavaRuntime.java:1747)
	at org.eclipse.m2e.jdt.internal.launch.MavenLaunchConfigurationListener.updateLaunchConfiguration(MavenLaunchConfigurationListener.java:66)
	at org.eclipse.m2e.jdt.internal.launch.MavenLaunchConfigurationListener.launchConfigurationChanged(MavenLaunchConfigurationListener.java:52)
	at org.eclipse.debug.internal.core.LaunchManager$ConfigurationNotifier.run(LaunchManager.java:219)
	at org.eclipse.core.runtime.SafeRunner.run(SafeRunner.java:47)
	at org.eclipse.debug.internal.core.LaunchManager$ConfigurationNotifier.notify(LaunchManager.java:203)
	at org.eclipse.debug.internal.core.LaunchManager.launchConfigurationChanged(LaunchManager.java:1960)
	at org.eclipse.debug.internal.core.LaunchConfigurationWorkingCopy.writeNewFile(LaunchConfigurationWorkingCopy.java:380)
	at org.eclipse.debug.internal.core.LaunchConfigurationWorkingCopy.doSave0(LaunchConfigurationWorkingCopy.java:259)
	at org.eclipse.debug.internal.core.LaunchConfigurationWorkingCopy.doSave(LaunchConfigurationWorkingCopy.java:229)
	at org.eclipse.debug.internal.core.LaunchConfigurationWorkingCopy.doSave(LaunchConfigurationWorkingCopy.java:187)
	at org.eclipse.m2e.jdt.internal.launch.MavenRuntimeClasspathProvider.disable(MavenRuntimeClasspathProvider.java:411)
	at org.eclipse.m2e.jdt.internal.launch.MavenRuntimeClasspathProvider.disable(MavenRuntimeClasspathProvider.java:435)
	at org.eclipse.m2e.jdt.internal.launch.MavenLaunchConfigurationListener.mavenProjectChanged(MavenLaunchConfigurationListener.java:137)
	at org.eclipse.m2e.core.internal.project.registry.ProjectRegistryManager.notifyProjectChangeListeners(ProjectRegistryManager.java:892)
	at org.eclipse.m2e.core.internal.project.registry.ProjectRegistryManager.applyMutableProjectRegistry(ProjectRegistryManager.java:1042)
	at org.eclipse.m2e.core.internal.project.registry.ProjectRegistryRefreshJob.lambda$0(ProjectRegistryRefreshJob.java:162)
	at org.eclipse.m2e.core.internal.embedder.MavenExecutionContext.executeBare(MavenExecutionContext.java:458)
	at org.eclipse.m2e.core.internal.embedder.MavenExecutionContext.execute(MavenExecutionContext.java:339)
	at org.eclipse.m2e.core.internal.embedder.MavenExecutionContext.execute(MavenExecutionContext.java:278)
	at org.eclipse.m2e.core.internal.project.registry.ProjectRegistryRefreshJob.run(ProjectRegistryRefreshJob.java:106)
	at org.eclipse.core.internal.jobs.Worker.run(Worker.java:63)
2025-06-16 16:42:30,355 [Worker-8: Updating Maven Dependencies] ERROR o.e.m.j.i.l.MavenLaunchConfigurationListener - Launch configuration InvoiceRemoveWorkOrderTests references non-existing project cws_services_jpa.
org.eclipse.core.runtime.CoreException: Launch configuration InvoiceRemoveWorkOrderTests references non-existing project cws_services_jpa.
	at org.eclipse.jdt.launching.JavaRuntime.abort(JavaRuntime.java:1870)
	at org.eclipse.jdt.launching.JavaRuntime.getJavaProject(JavaRuntime.java:1747)
	at org.eclipse.m2e.jdt.internal.launch.MavenLaunchConfigurationListener.updateLaunchConfiguration(MavenLaunchConfigurationListener.java:66)
	at org.eclipse.m2e.jdt.internal.launch.MavenLaunchConfigurationListener.launchConfigurationChanged(MavenLaunchConfigurationListener.java:52)
	at org.eclipse.debug.internal.core.LaunchManager$ConfigurationNotifier.run(LaunchManager.java:219)
	at org.eclipse.core.runtime.SafeRunner.run(SafeRunner.java:47)
	at org.eclipse.debug.internal.core.LaunchManager$ConfigurationNotifier.notify(LaunchManager.java:203)
	at org.eclipse.debug.internal.core.LaunchConfigurationWorkingCopy.setDirty(LaunchConfigurationWorkingCopy.java:527)
	at org.eclipse.debug.internal.core.LaunchConfigurationWorkingCopy.setAttribute(LaunchConfigurationWorkingCopy.java:415)
	at org.eclipse.m2e.jdt.internal.launch.MavenRuntimeClasspathProvider.disable(MavenRuntimeClasspathProvider.java:409)
	at org.eclipse.m2e.jdt.internal.launch.MavenRuntimeClasspathProvider.disable(MavenRuntimeClasspathProvider.java:435)
	at org.eclipse.m2e.jdt.internal.launch.MavenLaunchConfigurationListener.mavenProjectChanged(MavenLaunchConfigurationListener.java:137)
	at org.eclipse.m2e.core.internal.project.registry.ProjectRegistryManager.notifyProjectChangeListeners(ProjectRegistryManager.java:892)
	at org.eclipse.m2e.core.internal.project.registry.ProjectRegistryManager.applyMutableProjectRegistry(ProjectRegistryManager.java:1042)
	at org.eclipse.m2e.core.internal.project.registry.ProjectRegistryRefreshJob.lambda$0(ProjectRegistryRefreshJob.java:162)
	at org.eclipse.m2e.core.internal.embedder.MavenExecutionContext.executeBare(MavenExecutionContext.java:458)
	at org.eclipse.m2e.core.internal.embedder.MavenExecutionContext.execute(MavenExecutionContext.java:339)
	at org.eclipse.m2e.core.internal.embedder.MavenExecutionContext.execute(MavenExecutionContext.java:278)
	at org.eclipse.m2e.core.internal.project.registry.ProjectRegistryRefreshJob.run(ProjectRegistryRefreshJob.java:106)
	at org.eclipse.core.internal.jobs.Worker.run(Worker.java:63)
2025-06-16 16:42:30,360 [Worker-8: Updating Maven Dependencies] ERROR o.e.m.j.i.l.MavenLaunchConfigurationListener - Launch configuration InvoiceRemoveWorkOrderTests references non-existing project cws_services_jpa.
org.eclipse.core.runtime.CoreException: Launch configuration InvoiceRemoveWorkOrderTests references non-existing project cws_services_jpa.
	at org.eclipse.jdt.launching.JavaRuntime.abort(JavaRuntime.java:1870)
	at org.eclipse.jdt.launching.JavaRuntime.getJavaProject(JavaRuntime.java:1747)
	at org.eclipse.m2e.jdt.internal.launch.MavenLaunchConfigurationListener.updateLaunchConfiguration(MavenLaunchConfigurationListener.java:66)
	at org.eclipse.m2e.jdt.internal.launch.MavenLaunchConfigurationListener.launchConfigurationChanged(MavenLaunchConfigurationListener.java:52)
	at org.eclipse.debug.internal.core.LaunchManager$ConfigurationNotifier.run(LaunchManager.java:219)
	at org.eclipse.core.runtime.SafeRunner.run(SafeRunner.java:47)
	at org.eclipse.debug.internal.core.LaunchManager$ConfigurationNotifier.notify(LaunchManager.java:203)
	at org.eclipse.debug.internal.core.LaunchConfigurationWorkingCopy.setDirty(LaunchConfigurationWorkingCopy.java:527)
	at org.eclipse.debug.internal.core.LaunchConfigurationWorkingCopy.setAttribute(LaunchConfigurationWorkingCopy.java:415)
	at org.eclipse.m2e.jdt.internal.launch.MavenRuntimeClasspathProvider.disable(MavenRuntimeClasspathProvider.java:410)
	at org.eclipse.m2e.jdt.internal.launch.MavenRuntimeClasspathProvider.disable(MavenRuntimeClasspathProvider.java:435)
	at org.eclipse.m2e.jdt.internal.launch.MavenLaunchConfigurationListener.mavenProjectChanged(MavenLaunchConfigurationListener.java:137)
	at org.eclipse.m2e.core.internal.project.registry.ProjectRegistryManager.notifyProjectChangeListeners(ProjectRegistryManager.java:892)
	at org.eclipse.m2e.core.internal.project.registry.ProjectRegistryManager.applyMutableProjectRegistry(ProjectRegistryManager.java:1042)
	at org.eclipse.m2e.core.internal.project.registry.ProjectRegistryRefreshJob.lambda$0(ProjectRegistryRefreshJob.java:162)
	at org.eclipse.m2e.core.internal.embedder.MavenExecutionContext.executeBare(MavenExecutionContext.java:458)
	at org.eclipse.m2e.core.internal.embedder.MavenExecutionContext.execute(MavenExecutionContext.java:339)
	at org.eclipse.m2e.core.internal.embedder.MavenExecutionContext.execute(MavenExecutionContext.java:278)
	at org.eclipse.m2e.core.internal.project.registry.ProjectRegistryRefreshJob.run(ProjectRegistryRefreshJob.java:106)
	at org.eclipse.core.internal.jobs.Worker.run(Worker.java:63)
2025-06-16 16:42:30,391 [Worker-8: Updating Maven Dependencies] ERROR o.e.m.j.i.l.MavenLaunchConfigurationListener - Launch configuration InvoiceRemoveWorkOrderTests references non-existing project cws_services_jpa.
org.eclipse.core.runtime.CoreException: Launch configuration InvoiceRemoveWorkOrderTests references non-existing project cws_services_jpa.
	at org.eclipse.jdt.launching.JavaRuntime.abort(JavaRuntime.java:1870)
	at org.eclipse.jdt.launching.JavaRuntime.getJavaProject(JavaRuntime.java:1747)
	at org.eclipse.m2e.jdt.internal.launch.MavenLaunchConfigurationListener.updateLaunchConfiguration(MavenLaunchConfigurationListener.java:66)
	at org.eclipse.m2e.jdt.internal.launch.MavenLaunchConfigurationListener.launchConfigurationChanged(MavenLaunchConfigurationListener.java:52)
	at org.eclipse.debug.internal.core.LaunchManager$ConfigurationNotifier.run(LaunchManager.java:219)
	at org.eclipse.core.runtime.SafeRunner.run(SafeRunner.java:47)
	at org.eclipse.debug.internal.core.LaunchManager$ConfigurationNotifier.notify(LaunchManager.java:203)
	at org.eclipse.debug.internal.core.LaunchManager.launchConfigurationChanged(LaunchManager.java:1960)
	at org.eclipse.debug.internal.core.LaunchConfigurationWorkingCopy.writeNewFile(LaunchConfigurationWorkingCopy.java:380)
	at org.eclipse.debug.internal.core.LaunchConfigurationWorkingCopy.doSave0(LaunchConfigurationWorkingCopy.java:259)
	at org.eclipse.debug.internal.core.LaunchConfigurationWorkingCopy.doSave(LaunchConfigurationWorkingCopy.java:229)
	at org.eclipse.debug.internal.core.LaunchConfigurationWorkingCopy.doSave(LaunchConfigurationWorkingCopy.java:187)
	at org.eclipse.m2e.jdt.internal.launch.MavenRuntimeClasspathProvider.disable(MavenRuntimeClasspathProvider.java:411)
	at org.eclipse.m2e.jdt.internal.launch.MavenRuntimeClasspathProvider.disable(MavenRuntimeClasspathProvider.java:435)
	at org.eclipse.m2e.jdt.internal.launch.MavenLaunchConfigurationListener.mavenProjectChanged(MavenLaunchConfigurationListener.java:137)
	at org.eclipse.m2e.core.internal.project.registry.ProjectRegistryManager.notifyProjectChangeListeners(ProjectRegistryManager.java:892)
	at org.eclipse.m2e.core.internal.project.registry.ProjectRegistryManager.applyMutableProjectRegistry(ProjectRegistryManager.java:1042)
	at org.eclipse.m2e.core.internal.project.registry.ProjectRegistryRefreshJob.lambda$0(ProjectRegistryRefreshJob.java:162)
	at org.eclipse.m2e.core.internal.embedder.MavenExecutionContext.executeBare(MavenExecutionContext.java:458)
	at org.eclipse.m2e.core.internal.embedder.MavenExecutionContext.execute(MavenExecutionContext.java:339)
	at org.eclipse.m2e.core.internal.embedder.MavenExecutionContext.execute(MavenExecutionContext.java:278)
	at org.eclipse.m2e.core.internal.project.registry.ProjectRegistryRefreshJob.run(ProjectRegistryRefreshJob.java:106)
	at org.eclipse.core.internal.jobs.Worker.run(Worker.java:63)
2025-06-16 16:42:30,393 [Worker-8: Updating Maven Dependencies] ERROR o.e.m.j.i.l.MavenLaunchConfigurationListener - Launch configuration LoadEntityManagerFactory references non-existing project cws_services_jpa.
org.eclipse.core.runtime.CoreException: Launch configuration LoadEntityManagerFactory references non-existing project cws_services_jpa.
	at org.eclipse.jdt.launching.JavaRuntime.abort(JavaRuntime.java:1870)
	at org.eclipse.jdt.launching.JavaRuntime.getJavaProject(JavaRuntime.java:1747)
	at org.eclipse.m2e.jdt.internal.launch.MavenLaunchConfigurationListener.updateLaunchConfiguration(MavenLaunchConfigurationListener.java:66)
	at org.eclipse.m2e.jdt.internal.launch.MavenLaunchConfigurationListener.launchConfigurationChanged(MavenLaunchConfigurationListener.java:52)
	at org.eclipse.debug.internal.core.LaunchManager$ConfigurationNotifier.run(LaunchManager.java:219)
	at org.eclipse.core.runtime.SafeRunner.run(SafeRunner.java:47)
	at org.eclipse.debug.internal.core.LaunchManager$ConfigurationNotifier.notify(LaunchManager.java:203)
	at org.eclipse.debug.internal.core.LaunchConfigurationWorkingCopy.setDirty(LaunchConfigurationWorkingCopy.java:527)
	at org.eclipse.debug.internal.core.LaunchConfigurationWorkingCopy.setAttribute(LaunchConfigurationWorkingCopy.java:415)
	at org.eclipse.m2e.jdt.internal.launch.MavenRuntimeClasspathProvider.disable(MavenRuntimeClasspathProvider.java:409)
	at org.eclipse.m2e.jdt.internal.launch.MavenRuntimeClasspathProvider.disable(MavenRuntimeClasspathProvider.java:435)
	at org.eclipse.m2e.jdt.internal.launch.MavenLaunchConfigurationListener.mavenProjectChanged(MavenLaunchConfigurationListener.java:137)
	at org.eclipse.m2e.core.internal.project.registry.ProjectRegistryManager.notifyProjectChangeListeners(ProjectRegistryManager.java:892)
	at org.eclipse.m2e.core.internal.project.registry.ProjectRegistryManager.applyMutableProjectRegistry(ProjectRegistryManager.java:1042)
	at org.eclipse.m2e.core.internal.project.registry.ProjectRegistryRefreshJob.lambda$0(ProjectRegistryRefreshJob.java:162)
	at org.eclipse.m2e.core.internal.embedder.MavenExecutionContext.executeBare(MavenExecutionContext.java:458)
	at org.eclipse.m2e.core.internal.embedder.MavenExecutionContext.execute(MavenExecutionContext.java:339)
	at org.eclipse.m2e.core.internal.embedder.MavenExecutionContext.execute(MavenExecutionContext.java:278)
	at org.eclipse.m2e.core.internal.project.registry.ProjectRegistryRefreshJob.run(ProjectRegistryRefreshJob.java:106)
	at org.eclipse.core.internal.jobs.Worker.run(Worker.java:63)
2025-06-16 16:42:30,396 [Worker-8: Updating Maven Dependencies] ERROR o.e.m.j.i.l.MavenLaunchConfigurationListener - Launch configuration LoadEntityManagerFactory references non-existing project cws_services_jpa.
org.eclipse.core.runtime.CoreException: Launch configuration LoadEntityManagerFactory references non-existing project cws_services_jpa.
	at org.eclipse.jdt.launching.JavaRuntime.abort(JavaRuntime.java:1870)
	at org.eclipse.jdt.launching.JavaRuntime.getJavaProject(JavaRuntime.java:1747)
	at org.eclipse.m2e.jdt.internal.launch.MavenLaunchConfigurationListener.updateLaunchConfiguration(MavenLaunchConfigurationListener.java:66)
	at org.eclipse.m2e.jdt.internal.launch.MavenLaunchConfigurationListener.launchConfigurationChanged(MavenLaunchConfigurationListener.java:52)
	at org.eclipse.debug.internal.core.LaunchManager$ConfigurationNotifier.run(LaunchManager.java:219)
	at org.eclipse.core.runtime.SafeRunner.run(SafeRunner.java:47)
	at org.eclipse.debug.internal.core.LaunchManager$ConfigurationNotifier.notify(LaunchManager.java:203)
	at org.eclipse.debug.internal.core.LaunchConfigurationWorkingCopy.setDirty(LaunchConfigurationWorkingCopy.java:527)
	at org.eclipse.debug.internal.core.LaunchConfigurationWorkingCopy.setAttribute(LaunchConfigurationWorkingCopy.java:415)
	at org.eclipse.m2e.jdt.internal.launch.MavenRuntimeClasspathProvider.disable(MavenRuntimeClasspathProvider.java:410)
	at org.eclipse.m2e.jdt.internal.launch.MavenRuntimeClasspathProvider.disable(MavenRuntimeClasspathProvider.java:435)
	at org.eclipse.m2e.jdt.internal.launch.MavenLaunchConfigurationListener.mavenProjectChanged(MavenLaunchConfigurationListener.java:137)
	at org.eclipse.m2e.core.internal.project.registry.ProjectRegistryManager.notifyProjectChangeListeners(ProjectRegistryManager.java:892)
	at org.eclipse.m2e.core.internal.project.registry.ProjectRegistryManager.applyMutableProjectRegistry(ProjectRegistryManager.java:1042)
	at org.eclipse.m2e.core.internal.project.registry.ProjectRegistryRefreshJob.lambda$0(ProjectRegistryRefreshJob.java:162)
	at org.eclipse.m2e.core.internal.embedder.MavenExecutionContext.executeBare(MavenExecutionContext.java:458)
	at org.eclipse.m2e.core.internal.embedder.MavenExecutionContext.execute(MavenExecutionContext.java:339)
	at org.eclipse.m2e.core.internal.embedder.MavenExecutionContext.execute(MavenExecutionContext.java:278)
	at org.eclipse.m2e.core.internal.project.registry.ProjectRegistryRefreshJob.run(ProjectRegistryRefreshJob.java:106)
	at org.eclipse.core.internal.jobs.Worker.run(Worker.java:63)
2025-06-16 16:42:30,460 [Worker-8: Updating Maven Dependencies] ERROR o.e.m.j.i.l.MavenLaunchConfigurationListener - Launch configuration LoadEntityManagerFactory references non-existing project cws_services_jpa.
org.eclipse.core.runtime.CoreException: Launch configuration LoadEntityManagerFactory references non-existing project cws_services_jpa.
	at org.eclipse.jdt.launching.JavaRuntime.abort(JavaRuntime.java:1870)
	at org.eclipse.jdt.launching.JavaRuntime.getJavaProject(JavaRuntime.java:1747)
	at org.eclipse.m2e.jdt.internal.launch.MavenLaunchConfigurationListener.updateLaunchConfiguration(MavenLaunchConfigurationListener.java:66)
	at org.eclipse.m2e.jdt.internal.launch.MavenLaunchConfigurationListener.launchConfigurationChanged(MavenLaunchConfigurationListener.java:52)
	at org.eclipse.debug.internal.core.LaunchManager$ConfigurationNotifier.run(LaunchManager.java:219)
	at org.eclipse.core.runtime.SafeRunner.run(SafeRunner.java:47)
	at org.eclipse.debug.internal.core.LaunchManager$ConfigurationNotifier.notify(LaunchManager.java:203)
	at org.eclipse.debug.internal.core.LaunchManager.launchConfigurationChanged(LaunchManager.java:1960)
	at org.eclipse.debug.internal.core.LaunchConfigurationWorkingCopy.writeNewFile(LaunchConfigurationWorkingCopy.java:380)
	at org.eclipse.debug.internal.core.LaunchConfigurationWorkingCopy.doSave0(LaunchConfigurationWorkingCopy.java:259)
	at org.eclipse.debug.internal.core.LaunchConfigurationWorkingCopy.doSave(LaunchConfigurationWorkingCopy.java:229)
	at org.eclipse.debug.internal.core.LaunchConfigurationWorkingCopy.doSave(LaunchConfigurationWorkingCopy.java:187)
	at org.eclipse.m2e.jdt.internal.launch.MavenRuntimeClasspathProvider.disable(MavenRuntimeClasspathProvider.java:411)
	at org.eclipse.m2e.jdt.internal.launch.MavenRuntimeClasspathProvider.disable(MavenRuntimeClasspathProvider.java:435)
	at org.eclipse.m2e.jdt.internal.launch.MavenLaunchConfigurationListener.mavenProjectChanged(MavenLaunchConfigurationListener.java:137)
	at org.eclipse.m2e.core.internal.project.registry.ProjectRegistryManager.notifyProjectChangeListeners(ProjectRegistryManager.java:892)
	at org.eclipse.m2e.core.internal.project.registry.ProjectRegistryManager.applyMutableProjectRegistry(ProjectRegistryManager.java:1042)
	at org.eclipse.m2e.core.internal.project.registry.ProjectRegistryRefreshJob.lambda$0(ProjectRegistryRefreshJob.java:162)
	at org.eclipse.m2e.core.internal.embedder.MavenExecutionContext.executeBare(MavenExecutionContext.java:458)
	at org.eclipse.m2e.core.internal.embedder.MavenExecutionContext.execute(MavenExecutionContext.java:339)
	at org.eclipse.m2e.core.internal.embedder.MavenExecutionContext.execute(MavenExecutionContext.java:278)
	at org.eclipse.m2e.core.internal.project.registry.ProjectRegistryRefreshJob.run(ProjectRegistryRefreshJob.java:106)
	at org.eclipse.core.internal.jobs.Worker.run(Worker.java:63)
2025-06-16 16:42:30,464 [Worker-8: Updating Maven Dependencies] ERROR o.e.m.j.i.l.MavenLaunchConfigurationListener - Launch configuration SparePartMappingTests references non-existing project cws_services_jpa.
org.eclipse.core.runtime.CoreException: Launch configuration SparePartMappingTests references non-existing project cws_services_jpa.
	at org.eclipse.jdt.launching.JavaRuntime.abort(JavaRuntime.java:1870)
	at org.eclipse.jdt.launching.JavaRuntime.getJavaProject(JavaRuntime.java:1747)
	at org.eclipse.m2e.jdt.internal.launch.MavenLaunchConfigurationListener.updateLaunchConfiguration(MavenLaunchConfigurationListener.java:66)
	at org.eclipse.m2e.jdt.internal.launch.MavenLaunchConfigurationListener.launchConfigurationChanged(MavenLaunchConfigurationListener.java:52)
	at org.eclipse.debug.internal.core.LaunchManager$ConfigurationNotifier.run(LaunchManager.java:219)
	at org.eclipse.core.runtime.SafeRunner.run(SafeRunner.java:47)
	at org.eclipse.debug.internal.core.LaunchManager$ConfigurationNotifier.notify(LaunchManager.java:203)
	at org.eclipse.debug.internal.core.LaunchConfigurationWorkingCopy.setDirty(LaunchConfigurationWorkingCopy.java:527)
	at org.eclipse.debug.internal.core.LaunchConfigurationWorkingCopy.setAttribute(LaunchConfigurationWorkingCopy.java:415)
	at org.eclipse.m2e.jdt.internal.launch.MavenRuntimeClasspathProvider.disable(MavenRuntimeClasspathProvider.java:409)
	at org.eclipse.m2e.jdt.internal.launch.MavenRuntimeClasspathProvider.disable(MavenRuntimeClasspathProvider.java:435)
	at org.eclipse.m2e.jdt.internal.launch.MavenLaunchConfigurationListener.mavenProjectChanged(MavenLaunchConfigurationListener.java:137)
	at org.eclipse.m2e.core.internal.project.registry.ProjectRegistryManager.notifyProjectChangeListeners(ProjectRegistryManager.java:892)
	at org.eclipse.m2e.core.internal.project.registry.ProjectRegistryManager.applyMutableProjectRegistry(ProjectRegistryManager.java:1042)
	at org.eclipse.m2e.core.internal.project.registry.ProjectRegistryRefreshJob.lambda$0(ProjectRegistryRefreshJob.java:162)
	at org.eclipse.m2e.core.internal.embedder.MavenExecutionContext.executeBare(MavenExecutionContext.java:458)
	at org.eclipse.m2e.core.internal.embedder.MavenExecutionContext.execute(MavenExecutionContext.java:339)
	at org.eclipse.m2e.core.internal.embedder.MavenExecutionContext.execute(MavenExecutionContext.java:278)
	at org.eclipse.m2e.core.internal.project.registry.ProjectRegistryRefreshJob.run(ProjectRegistryRefreshJob.java:106)
	at org.eclipse.core.internal.jobs.Worker.run(Worker.java:63)
2025-06-16 16:42:30,467 [Worker-8: Updating Maven Dependencies] ERROR o.e.m.j.i.l.MavenLaunchConfigurationListener - Launch configuration SparePartMappingTests references non-existing project cws_services_jpa.
org.eclipse.core.runtime.CoreException: Launch configuration SparePartMappingTests references non-existing project cws_services_jpa.
	at org.eclipse.jdt.launching.JavaRuntime.abort(JavaRuntime.java:1870)
	at org.eclipse.jdt.launching.JavaRuntime.getJavaProject(JavaRuntime.java:1747)
	at org.eclipse.m2e.jdt.internal.launch.MavenLaunchConfigurationListener.updateLaunchConfiguration(MavenLaunchConfigurationListener.java:66)
	at org.eclipse.m2e.jdt.internal.launch.MavenLaunchConfigurationListener.launchConfigurationChanged(MavenLaunchConfigurationListener.java:52)
	at org.eclipse.debug.internal.core.LaunchManager$ConfigurationNotifier.run(LaunchManager.java:219)
	at org.eclipse.core.runtime.SafeRunner.run(SafeRunner.java:47)
	at org.eclipse.debug.internal.core.LaunchManager$ConfigurationNotifier.notify(LaunchManager.java:203)
	at org.eclipse.debug.internal.core.LaunchConfigurationWorkingCopy.setDirty(LaunchConfigurationWorkingCopy.java:527)
	at org.eclipse.debug.internal.core.LaunchConfigurationWorkingCopy.setAttribute(LaunchConfigurationWorkingCopy.java:415)
	at org.eclipse.m2e.jdt.internal.launch.MavenRuntimeClasspathProvider.disable(MavenRuntimeClasspathProvider.java:410)
	at org.eclipse.m2e.jdt.internal.launch.MavenRuntimeClasspathProvider.disable(MavenRuntimeClasspathProvider.java:435)
	at org.eclipse.m2e.jdt.internal.launch.MavenLaunchConfigurationListener.mavenProjectChanged(MavenLaunchConfigurationListener.java:137)
	at org.eclipse.m2e.core.internal.project.registry.ProjectRegistryManager.notifyProjectChangeListeners(ProjectRegistryManager.java:892)
	at org.eclipse.m2e.core.internal.project.registry.ProjectRegistryManager.applyMutableProjectRegistry(ProjectRegistryManager.java:1042)
	at org.eclipse.m2e.core.internal.project.registry.ProjectRegistryRefreshJob.lambda$0(ProjectRegistryRefreshJob.java:162)
	at org.eclipse.m2e.core.internal.embedder.MavenExecutionContext.executeBare(MavenExecutionContext.java:458)
	at org.eclipse.m2e.core.internal.embedder.MavenExecutionContext.execute(MavenExecutionContext.java:339)
	at org.eclipse.m2e.core.internal.embedder.MavenExecutionContext.execute(MavenExecutionContext.java:278)
	at org.eclipse.m2e.core.internal.project.registry.ProjectRegistryRefreshJob.run(ProjectRegistryRefreshJob.java:106)
	at org.eclipse.core.internal.jobs.Worker.run(Worker.java:63)
2025-06-16 16:42:30,553 [Worker-8: Updating Maven Dependencies] ERROR o.e.m.j.i.l.MavenLaunchConfigurationListener - Launch configuration SparePartMappingTests references non-existing project cws_services_jpa.
org.eclipse.core.runtime.CoreException: Launch configuration SparePartMappingTests references non-existing project cws_services_jpa.
	at org.eclipse.jdt.launching.JavaRuntime.abort(JavaRuntime.java:1870)
	at org.eclipse.jdt.launching.JavaRuntime.getJavaProject(JavaRuntime.java:1747)
	at org.eclipse.m2e.jdt.internal.launch.MavenLaunchConfigurationListener.updateLaunchConfiguration(MavenLaunchConfigurationListener.java:66)
	at org.eclipse.m2e.jdt.internal.launch.MavenLaunchConfigurationListener.launchConfigurationChanged(MavenLaunchConfigurationListener.java:52)
	at org.eclipse.debug.internal.core.LaunchManager$ConfigurationNotifier.run(LaunchManager.java:219)
	at org.eclipse.core.runtime.SafeRunner.run(SafeRunner.java:47)
	at org.eclipse.debug.internal.core.LaunchManager$ConfigurationNotifier.notify(LaunchManager.java:203)
	at org.eclipse.debug.internal.core.LaunchManager.launchConfigurationChanged(LaunchManager.java:1960)
	at org.eclipse.debug.internal.core.LaunchConfigurationWorkingCopy.writeNewFile(LaunchConfigurationWorkingCopy.java:380)
	at org.eclipse.debug.internal.core.LaunchConfigurationWorkingCopy.doSave0(LaunchConfigurationWorkingCopy.java:259)
	at org.eclipse.debug.internal.core.LaunchConfigurationWorkingCopy.doSave(LaunchConfigurationWorkingCopy.java:229)
	at org.eclipse.debug.internal.core.LaunchConfigurationWorkingCopy.doSave(LaunchConfigurationWorkingCopy.java:187)
	at org.eclipse.m2e.jdt.internal.launch.MavenRuntimeClasspathProvider.disable(MavenRuntimeClasspathProvider.java:411)
	at org.eclipse.m2e.jdt.internal.launch.MavenRuntimeClasspathProvider.disable(MavenRuntimeClasspathProvider.java:435)
	at org.eclipse.m2e.jdt.internal.launch.MavenLaunchConfigurationListener.mavenProjectChanged(MavenLaunchConfigurationListener.java:137)
	at org.eclipse.m2e.core.internal.project.registry.ProjectRegistryManager.notifyProjectChangeListeners(ProjectRegistryManager.java:892)
	at org.eclipse.m2e.core.internal.project.registry.ProjectRegistryManager.applyMutableProjectRegistry(ProjectRegistryManager.java:1042)
	at org.eclipse.m2e.core.internal.project.registry.ProjectRegistryRefreshJob.lambda$0(ProjectRegistryRefreshJob.java:162)
	at org.eclipse.m2e.core.internal.embedder.MavenExecutionContext.executeBare(MavenExecutionContext.java:458)
	at org.eclipse.m2e.core.internal.embedder.MavenExecutionContext.execute(MavenExecutionContext.java:339)
	at org.eclipse.m2e.core.internal.embedder.MavenExecutionContext.execute(MavenExecutionContext.java:278)
	at org.eclipse.m2e.core.internal.project.registry.ProjectRegistryRefreshJob.run(ProjectRegistryRefreshJob.java:106)
	at org.eclipse.core.internal.jobs.Worker.run(Worker.java:63)
2025-06-16 16:42:30,556 [Worker-8: Updating Maven Dependencies] ERROR o.e.m.j.i.l.MavenLaunchConfigurationListener - Launch configuration uo.ri.cws.associations references non-existing project cws_services_jpa.
org.eclipse.core.runtime.CoreException: Launch configuration uo.ri.cws.associations references non-existing project cws_services_jpa.
	at org.eclipse.jdt.launching.JavaRuntime.abort(JavaRuntime.java:1870)
	at org.eclipse.jdt.launching.JavaRuntime.getJavaProject(JavaRuntime.java:1747)
	at org.eclipse.m2e.jdt.internal.launch.MavenLaunchConfigurationListener.updateLaunchConfiguration(MavenLaunchConfigurationListener.java:66)
	at org.eclipse.m2e.jdt.internal.launch.MavenLaunchConfigurationListener.launchConfigurationChanged(MavenLaunchConfigurationListener.java:52)
	at org.eclipse.debug.internal.core.LaunchManager$ConfigurationNotifier.run(LaunchManager.java:219)
	at org.eclipse.core.runtime.SafeRunner.run(SafeRunner.java:47)
	at org.eclipse.debug.internal.core.LaunchManager$ConfigurationNotifier.notify(LaunchManager.java:203)
	at org.eclipse.debug.internal.core.LaunchConfigurationWorkingCopy.setDirty(LaunchConfigurationWorkingCopy.java:527)
	at org.eclipse.debug.internal.core.LaunchConfigurationWorkingCopy.setAttribute(LaunchConfigurationWorkingCopy.java:415)
	at org.eclipse.m2e.jdt.internal.launch.MavenRuntimeClasspathProvider.disable(MavenRuntimeClasspathProvider.java:409)
	at org.eclipse.m2e.jdt.internal.launch.MavenRuntimeClasspathProvider.disable(MavenRuntimeClasspathProvider.java:435)
	at org.eclipse.m2e.jdt.internal.launch.MavenLaunchConfigurationListener.mavenProjectChanged(MavenLaunchConfigurationListener.java:137)
	at org.eclipse.m2e.core.internal.project.registry.ProjectRegistryManager.notifyProjectChangeListeners(ProjectRegistryManager.java:892)
	at org.eclipse.m2e.core.internal.project.registry.ProjectRegistryManager.applyMutableProjectRegistry(ProjectRegistryManager.java:1042)
	at org.eclipse.m2e.core.internal.project.registry.ProjectRegistryRefreshJob.lambda$0(ProjectRegistryRefreshJob.java:162)
	at org.eclipse.m2e.core.internal.embedder.MavenExecutionContext.executeBare(MavenExecutionContext.java:458)
	at org.eclipse.m2e.core.internal.embedder.MavenExecutionContext.execute(MavenExecutionContext.java:339)
	at org.eclipse.m2e.core.internal.embedder.MavenExecutionContext.execute(MavenExecutionContext.java:278)
	at org.eclipse.m2e.core.internal.project.registry.ProjectRegistryRefreshJob.run(ProjectRegistryRefreshJob.java:106)
	at org.eclipse.core.internal.jobs.Worker.run(Worker.java:63)
2025-06-16 16:42:30,560 [Worker-8: Updating Maven Dependencies] ERROR o.e.m.j.i.l.MavenLaunchConfigurationListener - Launch configuration uo.ri.cws.associations references non-existing project cws_services_jpa.
org.eclipse.core.runtime.CoreException: Launch configuration uo.ri.cws.associations references non-existing project cws_services_jpa.
	at org.eclipse.jdt.launching.JavaRuntime.abort(JavaRuntime.java:1870)
	at org.eclipse.jdt.launching.JavaRuntime.getJavaProject(JavaRuntime.java:1747)
	at org.eclipse.m2e.jdt.internal.launch.MavenLaunchConfigurationListener.updateLaunchConfiguration(MavenLaunchConfigurationListener.java:66)
	at org.eclipse.m2e.jdt.internal.launch.MavenLaunchConfigurationListener.launchConfigurationChanged(MavenLaunchConfigurationListener.java:52)
	at org.eclipse.debug.internal.core.LaunchManager$ConfigurationNotifier.run(LaunchManager.java:219)
	at org.eclipse.core.runtime.SafeRunner.run(SafeRunner.java:47)
	at org.eclipse.debug.internal.core.LaunchManager$ConfigurationNotifier.notify(LaunchManager.java:203)
	at org.eclipse.debug.internal.core.LaunchConfigurationWorkingCopy.setDirty(LaunchConfigurationWorkingCopy.java:527)
	at org.eclipse.debug.internal.core.LaunchConfigurationWorkingCopy.setAttribute(LaunchConfigurationWorkingCopy.java:415)
	at org.eclipse.m2e.jdt.internal.launch.MavenRuntimeClasspathProvider.disable(MavenRuntimeClasspathProvider.java:410)
	at org.eclipse.m2e.jdt.internal.launch.MavenRuntimeClasspathProvider.disable(MavenRuntimeClasspathProvider.java:435)
	at org.eclipse.m2e.jdt.internal.launch.MavenLaunchConfigurationListener.mavenProjectChanged(MavenLaunchConfigurationListener.java:137)
	at org.eclipse.m2e.core.internal.project.registry.ProjectRegistryManager.notifyProjectChangeListeners(ProjectRegistryManager.java:892)
	at org.eclipse.m2e.core.internal.project.registry.ProjectRegistryManager.applyMutableProjectRegistry(ProjectRegistryManager.java:1042)
	at org.eclipse.m2e.core.internal.project.registry.ProjectRegistryRefreshJob.lambda$0(ProjectRegistryRefreshJob.java:162)
	at org.eclipse.m2e.core.internal.embedder.MavenExecutionContext.executeBare(MavenExecutionContext.java:458)
	at org.eclipse.m2e.core.internal.embedder.MavenExecutionContext.execute(MavenExecutionContext.java:339)
	at org.eclipse.m2e.core.internal.embedder.MavenExecutionContext.execute(MavenExecutionContext.java:278)
	at org.eclipse.m2e.core.internal.project.registry.ProjectRegistryRefreshJob.run(ProjectRegistryRefreshJob.java:106)
	at org.eclipse.core.internal.jobs.Worker.run(Worker.java:63)
2025-06-16 16:42:30,601 [Worker-8: Updating Maven Dependencies] ERROR o.e.m.j.i.l.MavenLaunchConfigurationListener - Launch configuration uo.ri.cws.associations references non-existing project cws_services_jpa.
org.eclipse.core.runtime.CoreException: Launch configuration uo.ri.cws.associations references non-existing project cws_services_jpa.
	at org.eclipse.jdt.launching.JavaRuntime.abort(JavaRuntime.java:1870)
	at org.eclipse.jdt.launching.JavaRuntime.getJavaProject(JavaRuntime.java:1747)
	at org.eclipse.m2e.jdt.internal.launch.MavenLaunchConfigurationListener.updateLaunchConfiguration(MavenLaunchConfigurationListener.java:66)
	at org.eclipse.m2e.jdt.internal.launch.MavenLaunchConfigurationListener.launchConfigurationChanged(MavenLaunchConfigurationListener.java:52)
	at org.eclipse.debug.internal.core.LaunchManager$ConfigurationNotifier.run(LaunchManager.java:219)
	at org.eclipse.core.runtime.SafeRunner.run(SafeRunner.java:47)
	at org.eclipse.debug.internal.core.LaunchManager$ConfigurationNotifier.notify(LaunchManager.java:203)
	at org.eclipse.debug.internal.core.LaunchManager.launchConfigurationChanged(LaunchManager.java:1960)
	at org.eclipse.debug.internal.core.LaunchConfigurationWorkingCopy.writeNewFile(LaunchConfigurationWorkingCopy.java:380)
	at org.eclipse.debug.internal.core.LaunchConfigurationWorkingCopy.doSave0(LaunchConfigurationWorkingCopy.java:259)
	at org.eclipse.debug.internal.core.LaunchConfigurationWorkingCopy.doSave(LaunchConfigurationWorkingCopy.java:229)
	at org.eclipse.debug.internal.core.LaunchConfigurationWorkingCopy.doSave(LaunchConfigurationWorkingCopy.java:187)
	at org.eclipse.m2e.jdt.internal.launch.MavenRuntimeClasspathProvider.disable(MavenRuntimeClasspathProvider.java:411)
	at org.eclipse.m2e.jdt.internal.launch.MavenRuntimeClasspathProvider.disable(MavenRuntimeClasspathProvider.java:435)
	at org.eclipse.m2e.jdt.internal.launch.MavenLaunchConfigurationListener.mavenProjectChanged(MavenLaunchConfigurationListener.java:137)
	at org.eclipse.m2e.core.internal.project.registry.ProjectRegistryManager.notifyProjectChangeListeners(ProjectRegistryManager.java:892)
	at org.eclipse.m2e.core.internal.project.registry.ProjectRegistryManager.applyMutableProjectRegistry(ProjectRegistryManager.java:1042)
	at org.eclipse.m2e.core.internal.project.registry.ProjectRegistryRefreshJob.lambda$0(ProjectRegistryRefreshJob.java:162)
	at org.eclipse.m2e.core.internal.embedder.MavenExecutionContext.executeBare(MavenExecutionContext.java:458)
	at org.eclipse.m2e.core.internal.embedder.MavenExecutionContext.execute(MavenExecutionContext.java:339)
	at org.eclipse.m2e.core.internal.embedder.MavenExecutionContext.execute(MavenExecutionContext.java:278)
	at org.eclipse.m2e.core.internal.project.registry.ProjectRegistryRefreshJob.run(ProjectRegistryRefreshJob.java:106)
	at org.eclipse.core.internal.jobs.Worker.run(Worker.java:63)
2025-06-16 16:42:30,603 [Worker-8: Updating Maven Dependencies] ERROR o.e.m.j.i.l.MavenLaunchConfigurationListener - Launch configuration uo.ri.cws.domain (1) references non-existing project cws_services_jpa.
org.eclipse.core.runtime.CoreException: Launch configuration uo.ri.cws.domain (1) references non-existing project cws_services_jpa.
	at org.eclipse.jdt.launching.JavaRuntime.abort(JavaRuntime.java:1870)
	at org.eclipse.jdt.launching.JavaRuntime.getJavaProject(JavaRuntime.java:1747)
	at org.eclipse.m2e.jdt.internal.launch.MavenLaunchConfigurationListener.updateLaunchConfiguration(MavenLaunchConfigurationListener.java:66)
	at org.eclipse.m2e.jdt.internal.launch.MavenLaunchConfigurationListener.launchConfigurationChanged(MavenLaunchConfigurationListener.java:52)
	at org.eclipse.debug.internal.core.LaunchManager$ConfigurationNotifier.run(LaunchManager.java:219)
	at org.eclipse.core.runtime.SafeRunner.run(SafeRunner.java:47)
	at org.eclipse.debug.internal.core.LaunchManager$ConfigurationNotifier.notify(LaunchManager.java:203)
	at org.eclipse.debug.internal.core.LaunchConfigurationWorkingCopy.setDirty(LaunchConfigurationWorkingCopy.java:527)
	at org.eclipse.debug.internal.core.LaunchConfigurationWorkingCopy.setAttribute(LaunchConfigurationWorkingCopy.java:415)
	at org.eclipse.m2e.jdt.internal.launch.MavenRuntimeClasspathProvider.disable(MavenRuntimeClasspathProvider.java:409)
	at org.eclipse.m2e.jdt.internal.launch.MavenRuntimeClasspathProvider.disable(MavenRuntimeClasspathProvider.java:435)
	at org.eclipse.m2e.jdt.internal.launch.MavenLaunchConfigurationListener.mavenProjectChanged(MavenLaunchConfigurationListener.java:137)
	at org.eclipse.m2e.core.internal.project.registry.ProjectRegistryManager.notifyProjectChangeListeners(ProjectRegistryManager.java:892)
	at org.eclipse.m2e.core.internal.project.registry.ProjectRegistryManager.applyMutableProjectRegistry(ProjectRegistryManager.java:1042)
	at org.eclipse.m2e.core.internal.project.registry.ProjectRegistryRefreshJob.lambda$0(ProjectRegistryRefreshJob.java:162)
	at org.eclipse.m2e.core.internal.embedder.MavenExecutionContext.executeBare(MavenExecutionContext.java:458)
	at org.eclipse.m2e.core.internal.embedder.MavenExecutionContext.execute(MavenExecutionContext.java:339)
	at org.eclipse.m2e.core.internal.embedder.MavenExecutionContext.execute(MavenExecutionContext.java:278)
	at org.eclipse.m2e.core.internal.project.registry.ProjectRegistryRefreshJob.run(ProjectRegistryRefreshJob.java:106)
	at org.eclipse.core.internal.jobs.Worker.run(Worker.java:63)
2025-06-16 16:42:30,606 [Worker-8: Updating Maven Dependencies] ERROR o.e.m.j.i.l.MavenLaunchConfigurationListener - Launch configuration uo.ri.cws.domain (1) references non-existing project cws_services_jpa.
org.eclipse.core.runtime.CoreException: Launch configuration uo.ri.cws.domain (1) references non-existing project cws_services_jpa.
	at org.eclipse.jdt.launching.JavaRuntime.abort(JavaRuntime.java:1870)
	at org.eclipse.jdt.launching.JavaRuntime.getJavaProject(JavaRuntime.java:1747)
	at org.eclipse.m2e.jdt.internal.launch.MavenLaunchConfigurationListener.updateLaunchConfiguration(MavenLaunchConfigurationListener.java:66)
	at org.eclipse.m2e.jdt.internal.launch.MavenLaunchConfigurationListener.launchConfigurationChanged(MavenLaunchConfigurationListener.java:52)
	at org.eclipse.debug.internal.core.LaunchManager$ConfigurationNotifier.run(LaunchManager.java:219)
	at org.eclipse.core.runtime.SafeRunner.run(SafeRunner.java:47)
	at org.eclipse.debug.internal.core.LaunchManager$ConfigurationNotifier.notify(LaunchManager.java:203)
	at org.eclipse.debug.internal.core.LaunchConfigurationWorkingCopy.setDirty(LaunchConfigurationWorkingCopy.java:527)
	at org.eclipse.debug.internal.core.LaunchConfigurationWorkingCopy.setAttribute(LaunchConfigurationWorkingCopy.java:415)
	at org.eclipse.m2e.jdt.internal.launch.MavenRuntimeClasspathProvider.disable(MavenRuntimeClasspathProvider.java:410)
	at org.eclipse.m2e.jdt.internal.launch.MavenRuntimeClasspathProvider.disable(MavenRuntimeClasspathProvider.java:435)
	at org.eclipse.m2e.jdt.internal.launch.MavenLaunchConfigurationListener.mavenProjectChanged(MavenLaunchConfigurationListener.java:137)
	at org.eclipse.m2e.core.internal.project.registry.ProjectRegistryManager.notifyProjectChangeListeners(ProjectRegistryManager.java:892)
	at org.eclipse.m2e.core.internal.project.registry.ProjectRegistryManager.applyMutableProjectRegistry(ProjectRegistryManager.java:1042)
	at org.eclipse.m2e.core.internal.project.registry.ProjectRegistryRefreshJob.lambda$0(ProjectRegistryRefreshJob.java:162)
	at org.eclipse.m2e.core.internal.embedder.MavenExecutionContext.executeBare(MavenExecutionContext.java:458)
	at org.eclipse.m2e.core.internal.embedder.MavenExecutionContext.execute(MavenExecutionContext.java:339)
	at org.eclipse.m2e.core.internal.embedder.MavenExecutionContext.execute(MavenExecutionContext.java:278)
	at org.eclipse.m2e.core.internal.project.registry.ProjectRegistryRefreshJob.run(ProjectRegistryRefreshJob.java:106)
	at org.eclipse.core.internal.jobs.Worker.run(Worker.java:63)
2025-06-16 16:42:30,634 [Worker-8: Updating Maven Dependencies] ERROR o.e.m.j.i.l.MavenLaunchConfigurationListener - Launch configuration uo.ri.cws.domain (1) references non-existing project cws_services_jpa.
org.eclipse.core.runtime.CoreException: Launch configuration uo.ri.cws.domain (1) references non-existing project cws_services_jpa.
	at org.eclipse.jdt.launching.JavaRuntime.abort(JavaRuntime.java:1870)
	at org.eclipse.jdt.launching.JavaRuntime.getJavaProject(JavaRuntime.java:1747)
	at org.eclipse.m2e.jdt.internal.launch.MavenLaunchConfigurationListener.updateLaunchConfiguration(MavenLaunchConfigurationListener.java:66)
	at org.eclipse.m2e.jdt.internal.launch.MavenLaunchConfigurationListener.launchConfigurationChanged(MavenLaunchConfigurationListener.java:52)
	at org.eclipse.debug.internal.core.LaunchManager$ConfigurationNotifier.run(LaunchManager.java:219)
	at org.eclipse.core.runtime.SafeRunner.run(SafeRunner.java:47)
	at org.eclipse.debug.internal.core.LaunchManager$ConfigurationNotifier.notify(LaunchManager.java:203)
	at org.eclipse.debug.internal.core.LaunchManager.launchConfigurationChanged(LaunchManager.java:1960)
	at org.eclipse.debug.internal.core.LaunchConfigurationWorkingCopy.writeNewFile(LaunchConfigurationWorkingCopy.java:380)
	at org.eclipse.debug.internal.core.LaunchConfigurationWorkingCopy.doSave0(LaunchConfigurationWorkingCopy.java:259)
	at org.eclipse.debug.internal.core.LaunchConfigurationWorkingCopy.doSave(LaunchConfigurationWorkingCopy.java:229)
	at org.eclipse.debug.internal.core.LaunchConfigurationWorkingCopy.doSave(LaunchConfigurationWorkingCopy.java:187)
	at org.eclipse.m2e.jdt.internal.launch.MavenRuntimeClasspathProvider.disable(MavenRuntimeClasspathProvider.java:411)
	at org.eclipse.m2e.jdt.internal.launch.MavenRuntimeClasspathProvider.disable(MavenRuntimeClasspathProvider.java:435)
	at org.eclipse.m2e.jdt.internal.launch.MavenLaunchConfigurationListener.mavenProjectChanged(MavenLaunchConfigurationListener.java:137)
	at org.eclipse.m2e.core.internal.project.registry.ProjectRegistryManager.notifyProjectChangeListeners(ProjectRegistryManager.java:892)
	at org.eclipse.m2e.core.internal.project.registry.ProjectRegistryManager.applyMutableProjectRegistry(ProjectRegistryManager.java:1042)
	at org.eclipse.m2e.core.internal.project.registry.ProjectRegistryRefreshJob.lambda$0(ProjectRegistryRefreshJob.java:162)
	at org.eclipse.m2e.core.internal.embedder.MavenExecutionContext.executeBare(MavenExecutionContext.java:458)
	at org.eclipse.m2e.core.internal.embedder.MavenExecutionContext.execute(MavenExecutionContext.java:339)
	at org.eclipse.m2e.core.internal.embedder.MavenExecutionContext.execute(MavenExecutionContext.java:278)
	at org.eclipse.m2e.core.internal.project.registry.ProjectRegistryRefreshJob.run(ProjectRegistryRefreshJob.java:106)
	at org.eclipse.core.internal.jobs.Worker.run(Worker.java:63)
2025-06-16 16:42:30,638 [Worker-8: Updating Maven Dependencies] ERROR o.e.m.j.i.l.MavenLaunchConfigurationListener - Launch configuration uo.ri.cws.domain references non-existing project cws_services_jpa.
org.eclipse.core.runtime.CoreException: Launch configuration uo.ri.cws.domain references non-existing project cws_services_jpa.
	at org.eclipse.jdt.launching.JavaRuntime.abort(JavaRuntime.java:1870)
	at org.eclipse.jdt.launching.JavaRuntime.getJavaProject(JavaRuntime.java:1747)
	at org.eclipse.m2e.jdt.internal.launch.MavenLaunchConfigurationListener.updateLaunchConfiguration(MavenLaunchConfigurationListener.java:66)
	at org.eclipse.m2e.jdt.internal.launch.MavenLaunchConfigurationListener.launchConfigurationChanged(MavenLaunchConfigurationListener.java:52)
	at org.eclipse.debug.internal.core.LaunchManager$ConfigurationNotifier.run(LaunchManager.java:219)
	at org.eclipse.core.runtime.SafeRunner.run(SafeRunner.java:47)
	at org.eclipse.debug.internal.core.LaunchManager$ConfigurationNotifier.notify(LaunchManager.java:203)
	at org.eclipse.debug.internal.core.LaunchConfigurationWorkingCopy.setDirty(LaunchConfigurationWorkingCopy.java:527)
	at org.eclipse.debug.internal.core.LaunchConfigurationWorkingCopy.setAttribute(LaunchConfigurationWorkingCopy.java:415)
	at org.eclipse.m2e.jdt.internal.launch.MavenRuntimeClasspathProvider.disable(MavenRuntimeClasspathProvider.java:409)
	at org.eclipse.m2e.jdt.internal.launch.MavenRuntimeClasspathProvider.disable(MavenRuntimeClasspathProvider.java:435)
	at org.eclipse.m2e.jdt.internal.launch.MavenLaunchConfigurationListener.mavenProjectChanged(MavenLaunchConfigurationListener.java:137)
	at org.eclipse.m2e.core.internal.project.registry.ProjectRegistryManager.notifyProjectChangeListeners(ProjectRegistryManager.java:892)
	at org.eclipse.m2e.core.internal.project.registry.ProjectRegistryManager.applyMutableProjectRegistry(ProjectRegistryManager.java:1042)
	at org.eclipse.m2e.core.internal.project.registry.ProjectRegistryRefreshJob.lambda$0(ProjectRegistryRefreshJob.java:162)
	at org.eclipse.m2e.core.internal.embedder.MavenExecutionContext.executeBare(MavenExecutionContext.java:458)
	at org.eclipse.m2e.core.internal.embedder.MavenExecutionContext.execute(MavenExecutionContext.java:339)
	at org.eclipse.m2e.core.internal.embedder.MavenExecutionContext.execute(MavenExecutionContext.java:278)
	at org.eclipse.m2e.core.internal.project.registry.ProjectRegistryRefreshJob.run(ProjectRegistryRefreshJob.java:106)
	at org.eclipse.core.internal.jobs.Worker.run(Worker.java:63)
2025-06-16 16:42:30,644 [Worker-8: Updating Maven Dependencies] ERROR o.e.m.j.i.l.MavenLaunchConfigurationListener - Launch configuration uo.ri.cws.domain references non-existing project cws_services_jpa.
org.eclipse.core.runtime.CoreException: Launch configuration uo.ri.cws.domain references non-existing project cws_services_jpa.
	at org.eclipse.jdt.launching.JavaRuntime.abort(JavaRuntime.java:1870)
	at org.eclipse.jdt.launching.JavaRuntime.getJavaProject(JavaRuntime.java:1747)
	at org.eclipse.m2e.jdt.internal.launch.MavenLaunchConfigurationListener.updateLaunchConfiguration(MavenLaunchConfigurationListener.java:66)
	at org.eclipse.m2e.jdt.internal.launch.MavenLaunchConfigurationListener.launchConfigurationChanged(MavenLaunchConfigurationListener.java:52)
	at org.eclipse.debug.internal.core.LaunchManager$ConfigurationNotifier.run(LaunchManager.java:219)
	at org.eclipse.core.runtime.SafeRunner.run(SafeRunner.java:47)
	at org.eclipse.debug.internal.core.LaunchManager$ConfigurationNotifier.notify(LaunchManager.java:203)
	at org.eclipse.debug.internal.core.LaunchConfigurationWorkingCopy.setDirty(LaunchConfigurationWorkingCopy.java:527)
	at org.eclipse.debug.internal.core.LaunchConfigurationWorkingCopy.setAttribute(LaunchConfigurationWorkingCopy.java:415)
	at org.eclipse.m2e.jdt.internal.launch.MavenRuntimeClasspathProvider.disable(MavenRuntimeClasspathProvider.java:410)
	at org.eclipse.m2e.jdt.internal.launch.MavenRuntimeClasspathProvider.disable(MavenRuntimeClasspathProvider.java:435)
	at org.eclipse.m2e.jdt.internal.launch.MavenLaunchConfigurationListener.mavenProjectChanged(MavenLaunchConfigurationListener.java:137)
	at org.eclipse.m2e.core.internal.project.registry.ProjectRegistryManager.notifyProjectChangeListeners(ProjectRegistryManager.java:892)
	at org.eclipse.m2e.core.internal.project.registry.ProjectRegistryManager.applyMutableProjectRegistry(ProjectRegistryManager.java:1042)
	at org.eclipse.m2e.core.internal.project.registry.ProjectRegistryRefreshJob.lambda$0(ProjectRegistryRefreshJob.java:162)
	at org.eclipse.m2e.core.internal.embedder.MavenExecutionContext.executeBare(MavenExecutionContext.java:458)
	at org.eclipse.m2e.core.internal.embedder.MavenExecutionContext.execute(MavenExecutionContext.java:339)
	at org.eclipse.m2e.core.internal.embedder.MavenExecutionContext.execute(MavenExecutionContext.java:278)
	at org.eclipse.m2e.core.internal.project.registry.ProjectRegistryRefreshJob.run(ProjectRegistryRefreshJob.java:106)
	at org.eclipse.core.internal.jobs.Worker.run(Worker.java:63)
2025-06-16 16:42:30,678 [Worker-8: Updating Maven Dependencies] ERROR o.e.m.j.i.l.MavenLaunchConfigurationListener - Launch configuration uo.ri.cws.domain references non-existing project cws_services_jpa.
org.eclipse.core.runtime.CoreException: Launch configuration uo.ri.cws.domain references non-existing project cws_services_jpa.
	at org.eclipse.jdt.launching.JavaRuntime.abort(JavaRuntime.java:1870)
	at org.eclipse.jdt.launching.JavaRuntime.getJavaProject(JavaRuntime.java:1747)
	at org.eclipse.m2e.jdt.internal.launch.MavenLaunchConfigurationListener.updateLaunchConfiguration(MavenLaunchConfigurationListener.java:66)
	at org.eclipse.m2e.jdt.internal.launch.MavenLaunchConfigurationListener.launchConfigurationChanged(MavenLaunchConfigurationListener.java:52)
	at org.eclipse.debug.internal.core.LaunchManager$ConfigurationNotifier.run(LaunchManager.java:219)
	at org.eclipse.core.runtime.SafeRunner.run(SafeRunner.java:47)
	at org.eclipse.debug.internal.core.LaunchManager$ConfigurationNotifier.notify(LaunchManager.java:203)
	at org.eclipse.debug.internal.core.LaunchManager.launchConfigurationChanged(LaunchManager.java:1960)
	at org.eclipse.debug.internal.core.LaunchConfigurationWorkingCopy.writeNewFile(LaunchConfigurationWorkingCopy.java:380)
	at org.eclipse.debug.internal.core.LaunchConfigurationWorkingCopy.doSave0(LaunchConfigurationWorkingCopy.java:259)
	at org.eclipse.debug.internal.core.LaunchConfigurationWorkingCopy.doSave(LaunchConfigurationWorkingCopy.java:229)
	at org.eclipse.debug.internal.core.LaunchConfigurationWorkingCopy.doSave(LaunchConfigurationWorkingCopy.java:187)
	at org.eclipse.m2e.jdt.internal.launch.MavenRuntimeClasspathProvider.disable(MavenRuntimeClasspathProvider.java:411)
	at org.eclipse.m2e.jdt.internal.launch.MavenRuntimeClasspathProvider.disable(MavenRuntimeClasspathProvider.java:435)
	at org.eclipse.m2e.jdt.internal.launch.MavenLaunchConfigurationListener.mavenProjectChanged(MavenLaunchConfigurationListener.java:137)
	at org.eclipse.m2e.core.internal.project.registry.ProjectRegistryManager.notifyProjectChangeListeners(ProjectRegistryManager.java:892)
	at org.eclipse.m2e.core.internal.project.registry.ProjectRegistryManager.applyMutableProjectRegistry(ProjectRegistryManager.java:1042)
	at org.eclipse.m2e.core.internal.project.registry.ProjectRegistryRefreshJob.lambda$0(ProjectRegistryRefreshJob.java:162)
	at org.eclipse.m2e.core.internal.embedder.MavenExecutionContext.executeBare(MavenExecutionContext.java:458)
	at org.eclipse.m2e.core.internal.embedder.MavenExecutionContext.execute(MavenExecutionContext.java:339)
	at org.eclipse.m2e.core.internal.embedder.MavenExecutionContext.execute(MavenExecutionContext.java:278)
	at org.eclipse.m2e.core.internal.project.registry.ProjectRegistryRefreshJob.run(ProjectRegistryRefreshJob.java:106)
	at org.eclipse.core.internal.jobs.Worker.run(Worker.java:63)
2025-06-16 16:42:30,680 [Worker-8: Updating Maven Dependencies] ERROR o.e.m.j.i.l.MavenLaunchConfigurationListener - Launch configuration uo.ri.cws.ext.domain.sparepart references non-existing project cws_services_jpa.
org.eclipse.core.runtime.CoreException: Launch configuration uo.ri.cws.ext.domain.sparepart references non-existing project cws_services_jpa.
	at org.eclipse.jdt.launching.JavaRuntime.abort(JavaRuntime.java:1870)
	at org.eclipse.jdt.launching.JavaRuntime.getJavaProject(JavaRuntime.java:1747)
	at org.eclipse.m2e.jdt.internal.launch.MavenLaunchConfigurationListener.updateLaunchConfiguration(MavenLaunchConfigurationListener.java:66)
	at org.eclipse.m2e.jdt.internal.launch.MavenLaunchConfigurationListener.launchConfigurationChanged(MavenLaunchConfigurationListener.java:52)
	at org.eclipse.debug.internal.core.LaunchManager$ConfigurationNotifier.run(LaunchManager.java:219)
	at org.eclipse.core.runtime.SafeRunner.run(SafeRunner.java:47)
	at org.eclipse.debug.internal.core.LaunchManager$ConfigurationNotifier.notify(LaunchManager.java:203)
	at org.eclipse.debug.internal.core.LaunchConfigurationWorkingCopy.setDirty(LaunchConfigurationWorkingCopy.java:527)
	at org.eclipse.debug.internal.core.LaunchConfigurationWorkingCopy.setAttribute(LaunchConfigurationWorkingCopy.java:415)
	at org.eclipse.m2e.jdt.internal.launch.MavenRuntimeClasspathProvider.disable(MavenRuntimeClasspathProvider.java:409)
	at org.eclipse.m2e.jdt.internal.launch.MavenRuntimeClasspathProvider.disable(MavenRuntimeClasspathProvider.java:435)
	at org.eclipse.m2e.jdt.internal.launch.MavenLaunchConfigurationListener.mavenProjectChanged(MavenLaunchConfigurationListener.java:137)
	at org.eclipse.m2e.core.internal.project.registry.ProjectRegistryManager.notifyProjectChangeListeners(ProjectRegistryManager.java:892)
	at org.eclipse.m2e.core.internal.project.registry.ProjectRegistryManager.applyMutableProjectRegistry(ProjectRegistryManager.java:1042)
	at org.eclipse.m2e.core.internal.project.registry.ProjectRegistryRefreshJob.lambda$0(ProjectRegistryRefreshJob.java:162)
	at org.eclipse.m2e.core.internal.embedder.MavenExecutionContext.executeBare(MavenExecutionContext.java:458)
	at org.eclipse.m2e.core.internal.embedder.MavenExecutionContext.execute(MavenExecutionContext.java:339)
	at org.eclipse.m2e.core.internal.embedder.MavenExecutionContext.execute(MavenExecutionContext.java:278)
	at org.eclipse.m2e.core.internal.project.registry.ProjectRegistryRefreshJob.run(ProjectRegistryRefreshJob.java:106)
	at org.eclipse.core.internal.jobs.Worker.run(Worker.java:63)
2025-06-16 16:42:30,683 [Worker-8: Updating Maven Dependencies] ERROR o.e.m.j.i.l.MavenLaunchConfigurationListener - Launch configuration uo.ri.cws.ext.domain.sparepart references non-existing project cws_services_jpa.
org.eclipse.core.runtime.CoreException: Launch configuration uo.ri.cws.ext.domain.sparepart references non-existing project cws_services_jpa.
	at org.eclipse.jdt.launching.JavaRuntime.abort(JavaRuntime.java:1870)
	at org.eclipse.jdt.launching.JavaRuntime.getJavaProject(JavaRuntime.java:1747)
	at org.eclipse.m2e.jdt.internal.launch.MavenLaunchConfigurationListener.updateLaunchConfiguration(MavenLaunchConfigurationListener.java:66)
	at org.eclipse.m2e.jdt.internal.launch.MavenLaunchConfigurationListener.launchConfigurationChanged(MavenLaunchConfigurationListener.java:52)
	at org.eclipse.debug.internal.core.LaunchManager$ConfigurationNotifier.run(LaunchManager.java:219)
	at org.eclipse.core.runtime.SafeRunner.run(SafeRunner.java:47)
	at org.eclipse.debug.internal.core.LaunchManager$ConfigurationNotifier.notify(LaunchManager.java:203)
	at org.eclipse.debug.internal.core.LaunchConfigurationWorkingCopy.setDirty(LaunchConfigurationWorkingCopy.java:527)
	at org.eclipse.debug.internal.core.LaunchConfigurationWorkingCopy.setAttribute(LaunchConfigurationWorkingCopy.java:415)
	at org.eclipse.m2e.jdt.internal.launch.MavenRuntimeClasspathProvider.disable(MavenRuntimeClasspathProvider.java:410)
	at org.eclipse.m2e.jdt.internal.launch.MavenRuntimeClasspathProvider.disable(MavenRuntimeClasspathProvider.java:435)
	at org.eclipse.m2e.jdt.internal.launch.MavenLaunchConfigurationListener.mavenProjectChanged(MavenLaunchConfigurationListener.java:137)
	at org.eclipse.m2e.core.internal.project.registry.ProjectRegistryManager.notifyProjectChangeListeners(ProjectRegistryManager.java:892)
	at org.eclipse.m2e.core.internal.project.registry.ProjectRegistryManager.applyMutableProjectRegistry(ProjectRegistryManager.java:1042)
	at org.eclipse.m2e.core.internal.project.registry.ProjectRegistryRefreshJob.lambda$0(ProjectRegistryRefreshJob.java:162)
	at org.eclipse.m2e.core.internal.embedder.MavenExecutionContext.executeBare(MavenExecutionContext.java:458)
	at org.eclipse.m2e.core.internal.embedder.MavenExecutionContext.execute(MavenExecutionContext.java:339)
	at org.eclipse.m2e.core.internal.embedder.MavenExecutionContext.execute(MavenExecutionContext.java:278)
	at org.eclipse.m2e.core.internal.project.registry.ProjectRegistryRefreshJob.run(ProjectRegistryRefreshJob.java:106)
	at org.eclipse.core.internal.jobs.Worker.run(Worker.java:63)
2025-06-16 16:42:30,715 [Worker-8: Updating Maven Dependencies] ERROR o.e.m.j.i.l.MavenLaunchConfigurationListener - Launch configuration uo.ri.cws.ext.domain.sparepart references non-existing project cws_services_jpa.
org.eclipse.core.runtime.CoreException: Launch configuration uo.ri.cws.ext.domain.sparepart references non-existing project cws_services_jpa.
	at org.eclipse.jdt.launching.JavaRuntime.abort(JavaRuntime.java:1870)
	at org.eclipse.jdt.launching.JavaRuntime.getJavaProject(JavaRuntime.java:1747)
	at org.eclipse.m2e.jdt.internal.launch.MavenLaunchConfigurationListener.updateLaunchConfiguration(MavenLaunchConfigurationListener.java:66)
	at org.eclipse.m2e.jdt.internal.launch.MavenLaunchConfigurationListener.launchConfigurationChanged(MavenLaunchConfigurationListener.java:52)
	at org.eclipse.debug.internal.core.LaunchManager$ConfigurationNotifier.run(LaunchManager.java:219)
	at org.eclipse.core.runtime.SafeRunner.run(SafeRunner.java:47)
	at org.eclipse.debug.internal.core.LaunchManager$ConfigurationNotifier.notify(LaunchManager.java:203)
	at org.eclipse.debug.internal.core.LaunchManager.launchConfigurationChanged(LaunchManager.java:1960)
	at org.eclipse.debug.internal.core.LaunchConfigurationWorkingCopy.writeNewFile(LaunchConfigurationWorkingCopy.java:380)
	at org.eclipse.debug.internal.core.LaunchConfigurationWorkingCopy.doSave0(LaunchConfigurationWorkingCopy.java:259)
	at org.eclipse.debug.internal.core.LaunchConfigurationWorkingCopy.doSave(LaunchConfigurationWorkingCopy.java:229)
	at org.eclipse.debug.internal.core.LaunchConfigurationWorkingCopy.doSave(LaunchConfigurationWorkingCopy.java:187)
	at org.eclipse.m2e.jdt.internal.launch.MavenRuntimeClasspathProvider.disable(MavenRuntimeClasspathProvider.java:411)
	at org.eclipse.m2e.jdt.internal.launch.MavenRuntimeClasspathProvider.disable(MavenRuntimeClasspathProvider.java:435)
	at org.eclipse.m2e.jdt.internal.launch.MavenLaunchConfigurationListener.mavenProjectChanged(MavenLaunchConfigurationListener.java:137)
	at org.eclipse.m2e.core.internal.project.registry.ProjectRegistryManager.notifyProjectChangeListeners(ProjectRegistryManager.java:892)
	at org.eclipse.m2e.core.internal.project.registry.ProjectRegistryManager.applyMutableProjectRegistry(ProjectRegistryManager.java:1042)
	at org.eclipse.m2e.core.internal.project.registry.ProjectRegistryRefreshJob.lambda$0(ProjectRegistryRefreshJob.java:162)
	at org.eclipse.m2e.core.internal.embedder.MavenExecutionContext.executeBare(MavenExecutionContext.java:458)
	at org.eclipse.m2e.core.internal.embedder.MavenExecutionContext.execute(MavenExecutionContext.java:339)
	at org.eclipse.m2e.core.internal.embedder.MavenExecutionContext.execute(MavenExecutionContext.java:278)
	at org.eclipse.m2e.core.internal.project.registry.ProjectRegistryRefreshJob.run(ProjectRegistryRefreshJob.java:106)
	at org.eclipse.core.internal.jobs.Worker.run(Worker.java:63)
2025-06-16 16:42:30,717 [Worker-8: Updating Maven Dependencies] ERROR o.e.m.j.i.l.MavenLaunchConfigurationListener - Launch configuration uo.ri.cws references non-existing project cws_services_jpa.
org.eclipse.core.runtime.CoreException: Launch configuration uo.ri.cws references non-existing project cws_services_jpa.
	at org.eclipse.jdt.launching.JavaRuntime.abort(JavaRuntime.java:1870)
	at org.eclipse.jdt.launching.JavaRuntime.getJavaProject(JavaRuntime.java:1747)
	at org.eclipse.m2e.jdt.internal.launch.MavenLaunchConfigurationListener.updateLaunchConfiguration(MavenLaunchConfigurationListener.java:66)
	at org.eclipse.m2e.jdt.internal.launch.MavenLaunchConfigurationListener.launchConfigurationChanged(MavenLaunchConfigurationListener.java:52)
	at org.eclipse.debug.internal.core.LaunchManager$ConfigurationNotifier.run(LaunchManager.java:219)
	at org.eclipse.core.runtime.SafeRunner.run(SafeRunner.java:47)
	at org.eclipse.debug.internal.core.LaunchManager$ConfigurationNotifier.notify(LaunchManager.java:203)
	at org.eclipse.debug.internal.core.LaunchConfigurationWorkingCopy.setDirty(LaunchConfigurationWorkingCopy.java:527)
	at org.eclipse.debug.internal.core.LaunchConfigurationWorkingCopy.setAttribute(LaunchConfigurationWorkingCopy.java:415)
	at org.eclipse.m2e.jdt.internal.launch.MavenRuntimeClasspathProvider.disable(MavenRuntimeClasspathProvider.java:409)
	at org.eclipse.m2e.jdt.internal.launch.MavenRuntimeClasspathProvider.disable(MavenRuntimeClasspathProvider.java:435)
	at org.eclipse.m2e.jdt.internal.launch.MavenLaunchConfigurationListener.mavenProjectChanged(MavenLaunchConfigurationListener.java:137)
	at org.eclipse.m2e.core.internal.project.registry.ProjectRegistryManager.notifyProjectChangeListeners(ProjectRegistryManager.java:892)
	at org.eclipse.m2e.core.internal.project.registry.ProjectRegistryManager.applyMutableProjectRegistry(ProjectRegistryManager.java:1042)
	at org.eclipse.m2e.core.internal.project.registry.ProjectRegistryRefreshJob.lambda$0(ProjectRegistryRefreshJob.java:162)
	at org.eclipse.m2e.core.internal.embedder.MavenExecutionContext.executeBare(MavenExecutionContext.java:458)
	at org.eclipse.m2e.core.internal.embedder.MavenExecutionContext.execute(MavenExecutionContext.java:339)
	at org.eclipse.m2e.core.internal.embedder.MavenExecutionContext.execute(MavenExecutionContext.java:278)
	at org.eclipse.m2e.core.internal.project.registry.ProjectRegistryRefreshJob.run(ProjectRegistryRefreshJob.java:106)
	at org.eclipse.core.internal.jobs.Worker.run(Worker.java:63)
2025-06-16 16:42:30,720 [Worker-8: Updating Maven Dependencies] ERROR o.e.m.j.i.l.MavenLaunchConfigurationListener - Launch configuration uo.ri.cws references non-existing project cws_services_jpa.
org.eclipse.core.runtime.CoreException: Launch configuration uo.ri.cws references non-existing project cws_services_jpa.
	at org.eclipse.jdt.launching.JavaRuntime.abort(JavaRuntime.java:1870)
	at org.eclipse.jdt.launching.JavaRuntime.getJavaProject(JavaRuntime.java:1747)
	at org.eclipse.m2e.jdt.internal.launch.MavenLaunchConfigurationListener.updateLaunchConfiguration(MavenLaunchConfigurationListener.java:66)
	at org.eclipse.m2e.jdt.internal.launch.MavenLaunchConfigurationListener.launchConfigurationChanged(MavenLaunchConfigurationListener.java:52)
	at org.eclipse.debug.internal.core.LaunchManager$ConfigurationNotifier.run(LaunchManager.java:219)
	at org.eclipse.core.runtime.SafeRunner.run(SafeRunner.java:47)
	at org.eclipse.debug.internal.core.LaunchManager$ConfigurationNotifier.notify(LaunchManager.java:203)
	at org.eclipse.debug.internal.core.LaunchConfigurationWorkingCopy.setDirty(LaunchConfigurationWorkingCopy.java:527)
	at org.eclipse.debug.internal.core.LaunchConfigurationWorkingCopy.setAttribute(LaunchConfigurationWorkingCopy.java:415)
	at org.eclipse.m2e.jdt.internal.launch.MavenRuntimeClasspathProvider.disable(MavenRuntimeClasspathProvider.java:410)
	at org.eclipse.m2e.jdt.internal.launch.MavenRuntimeClasspathProvider.disable(MavenRuntimeClasspathProvider.java:435)
	at org.eclipse.m2e.jdt.internal.launch.MavenLaunchConfigurationListener.mavenProjectChanged(MavenLaunchConfigurationListener.java:137)
	at org.eclipse.m2e.core.internal.project.registry.ProjectRegistryManager.notifyProjectChangeListeners(ProjectRegistryManager.java:892)
	at org.eclipse.m2e.core.internal.project.registry.ProjectRegistryManager.applyMutableProjectRegistry(ProjectRegistryManager.java:1042)
	at org.eclipse.m2e.core.internal.project.registry.ProjectRegistryRefreshJob.lambda$0(ProjectRegistryRefreshJob.java:162)
	at org.eclipse.m2e.core.internal.embedder.MavenExecutionContext.executeBare(MavenExecutionContext.java:458)
	at org.eclipse.m2e.core.internal.embedder.MavenExecutionContext.execute(MavenExecutionContext.java:339)
	at org.eclipse.m2e.core.internal.embedder.MavenExecutionContext.execute(MavenExecutionContext.java:278)
	at org.eclipse.m2e.core.internal.project.registry.ProjectRegistryRefreshJob.run(ProjectRegistryRefreshJob.java:106)
	at org.eclipse.core.internal.jobs.Worker.run(Worker.java:63)
2025-06-16 16:42:30,772 [Worker-8: Updating Maven Dependencies] ERROR o.e.m.j.i.l.MavenLaunchConfigurationListener - Launch configuration uo.ri.cws references non-existing project cws_services_jpa.
org.eclipse.core.runtime.CoreException: Launch configuration uo.ri.cws references non-existing project cws_services_jpa.
	at org.eclipse.jdt.launching.JavaRuntime.abort(JavaRuntime.java:1870)
	at org.eclipse.jdt.launching.JavaRuntime.getJavaProject(JavaRuntime.java:1747)
	at org.eclipse.m2e.jdt.internal.launch.MavenLaunchConfigurationListener.updateLaunchConfiguration(MavenLaunchConfigurationListener.java:66)
	at org.eclipse.m2e.jdt.internal.launch.MavenLaunchConfigurationListener.launchConfigurationChanged(MavenLaunchConfigurationListener.java:52)
	at org.eclipse.debug.internal.core.LaunchManager$ConfigurationNotifier.run(LaunchManager.java:219)
	at org.eclipse.core.runtime.SafeRunner.run(SafeRunner.java:47)
	at org.eclipse.debug.internal.core.LaunchManager$ConfigurationNotifier.notify(LaunchManager.java:203)
	at org.eclipse.debug.internal.core.LaunchManager.launchConfigurationChanged(LaunchManager.java:1960)
	at org.eclipse.debug.internal.core.LaunchConfigurationWorkingCopy.writeNewFile(LaunchConfigurationWorkingCopy.java:380)
	at org.eclipse.debug.internal.core.LaunchConfigurationWorkingCopy.doSave0(LaunchConfigurationWorkingCopy.java:259)
	at org.eclipse.debug.internal.core.LaunchConfigurationWorkingCopy.doSave(LaunchConfigurationWorkingCopy.java:229)
	at org.eclipse.debug.internal.core.LaunchConfigurationWorkingCopy.doSave(LaunchConfigurationWorkingCopy.java:187)
	at org.eclipse.m2e.jdt.internal.launch.MavenRuntimeClasspathProvider.disable(MavenRuntimeClasspathProvider.java:411)
	at org.eclipse.m2e.jdt.internal.launch.MavenRuntimeClasspathProvider.disable(MavenRuntimeClasspathProvider.java:435)
	at org.eclipse.m2e.jdt.internal.launch.MavenLaunchConfigurationListener.mavenProjectChanged(MavenLaunchConfigurationListener.java:137)
	at org.eclipse.m2e.core.internal.project.registry.ProjectRegistryManager.notifyProjectChangeListeners(ProjectRegistryManager.java:892)
	at org.eclipse.m2e.core.internal.project.registry.ProjectRegistryManager.applyMutableProjectRegistry(ProjectRegistryManager.java:1042)
	at org.eclipse.m2e.core.internal.project.registry.ProjectRegistryRefreshJob.lambda$0(ProjectRegistryRefreshJob.java:162)
	at org.eclipse.m2e.core.internal.embedder.MavenExecutionContext.executeBare(MavenExecutionContext.java:458)
	at org.eclipse.m2e.core.internal.embedder.MavenExecutionContext.execute(MavenExecutionContext.java:339)
	at org.eclipse.m2e.core.internal.embedder.MavenExecutionContext.execute(MavenExecutionContext.java:278)
	at org.eclipse.m2e.core.internal.project.registry.ProjectRegistryRefreshJob.run(ProjectRegistryRefreshJob.java:106)
	at org.eclipse.core.internal.jobs.Worker.run(Worker.java:63)
2025-06-16 16:42:30,775 [Worker-8: Updating Maven Dependencies] ERROR o.e.m.j.i.l.MavenLaunchConfigurationListener - Launch configuration uo.ri.cws.persistence references non-existing project cws_services_jpa.
org.eclipse.core.runtime.CoreException: Launch configuration uo.ri.cws.persistence references non-existing project cws_services_jpa.
	at org.eclipse.jdt.launching.JavaRuntime.abort(JavaRuntime.java:1870)
	at org.eclipse.jdt.launching.JavaRuntime.getJavaProject(JavaRuntime.java:1747)
	at org.eclipse.m2e.jdt.internal.launch.MavenLaunchConfigurationListener.updateLaunchConfiguration(MavenLaunchConfigurationListener.java:66)
	at org.eclipse.m2e.jdt.internal.launch.MavenLaunchConfigurationListener.launchConfigurationChanged(MavenLaunchConfigurationListener.java:52)
	at org.eclipse.debug.internal.core.LaunchManager$ConfigurationNotifier.run(LaunchManager.java:219)
	at org.eclipse.core.runtime.SafeRunner.run(SafeRunner.java:47)
	at org.eclipse.debug.internal.core.LaunchManager$ConfigurationNotifier.notify(LaunchManager.java:203)
	at org.eclipse.debug.internal.core.LaunchConfigurationWorkingCopy.setDirty(LaunchConfigurationWorkingCopy.java:527)
	at org.eclipse.debug.internal.core.LaunchConfigurationWorkingCopy.setAttribute(LaunchConfigurationWorkingCopy.java:415)
	at org.eclipse.m2e.jdt.internal.launch.MavenRuntimeClasspathProvider.disable(MavenRuntimeClasspathProvider.java:409)
	at org.eclipse.m2e.jdt.internal.launch.MavenRuntimeClasspathProvider.disable(MavenRuntimeClasspathProvider.java:435)
	at org.eclipse.m2e.jdt.internal.launch.MavenLaunchConfigurationListener.mavenProjectChanged(MavenLaunchConfigurationListener.java:137)
	at org.eclipse.m2e.core.internal.project.registry.ProjectRegistryManager.notifyProjectChangeListeners(ProjectRegistryManager.java:892)
	at org.eclipse.m2e.core.internal.project.registry.ProjectRegistryManager.applyMutableProjectRegistry(ProjectRegistryManager.java:1042)
	at org.eclipse.m2e.core.internal.project.registry.ProjectRegistryRefreshJob.lambda$0(ProjectRegistryRefreshJob.java:162)
	at org.eclipse.m2e.core.internal.embedder.MavenExecutionContext.executeBare(MavenExecutionContext.java:458)
	at org.eclipse.m2e.core.internal.embedder.MavenExecutionContext.execute(MavenExecutionContext.java:339)
	at org.eclipse.m2e.core.internal.embedder.MavenExecutionContext.execute(MavenExecutionContext.java:278)
	at org.eclipse.m2e.core.internal.project.registry.ProjectRegistryRefreshJob.run(ProjectRegistryRefreshJob.java:106)
	at org.eclipse.core.internal.jobs.Worker.run(Worker.java:63)
2025-06-16 16:42:30,778 [Worker-8: Updating Maven Dependencies] ERROR o.e.m.j.i.l.MavenLaunchConfigurationListener - Launch configuration uo.ri.cws.persistence references non-existing project cws_services_jpa.
org.eclipse.core.runtime.CoreException: Launch configuration uo.ri.cws.persistence references non-existing project cws_services_jpa.
	at org.eclipse.jdt.launching.JavaRuntime.abort(JavaRuntime.java:1870)
	at org.eclipse.jdt.launching.JavaRuntime.getJavaProject(JavaRuntime.java:1747)
	at org.eclipse.m2e.jdt.internal.launch.MavenLaunchConfigurationListener.updateLaunchConfiguration(MavenLaunchConfigurationListener.java:66)
	at org.eclipse.m2e.jdt.internal.launch.MavenLaunchConfigurationListener.launchConfigurationChanged(MavenLaunchConfigurationListener.java:52)
	at org.eclipse.debug.internal.core.LaunchManager$ConfigurationNotifier.run(LaunchManager.java:219)
	at org.eclipse.core.runtime.SafeRunner.run(SafeRunner.java:47)
	at org.eclipse.debug.internal.core.LaunchManager$ConfigurationNotifier.notify(LaunchManager.java:203)
	at org.eclipse.debug.internal.core.LaunchConfigurationWorkingCopy.setDirty(LaunchConfigurationWorkingCopy.java:527)
	at org.eclipse.debug.internal.core.LaunchConfigurationWorkingCopy.setAttribute(LaunchConfigurationWorkingCopy.java:415)
	at org.eclipse.m2e.jdt.internal.launch.MavenRuntimeClasspathProvider.disable(MavenRuntimeClasspathProvider.java:410)
	at org.eclipse.m2e.jdt.internal.launch.MavenRuntimeClasspathProvider.disable(MavenRuntimeClasspathProvider.java:435)
	at org.eclipse.m2e.jdt.internal.launch.MavenLaunchConfigurationListener.mavenProjectChanged(MavenLaunchConfigurationListener.java:137)
	at org.eclipse.m2e.core.internal.project.registry.ProjectRegistryManager.notifyProjectChangeListeners(ProjectRegistryManager.java:892)
	at org.eclipse.m2e.core.internal.project.registry.ProjectRegistryManager.applyMutableProjectRegistry(ProjectRegistryManager.java:1042)
	at org.eclipse.m2e.core.internal.project.registry.ProjectRegistryRefreshJob.lambda$0(ProjectRegistryRefreshJob.java:162)
	at org.eclipse.m2e.core.internal.embedder.MavenExecutionContext.executeBare(MavenExecutionContext.java:458)
	at org.eclipse.m2e.core.internal.embedder.MavenExecutionContext.execute(MavenExecutionContext.java:339)
	at org.eclipse.m2e.core.internal.embedder.MavenExecutionContext.execute(MavenExecutionContext.java:278)
	at org.eclipse.m2e.core.internal.project.registry.ProjectRegistryRefreshJob.run(ProjectRegistryRefreshJob.java:106)
	at org.eclipse.core.internal.jobs.Worker.run(Worker.java:63)
2025-06-16 16:42:30,810 [Worker-8: Updating Maven Dependencies] ERROR o.e.m.j.i.l.MavenLaunchConfigurationListener - Launch configuration uo.ri.cws.persistence references non-existing project cws_services_jpa.
org.eclipse.core.runtime.CoreException: Launch configuration uo.ri.cws.persistence references non-existing project cws_services_jpa.
	at org.eclipse.jdt.launching.JavaRuntime.abort(JavaRuntime.java:1870)
	at org.eclipse.jdt.launching.JavaRuntime.getJavaProject(JavaRuntime.java:1747)
	at org.eclipse.m2e.jdt.internal.launch.MavenLaunchConfigurationListener.updateLaunchConfiguration(MavenLaunchConfigurationListener.java:66)
	at org.eclipse.m2e.jdt.internal.launch.MavenLaunchConfigurationListener.launchConfigurationChanged(MavenLaunchConfigurationListener.java:52)
	at org.eclipse.debug.internal.core.LaunchManager$ConfigurationNotifier.run(LaunchManager.java:219)
	at org.eclipse.core.runtime.SafeRunner.run(SafeRunner.java:47)
	at org.eclipse.debug.internal.core.LaunchManager$ConfigurationNotifier.notify(LaunchManager.java:203)
	at org.eclipse.debug.internal.core.LaunchManager.launchConfigurationChanged(LaunchManager.java:1960)
	at org.eclipse.debug.internal.core.LaunchConfigurationWorkingCopy.writeNewFile(LaunchConfigurationWorkingCopy.java:380)
	at org.eclipse.debug.internal.core.LaunchConfigurationWorkingCopy.doSave0(LaunchConfigurationWorkingCopy.java:259)
	at org.eclipse.debug.internal.core.LaunchConfigurationWorkingCopy.doSave(LaunchConfigurationWorkingCopy.java:229)
	at org.eclipse.debug.internal.core.LaunchConfigurationWorkingCopy.doSave(LaunchConfigurationWorkingCopy.java:187)
	at org.eclipse.m2e.jdt.internal.launch.MavenRuntimeClasspathProvider.disable(MavenRuntimeClasspathProvider.java:411)
	at org.eclipse.m2e.jdt.internal.launch.MavenRuntimeClasspathProvider.disable(MavenRuntimeClasspathProvider.java:435)
	at org.eclipse.m2e.jdt.internal.launch.MavenLaunchConfigurationListener.mavenProjectChanged(MavenLaunchConfigurationListener.java:137)
	at org.eclipse.m2e.core.internal.project.registry.ProjectRegistryManager.notifyProjectChangeListeners(ProjectRegistryManager.java:892)
	at org.eclipse.m2e.core.internal.project.registry.ProjectRegistryManager.applyMutableProjectRegistry(ProjectRegistryManager.java:1042)
	at org.eclipse.m2e.core.internal.project.registry.ProjectRegistryRefreshJob.lambda$0(ProjectRegistryRefreshJob.java:162)
	at org.eclipse.m2e.core.internal.embedder.MavenExecutionContext.executeBare(MavenExecutionContext.java:458)
	at org.eclipse.m2e.core.internal.embedder.MavenExecutionContext.execute(MavenExecutionContext.java:339)
	at org.eclipse.m2e.core.internal.embedder.MavenExecutionContext.execute(MavenExecutionContext.java:278)
	at org.eclipse.m2e.core.internal.project.registry.ProjectRegistryRefreshJob.run(ProjectRegistryRefreshJob.java:106)
	at org.eclipse.core.internal.jobs.Worker.run(Worker.java:63)
2025-06-16 16:42:30,812 [Worker-8: Updating Maven Dependencies] ERROR o.e.m.j.i.l.MavenLaunchConfigurationListener - Launch configuration WorkOrderTests references non-existing project cws_services_jpa.
org.eclipse.core.runtime.CoreException: Launch configuration WorkOrderTests references non-existing project cws_services_jpa.
	at org.eclipse.jdt.launching.JavaRuntime.abort(JavaRuntime.java:1870)
	at org.eclipse.jdt.launching.JavaRuntime.getJavaProject(JavaRuntime.java:1747)
	at org.eclipse.m2e.jdt.internal.launch.MavenLaunchConfigurationListener.updateLaunchConfiguration(MavenLaunchConfigurationListener.java:66)
	at org.eclipse.m2e.jdt.internal.launch.MavenLaunchConfigurationListener.launchConfigurationChanged(MavenLaunchConfigurationListener.java:52)
	at org.eclipse.debug.internal.core.LaunchManager$ConfigurationNotifier.run(LaunchManager.java:219)
	at org.eclipse.core.runtime.SafeRunner.run(SafeRunner.java:47)
	at org.eclipse.debug.internal.core.LaunchManager$ConfigurationNotifier.notify(LaunchManager.java:203)
	at org.eclipse.debug.internal.core.LaunchConfigurationWorkingCopy.setDirty(LaunchConfigurationWorkingCopy.java:527)
	at org.eclipse.debug.internal.core.LaunchConfigurationWorkingCopy.setAttribute(LaunchConfigurationWorkingCopy.java:415)
	at org.eclipse.m2e.jdt.internal.launch.MavenRuntimeClasspathProvider.disable(MavenRuntimeClasspathProvider.java:409)
	at org.eclipse.m2e.jdt.internal.launch.MavenRuntimeClasspathProvider.disable(MavenRuntimeClasspathProvider.java:435)
	at org.eclipse.m2e.jdt.internal.launch.MavenLaunchConfigurationListener.mavenProjectChanged(MavenLaunchConfigurationListener.java:137)
	at org.eclipse.m2e.core.internal.project.registry.ProjectRegistryManager.notifyProjectChangeListeners(ProjectRegistryManager.java:892)
	at org.eclipse.m2e.core.internal.project.registry.ProjectRegistryManager.applyMutableProjectRegistry(ProjectRegistryManager.java:1042)
	at org.eclipse.m2e.core.internal.project.registry.ProjectRegistryRefreshJob.lambda$0(ProjectRegistryRefreshJob.java:162)
	at org.eclipse.m2e.core.internal.embedder.MavenExecutionContext.executeBare(MavenExecutionContext.java:458)
	at org.eclipse.m2e.core.internal.embedder.MavenExecutionContext.execute(MavenExecutionContext.java:339)
	at org.eclipse.m2e.core.internal.embedder.MavenExecutionContext.execute(MavenExecutionContext.java:278)
	at org.eclipse.m2e.core.internal.project.registry.ProjectRegistryRefreshJob.run(ProjectRegistryRefreshJob.java:106)
	at org.eclipse.core.internal.jobs.Worker.run(Worker.java:63)
2025-06-16 16:42:30,815 [Worker-8: Updating Maven Dependencies] ERROR o.e.m.j.i.l.MavenLaunchConfigurationListener - Launch configuration WorkOrderTests references non-existing project cws_services_jpa.
org.eclipse.core.runtime.CoreException: Launch configuration WorkOrderTests references non-existing project cws_services_jpa.
	at org.eclipse.jdt.launching.JavaRuntime.abort(JavaRuntime.java:1870)
	at org.eclipse.jdt.launching.JavaRuntime.getJavaProject(JavaRuntime.java:1747)
	at org.eclipse.m2e.jdt.internal.launch.MavenLaunchConfigurationListener.updateLaunchConfiguration(MavenLaunchConfigurationListener.java:66)
	at org.eclipse.m2e.jdt.internal.launch.MavenLaunchConfigurationListener.launchConfigurationChanged(MavenLaunchConfigurationListener.java:52)
	at org.eclipse.debug.internal.core.LaunchManager$ConfigurationNotifier.run(LaunchManager.java:219)
	at org.eclipse.core.runtime.SafeRunner.run(SafeRunner.java:47)
	at org.eclipse.debug.internal.core.LaunchManager$ConfigurationNotifier.notify(LaunchManager.java:203)
	at org.eclipse.debug.internal.core.LaunchConfigurationWorkingCopy.setDirty(LaunchConfigurationWorkingCopy.java:527)
	at org.eclipse.debug.internal.core.LaunchConfigurationWorkingCopy.setAttribute(LaunchConfigurationWorkingCopy.java:415)
	at org.eclipse.m2e.jdt.internal.launch.MavenRuntimeClasspathProvider.disable(MavenRuntimeClasspathProvider.java:410)
	at org.eclipse.m2e.jdt.internal.launch.MavenRuntimeClasspathProvider.disable(MavenRuntimeClasspathProvider.java:435)
	at org.eclipse.m2e.jdt.internal.launch.MavenLaunchConfigurationListener.mavenProjectChanged(MavenLaunchConfigurationListener.java:137)
	at org.eclipse.m2e.core.internal.project.registry.ProjectRegistryManager.notifyProjectChangeListeners(ProjectRegistryManager.java:892)
	at org.eclipse.m2e.core.internal.project.registry.ProjectRegistryManager.applyMutableProjectRegistry(ProjectRegistryManager.java:1042)
	at org.eclipse.m2e.core.internal.project.registry.ProjectRegistryRefreshJob.lambda$0(ProjectRegistryRefreshJob.java:162)
	at org.eclipse.m2e.core.internal.embedder.MavenExecutionContext.executeBare(MavenExecutionContext.java:458)
	at org.eclipse.m2e.core.internal.embedder.MavenExecutionContext.execute(MavenExecutionContext.java:339)
	at org.eclipse.m2e.core.internal.embedder.MavenExecutionContext.execute(MavenExecutionContext.java:278)
	at org.eclipse.m2e.core.internal.project.registry.ProjectRegistryRefreshJob.run(ProjectRegistryRefreshJob.java:106)
	at org.eclipse.core.internal.jobs.Worker.run(Worker.java:63)
2025-06-16 16:42:30,844 [Worker-8: Updating Maven Dependencies] ERROR o.e.m.j.i.l.MavenLaunchConfigurationListener - Launch configuration WorkOrderTests references non-existing project cws_services_jpa.
org.eclipse.core.runtime.CoreException: Launch configuration WorkOrderTests references non-existing project cws_services_jpa.
	at org.eclipse.jdt.launching.JavaRuntime.abort(JavaRuntime.java:1870)
	at org.eclipse.jdt.launching.JavaRuntime.getJavaProject(JavaRuntime.java:1747)
	at org.eclipse.m2e.jdt.internal.launch.MavenLaunchConfigurationListener.updateLaunchConfiguration(MavenLaunchConfigurationListener.java:66)
	at org.eclipse.m2e.jdt.internal.launch.MavenLaunchConfigurationListener.launchConfigurationChanged(MavenLaunchConfigurationListener.java:52)
	at org.eclipse.debug.internal.core.LaunchManager$ConfigurationNotifier.run(LaunchManager.java:219)
	at org.eclipse.core.runtime.SafeRunner.run(SafeRunner.java:47)
	at org.eclipse.debug.internal.core.LaunchManager$ConfigurationNotifier.notify(LaunchManager.java:203)
	at org.eclipse.debug.internal.core.LaunchManager.launchConfigurationChanged(LaunchManager.java:1960)
	at org.eclipse.debug.internal.core.LaunchConfigurationWorkingCopy.writeNewFile(LaunchConfigurationWorkingCopy.java:380)
	at org.eclipse.debug.internal.core.LaunchConfigurationWorkingCopy.doSave0(LaunchConfigurationWorkingCopy.java:259)
	at org.eclipse.debug.internal.core.LaunchConfigurationWorkingCopy.doSave(LaunchConfigurationWorkingCopy.java:229)
	at org.eclipse.debug.internal.core.LaunchConfigurationWorkingCopy.doSave(LaunchConfigurationWorkingCopy.java:187)
	at org.eclipse.m2e.jdt.internal.launch.MavenRuntimeClasspathProvider.disable(MavenRuntimeClasspathProvider.java:411)
	at org.eclipse.m2e.jdt.internal.launch.MavenRuntimeClasspathProvider.disable(MavenRuntimeClasspathProvider.java:435)
	at org.eclipse.m2e.jdt.internal.launch.MavenLaunchConfigurationListener.mavenProjectChanged(MavenLaunchConfigurationListener.java:137)
	at org.eclipse.m2e.core.internal.project.registry.ProjectRegistryManager.notifyProjectChangeListeners(ProjectRegistryManager.java:892)
	at org.eclipse.m2e.core.internal.project.registry.ProjectRegistryManager.applyMutableProjectRegistry(ProjectRegistryManager.java:1042)
	at org.eclipse.m2e.core.internal.project.registry.ProjectRegistryRefreshJob.lambda$0(ProjectRegistryRefreshJob.java:162)
	at org.eclipse.m2e.core.internal.embedder.MavenExecutionContext.executeBare(MavenExecutionContext.java:458)
	at org.eclipse.m2e.core.internal.embedder.MavenExecutionContext.execute(MavenExecutionContext.java:339)
	at org.eclipse.m2e.core.internal.embedder.MavenExecutionContext.execute(MavenExecutionContext.java:278)
	at org.eclipse.m2e.core.internal.project.registry.ProjectRegistryRefreshJob.run(ProjectRegistryRefreshJob.java:106)
	at org.eclipse.core.internal.jobs.Worker.run(Worker.java:63)
2025-06-16 16:42:36,833 [Worker-13: Building] INFO  o.e.m.c.i.l.LifecycleMappingFactory - Using org.eclipse.m2e.jdt.JarLifecycleMapping lifecycle mapping for MavenProject: uo.ri:cws_services_jpa:0.0.1-SNAPSHOT @ C:\Users\Usuario\OneDrive\Escritorio\RI_JPA\cws_services_jpa\pom.xml.
2025-06-16 16:42:36,991 [Worker-13: Building] INFO  o.e.m.c.i.p.WorkspaceClassifierResolverManager - Resolving P/cws_util: uo.ri:cws_util:0.0.1-SNAPSHOT with classifier  to /cws_util/bin
2025-06-16 16:42:37,115 [Worker-13: Building] INFO  o.e.m.c.i.l.LifecycleMappingFactory - Using org.eclipse.m2e.jdt.JarLifecycleMapping lifecycle mapping for MavenProject: uo.ri:cws_client_mechanic:0.0.1-SNAPSHOT @ C:\Users\Usuario\OneDrive\Escritorio\RI_JPA\cws_client_mechanic\pom.xml.
2025-06-16 16:42:37,124 [Worker-13: Building] INFO  o.e.m.c.i.p.WorkspaceClassifierResolverManager - Resolving P/cws_services_jpa_0: uo.ri:cws_services_jpa:0.0.1-SNAPSHOT with classifier  to /cws_services_jpa_0/bin
2025-06-16 16:42:37,125 [Worker-13: Building] INFO  o.e.m.c.i.p.WorkspaceClassifierResolverManager - Resolving P/cws_util: uo.ri:cws_util:0.0.1-SNAPSHOT with classifier  to /cws_util/bin
2025-06-16 16:42:37,249 [Worker-13: Building] INFO  o.e.m.c.i.l.LifecycleMappingFactory - Using org.eclipse.m2e.jdt.JarLifecycleMapping lifecycle mapping for MavenProject: uo.ri:cws_client_foreman:0.0.1-SNAPSHOT @ C:\Users\Usuario\OneDrive\Escritorio\RI_JPA\cws_client_foreman\pom.xml.
2025-06-16 16:42:37,253 [Worker-13: Building] INFO  o.e.m.c.i.p.WorkspaceClassifierResolverManager - Resolving P/cws_services_jpa_0: uo.ri:cws_services_jpa:0.0.1-SNAPSHOT with classifier  to /cws_services_jpa_0/bin
2025-06-16 16:42:37,253 [Worker-13: Building] INFO  o.e.m.c.i.p.WorkspaceClassifierResolverManager - Resolving P/cws_util: uo.ri:cws_util:0.0.1-SNAPSHOT with classifier  to /cws_util/bin
2025-06-16 16:42:37,337 [Worker-13: Building] INFO  o.e.m.c.i.l.LifecycleMappingFactory - Using org.eclipse.m2e.jdt.JarLifecycleMapping lifecycle mapping for MavenProject: uo.ri:cws_client_cashier:0.0.1-SNAPSHOT @ C:\Users\Usuario\OneDrive\Escritorio\RI_JPA\cws_client_cashier\pom.xml.
2025-06-16 16:42:37,341 [Worker-13: Building] INFO  o.e.m.c.i.p.WorkspaceClassifierResolverManager - Resolving P/cws_services_jpa_0: uo.ri:cws_services_jpa:0.0.1-SNAPSHOT with classifier  to /cws_services_jpa_0/bin
2025-06-16 16:42:37,341 [Worker-13: Building] INFO  o.e.m.c.i.p.WorkspaceClassifierResolverManager - Resolving P/cws_util: uo.ri:cws_util:0.0.1-SNAPSHOT with classifier  to /cws_util/bin
2025-06-16 16:42:37,432 [Worker-13: Building] INFO  o.e.m.c.i.l.LifecycleMappingFactory - Using org.eclipse.m2e.jdt.JarLifecycleMapping lifecycle mapping for MavenProject: uo.ri:cws_client_manager:0.0.1-SNAPSHOT @ C:\Users\Usuario\OneDrive\Escritorio\RI_JPA\cws_client_manager\pom.xml.
2025-06-16 16:42:37,434 [Worker-13: Building] INFO  o.e.m.c.i.p.WorkspaceClassifierResolverManager - Resolving P/cws_services_jpa_0: uo.ri:cws_services_jpa:0.0.1-SNAPSHOT with classifier  to /cws_services_jpa_0/bin
2025-06-16 16:42:37,435 [Worker-13: Building] INFO  o.e.m.c.i.p.WorkspaceClassifierResolverManager - Resolving P/cws_util: uo.ri:cws_util:0.0.1-SNAPSHOT with classifier  to /cws_util/bin
2025-06-16 16:42:37,537 [Worker-13: Building] INFO  o.e.m.c.i.l.LifecycleMappingFactory - Using org.eclipse.m2e.jdt.JarLifecycleMapping lifecycle mapping for MavenProject: uo.ri:cws_spareparts_aceptance_tests:0.0.1-SNAPSHOT @ C:\Users\Usuario\Downloads\ri.jpa.cws.2024.extension.skeleton\cws_2024\cws_spareparts_aceptance_tests\pom.xml.
2025-06-16 16:42:37,829 [Worker-13: Building] INFO  o.e.m.c.i.p.WorkspaceClassifierResolverManager - Resolving P/cws_services_jpa_0: uo.ri:cws_services_jpa:0.0.1-SNAPSHOT with classifier  to /cws_services_jpa_0/bin
2025-06-16 16:42:37,829 [Worker-13: Building] INFO  o.e.m.c.i.p.WorkspaceClassifierResolverManager - Resolving P/cws_util: uo.ri:cws_util:0.0.1-SNAPSHOT with classifier  to /cws_util/bin
2025-06-16 16:42:38,472 [Worker-13: Building] INFO  o.a.m.s.f.DefaultMavenResourcesFiltering - Copying 2 resources from src to bin
2025-06-16 16:42:38,478 [Worker-13: Building] INFO  o.a.m.s.f.DefaultMavenResourcesFiltering - skip non existing resourceDirectory C:\Users\Usuario\OneDrive\Escritorio\RI_JPA\cws_services_jpa\src\test\resources
2025-06-16 16:42:40,967 [Worker-13: Building] INFO  o.e.m.c.i.p.WorkspaceClassifierResolverManager - Resolving P/cws_util: uo.ri:cws_util:0.0.1-SNAPSHOT with classifier  to /cws_util/bin
2025-06-16 16:42:41,075 [Worker-13: Building] INFO  o.a.m.s.f.DefaultMavenResourcesFiltering - Copying 2 resources from src to bin
2025-06-16 16:42:41,086 [Worker-13: Building] INFO  o.a.m.s.f.DefaultMavenResourcesFiltering - skip non existing resourceDirectory C:\Users\Usuario\Downloads\UO295662_0 (1)\UO295662_0\cws_services_jpa\cws_services_jpa\src\test\resources
2025-06-16 16:43:08,244 [Worker-16: Updating Maven Dependencies] INFO  o.e.m.c.i.l.LifecycleMappingFactory - Using org.eclipse.m2e.jdt.JarLifecycleMapping lifecycle mapping for MavenProject: uo.ri:cws_client_mechanic:0.0.1-SNAPSHOT @ C:\Users\Usuario\OneDrive\Escritorio\RI_JPA\cws_client_mechanic\pom.xml.
2025-06-16 16:43:08,379 [Worker-16: Updating Maven Dependencies] INFO  o.e.m.c.i.p.WorkspaceClassifierResolverManager - Resolving P/cws_services_jpa: uo.ri:cws_services_jpa:0.0.1-SNAPSHOT with classifier  to /cws_services_jpa/bin
2025-06-16 16:43:08,379 [Worker-16: Updating Maven Dependencies] INFO  o.e.m.c.i.p.WorkspaceClassifierResolverManager - Resolving P/cws_util: uo.ri:cws_util:0.0.1-SNAPSHOT with classifier  to /cws_util/bin
2025-06-16 16:43:08,503 [Worker-16: Updating Maven Dependencies] INFO  o.e.m.c.i.l.LifecycleMappingFactory - Using org.eclipse.m2e.jdt.JarLifecycleMapping lifecycle mapping for MavenProject: uo.ri:cws_client_foreman:0.0.1-SNAPSHOT @ C:\Users\Usuario\OneDrive\Escritorio\RI_JPA\cws_client_foreman\pom.xml.
2025-06-16 16:43:08,551 [Worker-16: Updating Maven Dependencies] INFO  o.e.m.c.i.p.WorkspaceClassifierResolverManager - Resolving P/cws_services_jpa: uo.ri:cws_services_jpa:0.0.1-SNAPSHOT with classifier  to /cws_services_jpa/bin
2025-06-16 16:43:08,552 [Worker-16: Updating Maven Dependencies] INFO  o.e.m.c.i.p.WorkspaceClassifierResolverManager - Resolving P/cws_util: uo.ri:cws_util:0.0.1-SNAPSHOT with classifier  to /cws_util/bin
2025-06-16 16:43:08,746 [Worker-16: Updating Maven Dependencies] INFO  o.e.m.c.i.l.LifecycleMappingFactory - Using org.eclipse.m2e.jdt.JarLifecycleMapping lifecycle mapping for MavenProject: uo.ri:cws_client_cashier:0.0.1-SNAPSHOT @ C:\Users\Usuario\OneDrive\Escritorio\RI_JPA\cws_client_cashier\pom.xml.
2025-06-16 16:43:08,777 [Worker-16: Updating Maven Dependencies] INFO  o.e.m.c.i.p.WorkspaceClassifierResolverManager - Resolving P/cws_services_jpa: uo.ri:cws_services_jpa:0.0.1-SNAPSHOT with classifier  to /cws_services_jpa/bin
2025-06-16 16:43:08,778 [Worker-16: Updating Maven Dependencies] INFO  o.e.m.c.i.p.WorkspaceClassifierResolverManager - Resolving P/cws_util: uo.ri:cws_util:0.0.1-SNAPSHOT with classifier  to /cws_util/bin
2025-06-16 16:43:08,931 [Worker-16: Updating Maven Dependencies] INFO  o.e.m.c.i.l.LifecycleMappingFactory - Using org.eclipse.m2e.jdt.JarLifecycleMapping lifecycle mapping for MavenProject: uo.ri:cws_client_manager:0.0.1-SNAPSHOT @ C:\Users\Usuario\OneDrive\Escritorio\RI_JPA\cws_client_manager\pom.xml.
2025-06-16 16:43:08,933 [Worker-16: Updating Maven Dependencies] INFO  o.e.m.c.i.p.WorkspaceClassifierResolverManager - Resolving P/cws_services_jpa: uo.ri:cws_services_jpa:0.0.1-SNAPSHOT with classifier  to /cws_services_jpa/bin
2025-06-16 16:43:08,934 [Worker-16: Updating Maven Dependencies] INFO  o.e.m.c.i.p.WorkspaceClassifierResolverManager - Resolving P/cws_util: uo.ri:cws_util:0.0.1-SNAPSHOT with classifier  to /cws_util/bin
2025-06-16 16:43:09,165 [Worker-16: Updating Maven Dependencies] INFO  o.e.m.c.i.l.LifecycleMappingFactory - Using org.eclipse.m2e.jdt.JarLifecycleMapping lifecycle mapping for MavenProject: uo.ri:cws_spareparts_aceptance_tests:0.0.1-SNAPSHOT @ C:\Users\Usuario\Downloads\ri.jpa.cws.2024.extension.skeleton\cws_2024\cws_spareparts_aceptance_tests\pom.xml.
2025-06-16 16:43:09,319 [Worker-11: Building] INFO  o.a.m.s.f.DefaultMavenResourcesFiltering - Copying 2 resources from src to bin
2025-06-16 16:43:09,334 [Worker-11: Building] INFO  o.a.m.s.f.DefaultMavenResourcesFiltering - skip non existing resourceDirectory C:\Users\Usuario\OneDrive\Escritorio\RI_JPA\cws_services_jpa\src\test\resources
2025-06-16 16:43:09,651 [Worker-16: Updating Maven Dependencies] INFO  o.e.m.c.i.p.WorkspaceClassifierResolverManager - Resolving P/cws_services_jpa: uo.ri:cws_services_jpa:0.0.1-SNAPSHOT with classifier  to /cws_services_jpa/bin
2025-06-16 16:43:09,651 [Worker-16: Updating Maven Dependencies] INFO  o.e.m.c.i.p.WorkspaceClassifierResolverManager - Resolving P/cws_util: uo.ri:cws_util:0.0.1-SNAPSHOT with classifier  to /cws_util/bin
2025-06-16 16:43:22,715 [Worker-2: Building] INFO  o.a.m.s.f.DefaultMavenResourcesFiltering - Copying 0 resource from src to bin
2025-06-16 16:43:22,721 [Worker-2: Building] INFO  o.a.m.s.f.DefaultMavenResourcesFiltering - Copying 32 resources from test to target\test-classes
2025-06-16 16:43:25,046 [Worker-7: Building] INFO  o.a.m.s.f.DefaultMavenResourcesFiltering - Copying 0 resource from src to bin
2025-06-16 16:43:25,062 [Worker-7: Building] INFO  o.a.m.s.f.DefaultMavenResourcesFiltering - Copying 0 resource from test to target\test-classes
2025-06-16 16:44:03,179 [main] INFO  o.e.m.jdt.internal.UnitTestSupport - Updating uo.ri.cws (1) from maven configuration
2025-06-16 16:44:04,619 [Worker-1: Launching uo.ri.cws (1)] INFO  o.e.m.c.i.p.WorkspaceClassifierResolverManager - Resolving P/cws_util: uo.ri:cws_util:0.0.1-SNAPSHOT with classifier null to /cws_util/bin
2025-06-16 16:44:04,675 [Worker-18: Building] INFO  o.a.m.s.f.DefaultMavenResourcesFiltering - Copying 0 resource from src to bin
2025-06-16 16:44:04,690 [Worker-18: Building] INFO  o.a.m.s.f.DefaultMavenResourcesFiltering - Copying 0 resource from test to target\test-classes
2025-06-16 16:44:04,694 [Worker-1: Launching uo.ri.cws (1)] INFO  o.e.m.c.i.p.WorkspaceClassifierResolverManager - Resolving P/cws_util: uo.ri:cws_util:0.0.1-SNAPSHOT with classifier null to /cws_util/bin
2025-06-16 16:44:56,226 [Worker-3: Launching uo.ri.cws (1)] INFO  o.e.m.c.i.p.WorkspaceClassifierResolverManager - Resolving P/cws_util: uo.ri:cws_util:0.0.1-SNAPSHOT with classifier null to /cws_util/bin
2025-06-16 16:44:56,271 [Worker-3: Launching uo.ri.cws (1)] INFO  o.e.m.c.i.p.WorkspaceClassifierResolverManager - Resolving P/cws_util: uo.ri:cws_util:0.0.1-SNAPSHOT with classifier null to /cws_util/bin
2025-06-16 16:44:56,306 [Worker-14: Building] INFO  o.a.m.s.f.DefaultMavenResourcesFiltering - Copying 0 resource from src to bin
2025-06-16 16:44:56,326 [Worker-14: Building] INFO  o.a.m.s.f.DefaultMavenResourcesFiltering - Copying 0 resource from test to target\test-classes
2025-06-16 16:45:10,797 [Worker-18: Launching MechanicMain] INFO  o.e.m.c.i.p.WorkspaceClassifierResolverManager - Resolving P/cws_services_jpa: uo.ri:cws_services_jpa:0.0.1-SNAPSHOT with classifier null to /cws_services_jpa/bin
2025-06-16 16:45:10,799 [Worker-18: Launching MechanicMain] INFO  o.e.m.c.i.p.WorkspaceClassifierResolverManager - Resolving P/cws_util: uo.ri:cws_util:0.0.1-SNAPSHOT with classifier null to /cws_util/bin
2025-06-16 16:45:10,825 [Worker-18: Launching MechanicMain] INFO  o.e.m.c.i.p.WorkspaceClassifierResolverManager - Resolving P/cws_services_jpa: uo.ri:cws_services_jpa:0.0.1-SNAPSHOT with classifier null to /cws_services_jpa/bin
2025-06-16 16:45:10,826 [Worker-18: Launching MechanicMain] INFO  o.e.m.c.i.p.WorkspaceClassifierResolverManager - Resolving P/cws_util: uo.ri:cws_util:0.0.1-SNAPSHOT with classifier null to /cws_util/bin
2025-06-16 16:45:10,850 [Worker-18: Launching MechanicMain] INFO  o.e.m.c.i.p.WorkspaceClassifierResolverManager - Resolving P/cws_services_jpa: uo.ri:cws_services_jpa:0.0.1-SNAPSHOT with classifier null to /cws_services_jpa/bin
2025-06-16 16:45:10,851 [Worker-18: Launching MechanicMain] INFO  o.e.m.c.i.p.WorkspaceClassifierResolverManager - Resolving P/cws_util: uo.ri:cws_util:0.0.1-SNAPSHOT with classifier null to /cws_util/bin
2025-06-16 16:45:10,889 [Worker-8: Building] INFO  o.a.m.s.f.DefaultMavenResourcesFiltering - Copying 0 resource from src to bin
2025-06-16 16:45:10,913 [Worker-8: Building] INFO  o.a.m.s.f.DefaultMavenResourcesFiltering - Copying 0 resource from test to target\test-classes
2025-06-16 16:45:26,655 [Worker-2: Launching AdminMain] INFO  o.e.m.c.i.p.WorkspaceClassifierResolverManager - Resolving P/cws_services_jpa: uo.ri:cws_services_jpa:0.0.1-SNAPSHOT with classifier null to /cws_services_jpa/bin
2025-06-16 16:45:26,657 [Worker-2: Launching AdminMain] INFO  o.e.m.c.i.p.WorkspaceClassifierResolverManager - Resolving P/cws_util: uo.ri:cws_util:0.0.1-SNAPSHOT with classifier null to /cws_util/bin
2025-06-16 16:45:26,675 [Worker-2: Launching AdminMain] INFO  o.e.m.c.i.p.WorkspaceClassifierResolverManager - Resolving P/cws_services_jpa: uo.ri:cws_services_jpa:0.0.1-SNAPSHOT with classifier null to /cws_services_jpa/bin
2025-06-16 16:45:26,677 [Worker-2: Launching AdminMain] INFO  o.e.m.c.i.p.WorkspaceClassifierResolverManager - Resolving P/cws_util: uo.ri:cws_util:0.0.1-SNAPSHOT with classifier null to /cws_util/bin
2025-06-16 16:45:26,698 [Worker-2: Launching AdminMain] INFO  o.e.m.c.i.p.WorkspaceClassifierResolverManager - Resolving P/cws_services_jpa: uo.ri:cws_services_jpa:0.0.1-SNAPSHOT with classifier null to /cws_services_jpa/bin
2025-06-16 16:45:26,698 [Worker-2: Launching AdminMain] INFO  o.e.m.c.i.p.WorkspaceClassifierResolverManager - Resolving P/cws_util: uo.ri:cws_util:0.0.1-SNAPSHOT with classifier null to /cws_util/bin
2025-06-16 16:45:26,756 [Worker-1: Building] INFO  o.a.m.s.f.DefaultMavenResourcesFiltering - Copying 0 resource from src to bin
2025-06-16 16:45:26,782 [Worker-1: Building] INFO  o.a.m.s.f.DefaultMavenResourcesFiltering - Copying 0 resource from test to target\test-classes
2025-06-16 16:45:47,366 [Worker-12: Launching ForemanMain] INFO  o.e.m.c.i.p.WorkspaceClassifierResolverManager - Resolving P/cws_services_jpa: uo.ri:cws_services_jpa:0.0.1-SNAPSHOT with classifier null to /cws_services_jpa/bin
2025-06-16 16:45:47,367 [Worker-12: Launching ForemanMain] INFO  o.e.m.c.i.p.WorkspaceClassifierResolverManager - Resolving P/cws_util: uo.ri:cws_util:0.0.1-SNAPSHOT with classifier null to /cws_util/bin
2025-06-16 16:45:47,388 [Worker-12: Launching ForemanMain] INFO  o.e.m.c.i.p.WorkspaceClassifierResolverManager - Resolving P/cws_services_jpa: uo.ri:cws_services_jpa:0.0.1-SNAPSHOT with classifier null to /cws_services_jpa/bin
2025-06-16 16:45:47,388 [Worker-12: Launching ForemanMain] INFO  o.e.m.c.i.p.WorkspaceClassifierResolverManager - Resolving P/cws_util: uo.ri:cws_util:0.0.1-SNAPSHOT with classifier null to /cws_util/bin
2025-06-16 16:45:47,411 [Worker-12: Launching ForemanMain] INFO  o.e.m.c.i.p.WorkspaceClassifierResolverManager - Resolving P/cws_services_jpa: uo.ri:cws_services_jpa:0.0.1-SNAPSHOT with classifier null to /cws_services_jpa/bin
2025-06-16 16:45:47,412 [Worker-12: Launching ForemanMain] INFO  o.e.m.c.i.p.WorkspaceClassifierResolverManager - Resolving P/cws_util: uo.ri:cws_util:0.0.1-SNAPSHOT with classifier null to /cws_util/bin
2025-06-16 16:45:47,457 [Worker-4: Building] INFO  o.a.m.s.f.DefaultMavenResourcesFiltering - Copying 0 resource from src to bin
2025-06-16 16:45:47,484 [Worker-4: Building] INFO  o.a.m.s.f.DefaultMavenResourcesFiltering - Copying 0 resource from test to target\test-classes
2025-06-16 16:46:28,370 [main] INFO  o.e.m.jdt.internal.UnitTestSupport - Updating RunCucumberTests_1 from maven configuration
2025-06-16 16:46:28,443 [Worker-9: Launching RunCucumberTests_1] INFO  o.a.m.s.f.DefaultMavenResourcesFiltering - Copying 0 resource from src to bin
2025-06-16 16:46:28,458 [Worker-9: Launching RunCucumberTests_1] INFO  o.a.m.s.f.DefaultMavenResourcesFiltering - Copying 0 resource from test to target\test-classes
2025-06-16 16:46:28,549 [Worker-9: Launching RunCucumberTests_1] INFO  o.e.m.c.i.p.WorkspaceClassifierResolverManager - Resolving P/cws_services_jpa: uo.ri:cws_services_jpa:0.0.1-SNAPSHOT with classifier null to /cws_services_jpa/bin
2025-06-16 16:46:28,550 [Worker-9: Launching RunCucumberTests_1] INFO  o.e.m.c.i.p.WorkspaceClassifierResolverManager - Resolving P/cws_util: uo.ri:cws_util:0.0.1-SNAPSHOT with classifier null to /cws_util/bin
2025-06-16 16:46:28,603 [Worker-9: Launching RunCucumberTests_1] INFO  o.e.m.c.i.p.WorkspaceClassifierResolverManager - Resolving P/cws_services_jpa: uo.ri:cws_services_jpa:0.0.1-SNAPSHOT with classifier null to /cws_services_jpa/bin
2025-06-16 16:46:28,605 [Worker-9: Launching RunCucumberTests_1] INFO  o.e.m.c.i.p.WorkspaceClassifierResolverManager - Resolving P/cws_util: uo.ri:cws_util:0.0.1-SNAPSHOT with classifier null to /cws_util/bin
2025-06-16 16:46:28,629 [Worker-13: Building] INFO  o.a.m.s.f.DefaultMavenResourcesFiltering - Copying 0 resource from src to bin
2025-06-16 16:46:28,647 [Worker-13: Building] INFO  o.a.m.s.f.DefaultMavenResourcesFiltering - Copying 0 resource from test to target\test-classes
2025-06-16 16:47:08,488 [Worker-3: Building] INFO  o.a.m.s.f.DefaultMavenResourcesFiltering - Copying 0 resource from src to bin
2025-06-16 16:47:08,507 [Worker-3: Building] INFO  o.a.m.s.f.DefaultMavenResourcesFiltering - Copying 0 resource from test to target\test-classes
2025-06-16 16:47:09,592 [Worker-15: Building] INFO  o.a.m.s.f.DefaultMavenResourcesFiltering - Copying 0 resource from src to bin
2025-06-16 16:47:09,612 [Worker-15: Building] INFO  o.a.m.s.f.DefaultMavenResourcesFiltering - Copying 0 resource from test to target\test-classes
2025-06-16 16:47:10,672 [Worker-8: Building] INFO  o.a.m.s.f.DefaultMavenResourcesFiltering - Copying 0 resource from src to bin
2025-06-16 16:47:10,695 [Worker-8: Building] INFO  o.a.m.s.f.DefaultMavenResourcesFiltering - Copying 0 resource from test to target\test-classes
2025-06-16 16:47:12,613 [Worker-20: Building] INFO  o.a.m.s.f.DefaultMavenResourcesFiltering - Copying 0 resource from src to bin
2025-06-16 16:47:12,624 [Worker-20: Building] INFO  o.a.m.s.f.DefaultMavenResourcesFiltering - Copying 0 resource from test to target\test-classes
2025-06-16 16:47:12,801 [Worker-4: Building] INFO  o.a.m.s.f.DefaultMavenResourcesFiltering - Copying 1 resource from src to bin
2025-06-16 16:47:12,805 [Worker-4: Building] INFO  o.a.m.s.f.DefaultMavenResourcesFiltering - skip non existing resourceDirectory C:\Users\Usuario\OneDrive\Escritorio\RI_JPA\cws_services_jpa\src\test\resources
2025-06-16 16:47:12,848 [Worker-4: Building] INFO  o.a.m.s.f.DefaultMavenResourcesFiltering - Copying 0 resource from src to bin
2025-06-16 16:47:12,857 [Worker-4: Building] INFO  o.a.m.s.f.DefaultMavenResourcesFiltering - Copying 0 resource from test to target\test-classes
2025-06-16 16:47:18,802 [Worker-7: Launching uo.ri.cws (1)] INFO  o.e.m.c.i.p.WorkspaceClassifierResolverManager - Resolving P/cws_util: uo.ri:cws_util:0.0.1-SNAPSHOT with classifier null to /cws_util/bin
2025-06-16 16:47:18,847 [Worker-7: Launching uo.ri.cws (1)] INFO  o.e.m.c.i.p.WorkspaceClassifierResolverManager - Resolving P/cws_util: uo.ri:cws_util:0.0.1-SNAPSHOT with classifier null to /cws_util/bin
2025-06-16 16:47:18,887 [Worker-9: Building] INFO  o.a.m.s.f.DefaultMavenResourcesFiltering - Copying 0 resource from src to bin
2025-06-16 16:47:18,904 [Worker-9: Building] INFO  o.a.m.s.f.DefaultMavenResourcesFiltering - Copying 0 resource from test to target\test-classes
2025-06-16 16:48:04,965 [Worker-0: Launching RunCucumberTests_1] INFO  o.a.m.s.f.DefaultMavenResourcesFiltering - Copying 0 resource from src to bin
2025-06-16 16:48:04,977 [Worker-0: Launching RunCucumberTests_1] INFO  o.a.m.s.f.DefaultMavenResourcesFiltering - Copying 0 resource from test to target\test-classes
2025-06-16 16:48:05,063 [Worker-0: Launching RunCucumberTests_1] INFO  o.e.m.c.i.p.WorkspaceClassifierResolverManager - Resolving P/cws_services_jpa: uo.ri:cws_services_jpa:0.0.1-SNAPSHOT with classifier null to /cws_services_jpa/bin
2025-06-16 16:48:05,063 [Worker-0: Launching RunCucumberTests_1] INFO  o.e.m.c.i.p.WorkspaceClassifierResolverManager - Resolving P/cws_util: uo.ri:cws_util:0.0.1-SNAPSHOT with classifier null to /cws_util/bin
2025-06-16 16:48:05,113 [Worker-14: Building] INFO  o.a.m.s.f.DefaultMavenResourcesFiltering - Copying 0 resource from src to bin
2025-06-16 16:48:05,115 [Worker-0: Launching RunCucumberTests_1] INFO  o.e.m.c.i.p.WorkspaceClassifierResolverManager - Resolving P/cws_services_jpa: uo.ri:cws_services_jpa:0.0.1-SNAPSHOT with classifier null to /cws_services_jpa/bin
2025-06-16 16:48:05,116 [Worker-0: Launching RunCucumberTests_1] INFO  o.e.m.c.i.p.WorkspaceClassifierResolverManager - Resolving P/cws_util: uo.ri:cws_util:0.0.1-SNAPSHOT with classifier null to /cws_util/bin
2025-06-16 16:48:05,126 [Worker-14: Building] INFO  o.a.m.s.f.DefaultMavenResourcesFiltering - Copying 0 resource from test to target\test-classes
2025-06-16 16:48:09,719 [Worker-0: Building] INFO  o.a.m.s.f.DefaultMavenResourcesFiltering - Copying 0 resource from src to bin
2025-06-16 16:48:09,739 [Worker-0: Building] INFO  o.a.m.s.f.DefaultMavenResourcesFiltering - Copying 0 resource from test to target\test-classes
2025-06-16 16:53:10,602 [Worker-7: Building] INFO  o.a.m.s.f.DefaultMavenResourcesFiltering - Copying 0 resource from src to bin
2025-06-16 16:53:10,680 [Worker-7: Building] INFO  o.a.m.s.f.DefaultMavenResourcesFiltering - Copying 0 resource from test to target\test-classes
2025-06-16 16:54:31,668 [Worker-22: Building] INFO  o.a.m.s.f.DefaultMavenResourcesFiltering - Copying 0 resource from src to bin
2025-06-16 16:54:31,686 [Worker-22: Building] INFO  o.a.m.s.f.DefaultMavenResourcesFiltering - Copying 0 resource from test to target\test-classes
2025-06-16 16:54:32,169 [Worker-23: Launching uo.ri.cws (1)] INFO  o.e.m.c.i.p.WorkspaceClassifierResolverManager - Resolving P/cws_util: uo.ri:cws_util:0.0.1-SNAPSHOT with classifier null to /cws_util/bin
2025-06-16 16:54:32,240 [Worker-23: Launching uo.ri.cws (1)] INFO  o.e.m.c.i.p.WorkspaceClassifierResolverManager - Resolving P/cws_util: uo.ri:cws_util:0.0.1-SNAPSHOT with classifier null to /cws_util/bin
2025-06-16 16:56:44,716 [Worker-22: Launching uo.ri.cws (1)] INFO  o.e.m.c.i.p.WorkspaceClassifierResolverManager - Resolving P/cws_util: uo.ri:cws_util:0.0.1-SNAPSHOT with classifier null to /cws_util/bin
2025-06-16 16:56:44,762 [Worker-22: Launching uo.ri.cws (1)] INFO  o.e.m.c.i.p.WorkspaceClassifierResolverManager - Resolving P/cws_util: uo.ri:cws_util:0.0.1-SNAPSHOT with classifier null to /cws_util/bin
2025-06-16 16:56:44,799 [Worker-7: Building] INFO  o.a.m.s.f.DefaultMavenResourcesFiltering - Copying 0 resource from src to bin
2025-06-16 16:56:44,817 [Worker-7: Building] INFO  o.a.m.s.f.DefaultMavenResourcesFiltering - Copying 0 resource from test to target\test-classes
2025-06-16 16:58:11,051 [Worker-26: Building] INFO  o.a.m.s.f.DefaultMavenResourcesFiltering - Copying 0 resource from src to bin
2025-06-16 16:58:11,087 [Worker-26: Building] INFO  o.a.m.s.f.DefaultMavenResourcesFiltering - Copying 0 resource from test to target\test-classes
2025-06-16 17:00:35,016 [Worker-22: Building] INFO  o.a.m.s.f.DefaultMavenResourcesFiltering - Copying 0 resource from src to bin
2025-06-16 17:00:35,046 [Worker-22: Building] INFO  o.a.m.s.f.DefaultMavenResourcesFiltering - Copying 0 resource from test to target\test-classes
2025-06-16 17:00:37,468 [Burningwave - Resource releaser] INFO  o.b.c.a.StaticComponentContainer - (StaticComponentContainer.java:391) - ... Waiting for all tasks ending
2025-06-16 17:00:37,470 [Burningwave - Resource releaser] INFO  o.b.c.a.StaticComponentContainer - (StaticComponentContainer.java:397) - Closing all component containers
2025-06-16 17:00:37,476 [Burningwave - Resource releaser] INFO  o.b.c.a.StaticComponentContainer - (StaticComponentContainer.java:403) - Closing FileSystemHelper
2025-06-16 17:00:37,478 [Burningwave - Resource releaser] INFO  o.b.c.a.StaticComponentContainer - (StaticComponentContainer.java:409) - ... Waiting for all tasks ending before shutting down the BackgroundExecutor
2025-06-16 17:00:37,479 [Burningwave - Resource releaser] INFO  o.b.c.a.StaticComponentContainer - (StaticComponentContainer.java:414) - Shutting down BackgroundExecutor
2025-06-16 17:00:37,479 [Burningwave - Resource releaser] INFO  o.b.c.a.StaticComponentContainer - (StaticComponentContainer.java:420) - Stopping all threads monitoring thread
2025-06-16 17:00:37,480 [Burningwave - Resource releaser] INFO  o.b.c.a.StaticComponentContainer - (StaticComponentContainer.java:425) - Closing ThreadHolder
2025-06-16 17:00:37,480 [Burningwave - Resource releaser] INFO  o.b.c.a.StaticComponentContainer - (StaticComponentContainer.java:430) - Shutting down ThreadSupplier
2025-06-16 17:06:48,097 [main] INFO  o.b.c.a.StaticComponentContainer - (StaticComponentContainer.java:368) - Instantiated org.burningwave.core.SLF4JManagedLoggerRepository
2025-06-16 17:06:48,101 [main] INFO  o.b.c.a.StaticComponentContainer - (StaticComponentContainer.java:369) - 

	Configuration values for static components:

		background-executor.all-tasks-monitoring.enabled=\
			true
		background-executor.all-tasks-monitoring.interval=\
			30000
		background-executor.all-tasks-monitoring.logger.enabled=\
			false
		background-executor.all-tasks-monitoring.minimum-elapsed-time-to-consider-a-task-as-probable-dead-locked=\
			300000
		background-executor.all-tasks-monitoring.probable-dead-locked-tasks-handling.policy=\
			log only
		background-executor.queued-task-executor[0].name=\
			Low priority tasks
		background-executor.queued-task-executor[0].priority=\
			1
		background-executor.queued-task-executor[1].name=\
			Normal priority tasks
		background-executor.queued-task-executor[1].priority=\
			5
		background-executor.queued-task-executor[2].name=\
			High priority tasks
		background-executor.queued-task-executor[2].priority=\
			10
		background-executor.task-creation-tracking.enabled=\
			${background-executor.all-tasks-monitoring.enabled}
		banner.additonal-informations=\
			${Implementation-Title} ${Implementation-Version}
		banner.additonal-informations.retrieve-from-manifest-file-with-implementation-title=\
			Burningwave Core
		banner.file=\
			org/burningwave/banner.bwb
		banner.hide=\
			true
		buffer-handler.default-allocation-mode=\
			ByteBuffer::allocateDirect
		buffer-handler.default-buffer-size=\
			1024
		group-name-for-named-elements=\
			Burningwave
		iterable-object-helper.default-values-separator=\
			;
		iterable-object-helper.parallel-iteration.applicability.default-minimum-collection-size=\
			2
		iterable-object-helper.parallel-iteration.applicability.max-runtime-thread-count-threshold=\
			autodetect
		iterable-object-helper.parallel-iteration.applicability.output-collection-enabled-types=\
			java.util.concurrent.ConcurrentHashMap$CollectionView;\
			java.util.Collections$SynchronizedCollection;\
			java.util.concurrent.CopyOnWriteArrayList;\
			java.util.concurrent.CopyOnWriteArraySet;\
			java.util.concurrent.BlockingQueue;\
			java.util.concurrent.ConcurrentSkipListSet;\
			java.util.concurrent.ConcurrentSkipListMap$EntrySet;\
			java.util.concurrent.ConcurrentSkipListMap$KeySet;\
			java.util.concurrent.ConcurrentSkipListMap$Values;
		jvm.driver.init=\
			false
		managed-logger.repository=\
			autodetect
		managed-logger.repository.enabled=\
			true
		managed-logger.repository.logging.warn.disabled-for=\
			org.burningwave.core.assembler.ComponentContainer$ClassLoader;\
			org.burningwave.core.classes.MemoryClassLoader;\
			org.burningwave.core.classes.PathScannerClassLoader;
		modules.export-all-to-all=\
			true
		resource-releaser.enabled=\
			true
		synchronizer.all-threads-monitoring.enabled=\
			false
		synchronizer.all-threads-monitoring.interval=\
			90000
		thread-supplier.default-daemon-flag-value=\
			true
		thread-supplier.default-thread-priority=\
			5
		thread-supplier.max-detached-thread-count=\
			${thread-supplier.max-poolable-thread-count}
		thread-supplier.max-detached-thread-count.elapsed-time-threshold-from-last-increase-for-gradual-decreasing-to-initial-value=\
			30000
		thread-supplier.max-detached-thread-count.increasing-step=\
			autodetect
		thread-supplier.max-poolable-thread-count=\
			autodetect
		thread-supplier.poolable-thread-request-timeout=\
			6000


2025-06-16 17:06:48,104 [main] INFO  o.b.core.jvm.BufferHandler - (BufferHandler.java:127) - default buffer size: 1024 bytes
2025-06-16 17:06:48,105 [main] INFO  o.b.core.jvm.BufferHandler - (BufferHandler.java:141) - default allocation mode: ByteBuffer::allocateDirect
2025-06-16 17:06:48,113 [main] INFO  org.burningwave.core.Cache - (Cache.java:76) - Building cache
2025-06-16 17:06:48,137 [main] INFO  o.b.c.a.StaticComponentContainer - (StaticComponentContainer.java:443) - org.burningwave.core.assembler.StaticComponentContainer initialized in 0.1531749 seconds
2025-06-16 17:06:50,499 [Worker-7: Loading available Gradle versions] INFO  o.e.b.c.i.u.g.PublishedGradleVersions - Gradle version information cache is up-to-date. Trying to read.
2025-06-16 17:06:56,543 [Worker-7: Building] INFO  o.e.m.c.i.p.WorkspaceClassifierResolverManager - Resolving P/cws_util: uo.ri:cws_util:0.0.1-SNAPSHOT with classifier  to /cws_util/bin
2025-06-16 17:06:57,844 [Worker-7: Building] INFO  o.a.m.s.f.DefaultMavenResourcesFiltering - Copying 2 resources from src to bin
2025-06-16 17:06:58,206 [Worker-7: Building] INFO  o.a.m.s.f.DefaultMavenResourcesFiltering - skip non existing resourceDirectory C:\Users\Usuario\OneDrive\Escritorio\RI_JPA\cws_services_jpa\src\test\resources
2025-06-16 17:07:03,310 [Worker-7: Building] INFO  o.e.m.c.i.p.WorkspaceClassifierResolverManager - Resolving P/cws_services_jpa: uo.ri:cws_services_jpa:0.0.1-SNAPSHOT with classifier  to /cws_services_jpa/bin
2025-06-16 17:07:03,311 [Worker-7: Building] INFO  o.e.m.c.i.p.WorkspaceClassifierResolverManager - Resolving P/cws_util: uo.ri:cws_util:0.0.1-SNAPSHOT with classifier  to /cws_util/bin
2025-06-16 17:07:03,388 [Worker-7: Building] INFO  o.a.m.s.f.DefaultMavenResourcesFiltering - Copying 0 resource from src to bin
2025-06-16 17:07:03,400 [Worker-7: Building] INFO  o.a.m.s.f.DefaultMavenResourcesFiltering - Copying 32 resources from test to target\test-classes
2025-06-16 17:07:04,236 [Worker-6: Launching uo.ri.cws (1)] INFO  o.e.m.c.i.p.WorkspaceClassifierResolverManager - Resolving P/cws_util: uo.ri:cws_util:0.0.1-SNAPSHOT with classifier null to /cws_util/bin
2025-06-16 17:07:04,569 [Worker-6: Launching uo.ri.cws (1)] INFO  o.e.m.c.i.p.WorkspaceClassifierResolverManager - Resolving P/cws_util: uo.ri:cws_util:0.0.1-SNAPSHOT with classifier null to /cws_util/bin
2025-06-16 17:07:05,008 [Worker-23: Building] INFO  o.a.m.s.f.DefaultMavenResourcesFiltering - Copying 0 resource from src to bin
2025-06-16 17:07:05,170 [Worker-23: Building] INFO  o.a.m.s.f.DefaultMavenResourcesFiltering - Copying 0 resource from test to target\test-classes
2025-06-16 17:07:11,851 [Worker-3: Building] INFO  o.a.m.s.f.DefaultMavenResourcesFiltering - Copying 0 resource from src to bin
2025-06-16 17:07:11,858 [Worker-3: Building] INFO  o.a.m.s.f.DefaultMavenResourcesFiltering - skip non existing resourceDirectory C:\Users\Usuario\OneDrive\Escritorio\RI_JPA\cws_services_jpa\src\test\resources
2025-06-16 17:08:33,615 [Worker-26: Building] INFO  o.a.m.s.f.DefaultMavenResourcesFiltering - Copying 1 resource from src to bin
2025-06-16 17:08:33,621 [Worker-26: Building] INFO  o.a.m.s.f.DefaultMavenResourcesFiltering - skip non existing resourceDirectory C:\Users\Usuario\OneDrive\Escritorio\RI_JPA\cws_services_jpa\src\test\resources
2025-06-16 17:08:36,861 [Worker-18: Building] INFO  o.a.m.s.f.DefaultMavenResourcesFiltering - Copying 1 resource from src to bin
2025-06-16 17:08:36,867 [Worker-18: Building] INFO  o.a.m.s.f.DefaultMavenResourcesFiltering - skip non existing resourceDirectory C:\Users\Usuario\OneDrive\Escritorio\RI_JPA\cws_services_jpa\src\test\resources
2025-06-16 17:09:21,516 [Worker-28: Launching uo.ri.cws (1)] INFO  o.e.m.c.i.p.WorkspaceClassifierResolverManager - Resolving P/cws_util: uo.ri:cws_util:0.0.1-SNAPSHOT with classifier null to /cws_util/bin
2025-06-16 17:09:21,578 [Worker-28: Launching uo.ri.cws (1)] INFO  o.e.m.c.i.p.WorkspaceClassifierResolverManager - Resolving P/cws_util: uo.ri:cws_util:0.0.1-SNAPSHOT with classifier null to /cws_util/bin
2025-06-16 17:10:03,270 [Worker-17: Launching RunCucumberTests_1] INFO  o.e.m.c.i.p.WorkspaceClassifierResolverManager - Resolving P/cws_services_jpa: uo.ri:cws_services_jpa:0.0.1-SNAPSHOT with classifier null to /cws_services_jpa/bin
2025-06-16 17:10:03,270 [Worker-17: Launching RunCucumberTests_1] INFO  o.e.m.c.i.p.WorkspaceClassifierResolverManager - Resolving P/cws_util: uo.ri:cws_util:0.0.1-SNAPSHOT with classifier null to /cws_util/bin
2025-06-16 17:10:03,331 [Worker-17: Launching RunCucumberTests_1] INFO  o.e.m.c.i.p.WorkspaceClassifierResolverManager - Resolving P/cws_services_jpa: uo.ri:cws_services_jpa:0.0.1-SNAPSHOT with classifier null to /cws_services_jpa/bin
2025-06-16 17:10:03,332 [Worker-17: Launching RunCucumberTests_1] INFO  o.e.m.c.i.p.WorkspaceClassifierResolverManager - Resolving P/cws_util: uo.ri:cws_util:0.0.1-SNAPSHOT with classifier null to /cws_util/bin
2025-06-16 17:11:01,013 [Worker-27: Launching RunCucumberTests_0] INFO  o.e.m.c.i.p.WorkspaceClassifierResolverManager - Resolving P/cws_services_jpa: uo.ri:cws_services_jpa:0.0.1-SNAPSHOT with classifier null to /cws_services_jpa/bin
2025-06-16 17:11:01,014 [Worker-27: Launching RunCucumberTests_0] INFO  o.e.m.c.i.p.WorkspaceClassifierResolverManager - Resolving P/cws_util: uo.ri:cws_util:0.0.1-SNAPSHOT with classifier null to /cws_util/bin
2025-06-16 17:11:01,073 [Worker-27: Launching RunCucumberTests_0] INFO  o.e.m.c.i.p.WorkspaceClassifierResolverManager - Resolving P/cws_services_jpa: uo.ri:cws_services_jpa:0.0.1-SNAPSHOT with classifier null to /cws_services_jpa/bin
2025-06-16 17:11:01,074 [Worker-27: Launching RunCucumberTests_0] INFO  o.e.m.c.i.p.WorkspaceClassifierResolverManager - Resolving P/cws_util: uo.ri:cws_util:0.0.1-SNAPSHOT with classifier null to /cws_util/bin
2025-06-16 17:14:11,578 [Worker-29: Building] INFO  o.a.m.s.f.DefaultMavenResourcesFiltering - Copying 2 resources from src to bin
2025-06-16 17:14:11,585 [Worker-29: Building] INFO  o.a.m.s.f.DefaultMavenResourcesFiltering - skip non existing resourceDirectory C:\Users\Usuario\OneDrive\Escritorio\RI_JPA\cws_services_jpa\src\test\resources
2025-06-16 17:14:19,083 [Worker-29: Building] INFO  o.a.m.s.f.DefaultMavenResourcesFiltering - Copying 2 resources from src to bin
2025-06-16 17:14:19,088 [Worker-29: Building] INFO  o.a.m.s.f.DefaultMavenResourcesFiltering - skip non existing resourceDirectory C:\Users\Usuario\OneDrive\Escritorio\RI_JPA\cws_services_jpa\src\test\resources
2025-06-16 17:14:50,529 [Worker-31: Building] INFO  o.a.m.s.f.DefaultMavenResourcesFiltering - Copying 2 resources from src to bin
2025-06-16 17:14:50,536 [Worker-31: Building] INFO  o.a.m.s.f.DefaultMavenResourcesFiltering - skip non existing resourceDirectory C:\Users\Usuario\OneDrive\Escritorio\RI_JPA\cws_services_jpa\src\test\resources
2025-06-16 17:15:15,866 [Worker-31: Building] INFO  o.a.m.s.f.DefaultMavenResourcesFiltering - Copying 2 resources from src to bin
2025-06-16 17:15:15,871 [Worker-31: Building] INFO  o.a.m.s.f.DefaultMavenResourcesFiltering - skip non existing resourceDirectory C:\Users\Usuario\OneDrive\Escritorio\RI_JPA\cws_services_jpa\src\test\resources
2025-06-16 17:15:24,996 [Worker-31: Building] INFO  o.a.m.s.f.DefaultMavenResourcesFiltering - Copying 2 resources from src to bin
2025-06-16 17:15:25,001 [Worker-31: Building] INFO  o.a.m.s.f.DefaultMavenResourcesFiltering - skip non existing resourceDirectory C:\Users\Usuario\OneDrive\Escritorio\RI_JPA\cws_services_jpa\src\test\resources
2025-06-16 17:16:14,679 [Worker-29: Building] INFO  o.a.m.s.f.DefaultMavenResourcesFiltering - Copying 2 resources from src to bin
2025-06-16 17:16:14,682 [Worker-29: Building] INFO  o.a.m.s.f.DefaultMavenResourcesFiltering - skip non existing resourceDirectory C:\Users\Usuario\OneDrive\Escritorio\RI_JPA\cws_services_jpa\src\test\resources
2025-06-16 17:17:00,146 [Worker-29: Building] INFO  o.a.m.s.f.DefaultMavenResourcesFiltering - Copying 2 resources from src to bin
2025-06-16 17:17:00,150 [Worker-29: Building] INFO  o.a.m.s.f.DefaultMavenResourcesFiltering - skip non existing resourceDirectory C:\Users\Usuario\OneDrive\Escritorio\RI_JPA\cws_services_jpa\src\test\resources
2025-06-16 17:17:02,828 [Worker-30: Building] INFO  o.a.m.s.f.DefaultMavenResourcesFiltering - Copying 2 resources from src to bin
2025-06-16 17:17:02,831 [Worker-30: Building] INFO  o.a.m.s.f.DefaultMavenResourcesFiltering - skip non existing resourceDirectory C:\Users\Usuario\OneDrive\Escritorio\RI_JPA\cws_services_jpa\src\test\resources
2025-06-16 17:17:06,508 [Worker-2: Building] INFO  o.a.m.s.f.DefaultMavenResourcesFiltering - Copying 2 resources from src to bin
2025-06-16 17:17:06,511 [Worker-2: Building] INFO  o.a.m.s.f.DefaultMavenResourcesFiltering - skip non existing resourceDirectory C:\Users\Usuario\OneDrive\Escritorio\RI_JPA\cws_services_jpa\src\test\resources
2025-06-16 17:17:48,098 [Worker-30: Building] INFO  o.a.m.s.f.DefaultMavenResourcesFiltering - Copying 1 resource from src to bin
2025-06-16 17:17:48,103 [Worker-30: Building] INFO  o.a.m.s.f.DefaultMavenResourcesFiltering - skip non existing resourceDirectory C:\Users\Usuario\OneDrive\Escritorio\RI_JPA\cws_services_jpa\src\test\resources
2025-06-16 17:17:57,786 [Worker-29: Building] INFO  o.a.m.s.f.DefaultMavenResourcesFiltering - Copying 1 resource from src to bin
2025-06-16 17:17:57,791 [Worker-29: Building] INFO  o.a.m.s.f.DefaultMavenResourcesFiltering - skip non existing resourceDirectory C:\Users\Usuario\OneDrive\Escritorio\RI_JPA\cws_services_jpa\src\test\resources
2025-06-16 17:18:06,183 [Worker-31: Launching RunCucumberTests_0] INFO  o.e.m.c.i.p.WorkspaceClassifierResolverManager - Resolving P/cws_services_jpa: uo.ri:cws_services_jpa:0.0.1-SNAPSHOT with classifier null to /cws_services_jpa/bin
2025-06-16 17:18:06,184 [Worker-31: Launching RunCucumberTests_0] INFO  o.e.m.c.i.p.WorkspaceClassifierResolverManager - Resolving P/cws_util: uo.ri:cws_util:0.0.1-SNAPSHOT with classifier null to /cws_util/bin
2025-06-16 17:18:06,247 [Worker-31: Launching RunCucumberTests_0] INFO  o.e.m.c.i.p.WorkspaceClassifierResolverManager - Resolving P/cws_services_jpa: uo.ri:cws_services_jpa:0.0.1-SNAPSHOT with classifier null to /cws_services_jpa/bin
2025-06-16 17:18:06,248 [Worker-31: Launching RunCucumberTests_0] INFO  o.e.m.c.i.p.WorkspaceClassifierResolverManager - Resolving P/cws_util: uo.ri:cws_util:0.0.1-SNAPSHOT with classifier null to /cws_util/bin
2025-06-16 17:20:42,077 [Worker-31: Building] INFO  o.a.m.s.f.DefaultMavenResourcesFiltering - Copying 2 resources from src to bin
2025-06-16 17:20:42,080 [Worker-31: Building] INFO  o.a.m.s.f.DefaultMavenResourcesFiltering - skip non existing resourceDirectory C:\Users\Usuario\OneDrive\Escritorio\RI_JPA\cws_services_jpa\src\test\resources
2025-06-16 17:20:45,380 [Worker-32: Building] INFO  o.a.m.s.f.DefaultMavenResourcesFiltering - Copying 2 resources from src to bin
2025-06-16 17:20:45,382 [Worker-32: Building] INFO  o.a.m.s.f.DefaultMavenResourcesFiltering - skip non existing resourceDirectory C:\Users\Usuario\OneDrive\Escritorio\RI_JPA\cws_services_jpa\src\test\resources
2025-06-16 17:20:57,009 [Worker-2: Building] INFO  o.a.m.s.f.DefaultMavenResourcesFiltering - Copying 2 resources from src to bin
2025-06-16 17:20:57,016 [Worker-2: Building] INFO  o.a.m.s.f.DefaultMavenResourcesFiltering - skip non existing resourceDirectory C:\Users\Usuario\OneDrive\Escritorio\RI_JPA\cws_services_jpa\src\test\resources
2025-06-16 17:21:39,561 [Worker-33: Building] INFO  o.a.m.s.f.DefaultMavenResourcesFiltering - Copying 2 resources from src to bin
2025-06-16 17:21:39,567 [Worker-33: Building] INFO  o.a.m.s.f.DefaultMavenResourcesFiltering - skip non existing resourceDirectory C:\Users\Usuario\OneDrive\Escritorio\RI_JPA\cws_services_jpa\src\test\resources
2025-06-16 17:22:48,370 [Worker-30: Building] INFO  o.a.m.s.f.DefaultMavenResourcesFiltering - Copying 2 resources from src to bin
2025-06-16 17:22:48,376 [Worker-30: Building] INFO  o.a.m.s.f.DefaultMavenResourcesFiltering - skip non existing resourceDirectory C:\Users\Usuario\OneDrive\Escritorio\RI_JPA\cws_services_jpa\src\test\resources
2025-06-16 17:24:08,487 [Worker-31: Building] INFO  o.a.m.s.f.DefaultMavenResourcesFiltering - Copying 2 resources from src to bin
2025-06-16 17:24:08,491 [Worker-31: Building] INFO  o.a.m.s.f.DefaultMavenResourcesFiltering - skip non existing resourceDirectory C:\Users\Usuario\OneDrive\Escritorio\RI_JPA\cws_services_jpa\src\test\resources
2025-06-16 17:24:21,982 [Worker-29: Building] INFO  o.a.m.s.f.DefaultMavenResourcesFiltering - Copying 2 resources from src to bin
2025-06-16 17:24:21,986 [Worker-29: Building] INFO  o.a.m.s.f.DefaultMavenResourcesFiltering - skip non existing resourceDirectory C:\Users\Usuario\OneDrive\Escritorio\RI_JPA\cws_services_jpa\src\test\resources
2025-06-16 17:24:35,093 [Worker-31: Building] INFO  o.a.m.s.f.DefaultMavenResourcesFiltering - Copying 2 resources from src to bin
2025-06-16 17:24:35,100 [Worker-31: Building] INFO  o.a.m.s.f.DefaultMavenResourcesFiltering - skip non existing resourceDirectory C:\Users\Usuario\OneDrive\Escritorio\RI_JPA\cws_services_jpa\src\test\resources
2025-06-16 17:24:57,013 [Worker-30: Building] INFO  o.a.m.s.f.DefaultMavenResourcesFiltering - Copying 2 resources from src to bin
2025-06-16 17:24:57,021 [Worker-30: Building] INFO  o.a.m.s.f.DefaultMavenResourcesFiltering - skip non existing resourceDirectory C:\Users\Usuario\OneDrive\Escritorio\RI_JPA\cws_services_jpa\src\test\resources
2025-06-16 17:26:00,401 [Worker-32: Building] INFO  o.a.m.s.f.DefaultMavenResourcesFiltering - Copying 2 resources from src to bin
2025-06-16 17:26:00,405 [Worker-32: Building] INFO  o.a.m.s.f.DefaultMavenResourcesFiltering - skip non existing resourceDirectory C:\Users\Usuario\OneDrive\Escritorio\RI_JPA\cws_services_jpa\src\test\resources
2025-06-16 17:26:39,552 [Worker-29: Building] INFO  o.a.m.s.f.DefaultMavenResourcesFiltering - Copying 2 resources from src to bin
2025-06-16 17:26:39,555 [Worker-29: Building] INFO  o.a.m.s.f.DefaultMavenResourcesFiltering - skip non existing resourceDirectory C:\Users\Usuario\OneDrive\Escritorio\RI_JPA\cws_services_jpa\src\test\resources
2025-06-16 17:26:42,812 [Worker-31: Building] INFO  o.a.m.s.f.DefaultMavenResourcesFiltering - Copying 2 resources from src to bin
2025-06-16 17:26:42,815 [Worker-31: Building] INFO  o.a.m.s.f.DefaultMavenResourcesFiltering - skip non existing resourceDirectory C:\Users\Usuario\OneDrive\Escritorio\RI_JPA\cws_services_jpa\src\test\resources
2025-06-16 17:26:45,480 [Worker-29: Building] INFO  o.a.m.s.f.DefaultMavenResourcesFiltering - Copying 2 resources from src to bin
2025-06-16 17:26:45,482 [Worker-29: Building] INFO  o.a.m.s.f.DefaultMavenResourcesFiltering - skip non existing resourceDirectory C:\Users\Usuario\OneDrive\Escritorio\RI_JPA\cws_services_jpa\src\test\resources
2025-06-16 17:27:09,873 [Worker-30: Building] INFO  o.a.m.s.f.DefaultMavenResourcesFiltering - Copying 2 resources from src to bin
2025-06-16 17:27:09,878 [Worker-30: Building] INFO  o.a.m.s.f.DefaultMavenResourcesFiltering - skip non existing resourceDirectory C:\Users\Usuario\OneDrive\Escritorio\RI_JPA\cws_services_jpa\src\test\resources
2025-06-16 17:30:52,883 [Worker-35: Building] INFO  o.a.m.s.f.DefaultMavenResourcesFiltering - Copying 2 resources from src to bin
2025-06-16 17:30:52,898 [Worker-35: Building] INFO  o.a.m.s.f.DefaultMavenResourcesFiltering - skip non existing resourceDirectory C:\Users\Usuario\OneDrive\Escritorio\RI_JPA\cws_services_jpa\src\test\resources
2025-06-16 17:30:55,693 [Worker-36: Building] INFO  o.a.m.s.f.DefaultMavenResourcesFiltering - Copying 2 resources from src to bin
2025-06-16 17:30:55,704 [Worker-36: Building] INFO  o.a.m.s.f.DefaultMavenResourcesFiltering - skip non existing resourceDirectory C:\Users\Usuario\OneDrive\Escritorio\RI_JPA\cws_services_jpa\src\test\resources
2025-06-16 17:31:03,698 [Worker-29: Building] INFO  o.a.m.s.f.DefaultMavenResourcesFiltering - Copying 2 resources from src to bin
2025-06-16 17:31:03,707 [Worker-29: Building] INFO  o.a.m.s.f.DefaultMavenResourcesFiltering - skip non existing resourceDirectory C:\Users\Usuario\OneDrive\Escritorio\RI_JPA\cws_services_jpa\src\test\resources
2025-06-16 17:31:06,041 [Worker-35: Building] INFO  o.a.m.s.f.DefaultMavenResourcesFiltering - Copying 2 resources from src to bin
2025-06-16 17:31:06,045 [Worker-35: Building] INFO  o.a.m.s.f.DefaultMavenResourcesFiltering - skip non existing resourceDirectory C:\Users\Usuario\OneDrive\Escritorio\RI_JPA\cws_services_jpa\src\test\resources
2025-06-16 17:32:22,783 [Worker-35: Building] INFO  o.a.m.s.f.DefaultMavenResourcesFiltering - Copying 1 resource from src to bin
2025-06-16 17:32:22,788 [Worker-35: Building] INFO  o.a.m.s.f.DefaultMavenResourcesFiltering - skip non existing resourceDirectory C:\Users\Usuario\OneDrive\Escritorio\RI_JPA\cws_services_jpa\src\test\resources
2025-06-16 17:32:33,456 [Worker-29: Building] INFO  o.a.m.s.f.DefaultMavenResourcesFiltering - Copying 1 resource from src to bin
2025-06-16 17:32:33,461 [Worker-29: Building] INFO  o.a.m.s.f.DefaultMavenResourcesFiltering - skip non existing resourceDirectory C:\Users\Usuario\OneDrive\Escritorio\RI_JPA\cws_services_jpa\src\test\resources
2025-06-16 17:33:09,466 [Worker-35: Building] INFO  o.a.m.s.f.DefaultMavenResourcesFiltering - Copying 2 resources from src to bin
2025-06-16 17:33:09,472 [Worker-35: Building] INFO  o.a.m.s.f.DefaultMavenResourcesFiltering - skip non existing resourceDirectory C:\Users\Usuario\OneDrive\Escritorio\RI_JPA\cws_services_jpa\src\test\resources
2025-06-16 17:33:22,156 [Worker-29: Building] INFO  o.a.m.s.f.DefaultMavenResourcesFiltering - Copying 2 resources from src to bin
2025-06-16 17:33:22,159 [Worker-29: Building] INFO  o.a.m.s.f.DefaultMavenResourcesFiltering - skip non existing resourceDirectory C:\Users\Usuario\OneDrive\Escritorio\RI_JPA\cws_services_jpa\src\test\resources
2025-06-16 17:33:31,312 [Worker-35: Building] INFO  o.a.m.s.f.DefaultMavenResourcesFiltering - Copying 2 resources from src to bin
2025-06-16 17:33:31,317 [Worker-35: Building] INFO  o.a.m.s.f.DefaultMavenResourcesFiltering - skip non existing resourceDirectory C:\Users\Usuario\OneDrive\Escritorio\RI_JPA\cws_services_jpa\src\test\resources
2025-06-16 17:34:08,835 [Worker-29: Building] INFO  o.a.m.s.f.DefaultMavenResourcesFiltering - Copying 2 resources from src to bin
2025-06-16 17:34:08,838 [Worker-29: Building] INFO  o.a.m.s.f.DefaultMavenResourcesFiltering - skip non existing resourceDirectory C:\Users\Usuario\OneDrive\Escritorio\RI_JPA\cws_services_jpa\src\test\resources
2025-06-16 17:35:29,019 [Worker-31: Building] INFO  o.a.m.s.f.DefaultMavenResourcesFiltering - Copying 2 resources from src to bin
2025-06-16 17:35:29,022 [Worker-31: Building] INFO  o.a.m.s.f.DefaultMavenResourcesFiltering - skip non existing resourceDirectory C:\Users\Usuario\OneDrive\Escritorio\RI_JPA\cws_services_jpa\src\test\resources
2025-06-16 17:35:33,709 [Worker-36: Building] INFO  o.a.m.s.f.DefaultMavenResourcesFiltering - Copying 2 resources from src to bin
2025-06-16 17:35:33,713 [Worker-36: Building] INFO  o.a.m.s.f.DefaultMavenResourcesFiltering - skip non existing resourceDirectory C:\Users\Usuario\OneDrive\Escritorio\RI_JPA\cws_services_jpa\src\test\resources
2025-06-16 17:35:54,163 [Worker-39: Building] INFO  o.a.m.s.f.DefaultMavenResourcesFiltering - Copying 2 resources from src to bin
2025-06-16 17:35:54,166 [Worker-39: Building] INFO  o.a.m.s.f.DefaultMavenResourcesFiltering - skip non existing resourceDirectory C:\Users\Usuario\OneDrive\Escritorio\RI_JPA\cws_services_jpa\src\test\resources
2025-06-16 17:36:07,771 [Worker-39: Building] INFO  o.a.m.s.f.DefaultMavenResourcesFiltering - Copying 2 resources from src to bin
2025-06-16 17:36:07,779 [Worker-39: Building] INFO  o.a.m.s.f.DefaultMavenResourcesFiltering - skip non existing resourceDirectory C:\Users\Usuario\OneDrive\Escritorio\RI_JPA\cws_services_jpa\src\test\resources
2025-06-16 17:36:10,399 [Worker-36: Building] INFO  o.a.m.s.f.DefaultMavenResourcesFiltering - Copying 2 resources from src to bin
2025-06-16 17:36:10,405 [Worker-36: Building] INFO  o.a.m.s.f.DefaultMavenResourcesFiltering - skip non existing resourceDirectory C:\Users\Usuario\OneDrive\Escritorio\RI_JPA\cws_services_jpa\src\test\resources
2025-06-16 17:36:19,768 [Worker-40: Building] INFO  o.a.m.s.f.DefaultMavenResourcesFiltering - Copying 2 resources from src to bin
2025-06-16 17:36:19,788 [Worker-40: Building] INFO  o.a.m.s.f.DefaultMavenResourcesFiltering - skip non existing resourceDirectory C:\Users\Usuario\OneDrive\Escritorio\RI_JPA\cws_services_jpa\src\test\resources
2025-06-16 17:36:22,955 [Worker-31: Building] INFO  o.a.m.s.f.DefaultMavenResourcesFiltering - Copying 2 resources from src to bin
2025-06-16 17:36:22,972 [Worker-31: Building] INFO  o.a.m.s.f.DefaultMavenResourcesFiltering - skip non existing resourceDirectory C:\Users\Usuario\OneDrive\Escritorio\RI_JPA\cws_services_jpa\src\test\resources
2025-06-16 17:36:25,198 [Worker-40: Building] INFO  o.a.m.s.f.DefaultMavenResourcesFiltering - Copying 2 resources from src to bin
2025-06-16 17:36:25,205 [Worker-40: Building] INFO  o.a.m.s.f.DefaultMavenResourcesFiltering - skip non existing resourceDirectory C:\Users\Usuario\OneDrive\Escritorio\RI_JPA\cws_services_jpa\src\test\resources
2025-06-16 17:36:36,009 [Worker-36: Building] INFO  o.a.m.s.f.DefaultMavenResourcesFiltering - Copying 2 resources from src to bin
2025-06-16 17:36:36,015 [Worker-36: Building] INFO  o.a.m.s.f.DefaultMavenResourcesFiltering - skip non existing resourceDirectory C:\Users\Usuario\OneDrive\Escritorio\RI_JPA\cws_services_jpa\src\test\resources
2025-06-16 17:36:40,305 [Worker-31: Launching RunCucumberTests_0] INFO  o.e.m.c.i.p.WorkspaceClassifierResolverManager - Resolving P/cws_services_jpa: uo.ri:cws_services_jpa:0.0.1-SNAPSHOT with classifier null to /cws_services_jpa/bin
2025-06-16 17:36:40,306 [Worker-31: Launching RunCucumberTests_0] INFO  o.e.m.c.i.p.WorkspaceClassifierResolverManager - Resolving P/cws_util: uo.ri:cws_util:0.0.1-SNAPSHOT with classifier null to /cws_util/bin
2025-06-16 17:36:40,387 [Worker-31: Launching RunCucumberTests_0] INFO  o.e.m.c.i.p.WorkspaceClassifierResolverManager - Resolving P/cws_services_jpa: uo.ri:cws_services_jpa:0.0.1-SNAPSHOT with classifier null to /cws_services_jpa/bin
2025-06-16 17:36:40,388 [Worker-31: Launching RunCucumberTests_0] INFO  o.e.m.c.i.p.WorkspaceClassifierResolverManager - Resolving P/cws_util: uo.ri:cws_util:0.0.1-SNAPSHOT with classifier null to /cws_util/bin
2025-06-16 17:37:41,019 [Worker-41: Building] INFO  o.a.m.s.f.DefaultMavenResourcesFiltering - Copying 1 resource from src to bin
2025-06-16 17:37:41,023 [Worker-41: Building] INFO  o.a.m.s.f.DefaultMavenResourcesFiltering - skip non existing resourceDirectory C:\Users\Usuario\OneDrive\Escritorio\RI_JPA\cws_services_jpa\src\test\resources
2025-06-16 17:37:44,570 [Worker-41: Launching RunCucumberTests_0] INFO  o.e.m.c.i.p.WorkspaceClassifierResolverManager - Resolving P/cws_services_jpa: uo.ri:cws_services_jpa:0.0.1-SNAPSHOT with classifier null to /cws_services_jpa/bin
2025-06-16 17:37:44,571 [Worker-41: Launching RunCucumberTests_0] INFO  o.e.m.c.i.p.WorkspaceClassifierResolverManager - Resolving P/cws_util: uo.ri:cws_util:0.0.1-SNAPSHOT with classifier null to /cws_util/bin
2025-06-16 17:37:44,622 [Worker-41: Launching RunCucumberTests_0] INFO  o.e.m.c.i.p.WorkspaceClassifierResolverManager - Resolving P/cws_services_jpa: uo.ri:cws_services_jpa:0.0.1-SNAPSHOT with classifier null to /cws_services_jpa/bin
2025-06-16 17:37:44,623 [Worker-41: Launching RunCucumberTests_0] INFO  o.e.m.c.i.p.WorkspaceClassifierResolverManager - Resolving P/cws_util: uo.ri:cws_util:0.0.1-SNAPSHOT with classifier null to /cws_util/bin
2025-06-16 17:41:11,552 [Worker-45: Building] INFO  o.a.m.s.f.DefaultMavenResourcesFiltering - Copying 1 resource from src to bin
2025-06-16 17:41:11,563 [Worker-45: Building] INFO  o.a.m.s.f.DefaultMavenResourcesFiltering - skip non existing resourceDirectory C:\Users\Usuario\OneDrive\Escritorio\RI_JPA\cws_services_jpa\src\test\resources
2025-06-16 17:41:26,967 [Worker-41: Launching RunCucumberTests_0] INFO  o.e.m.c.i.p.WorkspaceClassifierResolverManager - Resolving P/cws_services_jpa: uo.ri:cws_services_jpa:0.0.1-SNAPSHOT with classifier null to /cws_services_jpa/bin
2025-06-16 17:41:26,968 [Worker-41: Launching RunCucumberTests_0] INFO  o.e.m.c.i.p.WorkspaceClassifierResolverManager - Resolving P/cws_util: uo.ri:cws_util:0.0.1-SNAPSHOT with classifier null to /cws_util/bin
2025-06-16 17:41:27,024 [Worker-41: Launching RunCucumberTests_0] INFO  o.e.m.c.i.p.WorkspaceClassifierResolverManager - Resolving P/cws_services_jpa: uo.ri:cws_services_jpa:0.0.1-SNAPSHOT with classifier null to /cws_services_jpa/bin
2025-06-16 17:41:27,025 [Worker-41: Launching RunCucumberTests_0] INFO  o.e.m.c.i.p.WorkspaceClassifierResolverManager - Resolving P/cws_util: uo.ri:cws_util:0.0.1-SNAPSHOT with classifier null to /cws_util/bin
2025-06-16 17:41:47,837 [Worker-40: Building] INFO  o.a.m.s.f.DefaultMavenResourcesFiltering - Copying 1 resource from src to bin
2025-06-16 17:41:47,843 [Worker-40: Building] INFO  o.a.m.s.f.DefaultMavenResourcesFiltering - skip non existing resourceDirectory C:\Users\Usuario\OneDrive\Escritorio\RI_JPA\cws_services_jpa\src\test\resources
2025-06-16 17:42:04,202 [Worker-40: Building] INFO  o.a.m.s.f.DefaultMavenResourcesFiltering - Copying 1 resource from src to bin
2025-06-16 17:42:04,206 [Worker-40: Building] INFO  o.a.m.s.f.DefaultMavenResourcesFiltering - skip non existing resourceDirectory C:\Users\Usuario\OneDrive\Escritorio\RI_JPA\cws_services_jpa\src\test\resources
2025-06-16 17:42:07,664 [Worker-44: Launching RunCucumberTests_0] INFO  o.e.m.c.i.p.WorkspaceClassifierResolverManager - Resolving P/cws_services_jpa: uo.ri:cws_services_jpa:0.0.1-SNAPSHOT with classifier null to /cws_services_jpa/bin
2025-06-16 17:42:07,665 [Worker-44: Launching RunCucumberTests_0] INFO  o.e.m.c.i.p.WorkspaceClassifierResolverManager - Resolving P/cws_util: uo.ri:cws_util:0.0.1-SNAPSHOT with classifier null to /cws_util/bin
2025-06-16 17:42:07,784 [Worker-44: Launching RunCucumberTests_0] INFO  o.e.m.c.i.p.WorkspaceClassifierResolverManager - Resolving P/cws_services_jpa: uo.ri:cws_services_jpa:0.0.1-SNAPSHOT with classifier null to /cws_services_jpa/bin
2025-06-16 17:42:07,784 [Worker-44: Launching RunCucumberTests_0] INFO  o.e.m.c.i.p.WorkspaceClassifierResolverManager - Resolving P/cws_util: uo.ri:cws_util:0.0.1-SNAPSHOT with classifier null to /cws_util/bin
2025-06-16 17:43:10,860 [Worker-44: Building] INFO  o.a.m.s.f.DefaultMavenResourcesFiltering - Copying 2 resources from src to bin
2025-06-16 17:43:10,863 [Worker-44: Building] INFO  o.a.m.s.f.DefaultMavenResourcesFiltering - skip non existing resourceDirectory C:\Users\Usuario\OneDrive\Escritorio\RI_JPA\cws_services_jpa\src\test\resources
2025-06-16 17:43:14,371 [Worker-43: Building] INFO  o.a.m.s.f.DefaultMavenResourcesFiltering - Copying 2 resources from src to bin
2025-06-16 17:43:14,376 [Worker-43: Building] INFO  o.a.m.s.f.DefaultMavenResourcesFiltering - skip non existing resourceDirectory C:\Users\Usuario\OneDrive\Escritorio\RI_JPA\cws_services_jpa\src\test\resources
2025-06-16 17:43:21,461 [Worker-44: Building] INFO  o.a.m.s.f.DefaultMavenResourcesFiltering - Copying 2 resources from src to bin
2025-06-16 17:43:21,464 [Worker-44: Building] INFO  o.a.m.s.f.DefaultMavenResourcesFiltering - skip non existing resourceDirectory C:\Users\Usuario\OneDrive\Escritorio\RI_JPA\cws_services_jpa\src\test\resources
2025-06-16 17:43:23,573 [Worker-30: Launching RunCucumberTests_0] INFO  o.e.m.c.i.p.WorkspaceClassifierResolverManager - Resolving P/cws_services_jpa: uo.ri:cws_services_jpa:0.0.1-SNAPSHOT with classifier null to /cws_services_jpa/bin
2025-06-16 17:43:23,574 [Worker-30: Launching RunCucumberTests_0] INFO  o.e.m.c.i.p.WorkspaceClassifierResolverManager - Resolving P/cws_util: uo.ri:cws_util:0.0.1-SNAPSHOT with classifier null to /cws_util/bin
2025-06-16 17:43:23,638 [Worker-30: Launching RunCucumberTests_0] INFO  o.e.m.c.i.p.WorkspaceClassifierResolverManager - Resolving P/cws_services_jpa: uo.ri:cws_services_jpa:0.0.1-SNAPSHOT with classifier null to /cws_services_jpa/bin
2025-06-16 17:43:23,639 [Worker-30: Launching RunCucumberTests_0] INFO  o.e.m.c.i.p.WorkspaceClassifierResolverManager - Resolving P/cws_util: uo.ri:cws_util:0.0.1-SNAPSHOT with classifier null to /cws_util/bin
2025-06-16 17:44:30,503 [Worker-45: Building] INFO  o.a.m.s.f.DefaultMavenResourcesFiltering - Copying 1 resource from src to bin
2025-06-16 17:44:30,508 [Worker-45: Building] INFO  o.a.m.s.f.DefaultMavenResourcesFiltering - skip non existing resourceDirectory C:\Users\Usuario\OneDrive\Escritorio\RI_JPA\cws_services_jpa\src\test\resources
2025-06-16 17:44:39,781 [Worker-39: Building] INFO  o.a.m.s.f.DefaultMavenResourcesFiltering - Copying 1 resource from src to bin
2025-06-16 17:44:39,785 [Worker-39: Building] INFO  o.a.m.s.f.DefaultMavenResourcesFiltering - skip non existing resourceDirectory C:\Users\Usuario\OneDrive\Escritorio\RI_JPA\cws_services_jpa\src\test\resources
2025-06-16 17:44:44,647 [Worker-30: Launching RunCucumberTests_0] INFO  o.e.m.c.i.p.WorkspaceClassifierResolverManager - Resolving P/cws_services_jpa: uo.ri:cws_services_jpa:0.0.1-SNAPSHOT with classifier null to /cws_services_jpa/bin
2025-06-16 17:44:44,649 [Worker-30: Launching RunCucumberTests_0] INFO  o.e.m.c.i.p.WorkspaceClassifierResolverManager - Resolving P/cws_util: uo.ri:cws_util:0.0.1-SNAPSHOT with classifier null to /cws_util/bin
2025-06-16 17:44:44,706 [Worker-30: Launching RunCucumberTests_0] INFO  o.e.m.c.i.p.WorkspaceClassifierResolverManager - Resolving P/cws_services_jpa: uo.ri:cws_services_jpa:0.0.1-SNAPSHOT with classifier null to /cws_services_jpa/bin
2025-06-16 17:44:44,707 [Worker-30: Launching RunCucumberTests_0] INFO  o.e.m.c.i.p.WorkspaceClassifierResolverManager - Resolving P/cws_util: uo.ri:cws_util:0.0.1-SNAPSHOT with classifier null to /cws_util/bin
2025-06-16 17:45:30,870 [Worker-30: Building] INFO  o.a.m.s.f.DefaultMavenResourcesFiltering - Copying 2 resources from src to bin
2025-06-16 17:45:30,873 [Worker-30: Building] INFO  o.a.m.s.f.DefaultMavenResourcesFiltering - skip non existing resourceDirectory C:\Users\Usuario\OneDrive\Escritorio\RI_JPA\cws_services_jpa\src\test\resources
2025-06-16 17:45:43,220 [Worker-36: Building] INFO  o.a.m.s.f.DefaultMavenResourcesFiltering - Copying 2 resources from src to bin
2025-06-16 17:45:43,224 [Worker-36: Building] INFO  o.a.m.s.f.DefaultMavenResourcesFiltering - skip non existing resourceDirectory C:\Users\Usuario\OneDrive\Escritorio\RI_JPA\cws_services_jpa\src\test\resources
2025-06-16 17:45:54,925 [Worker-44: Building] INFO  o.a.m.s.f.DefaultMavenResourcesFiltering - Copying 2 resources from src to bin
2025-06-16 17:45:54,934 [Worker-44: Building] INFO  o.a.m.s.f.DefaultMavenResourcesFiltering - skip non existing resourceDirectory C:\Users\Usuario\OneDrive\Escritorio\RI_JPA\cws_services_jpa\src\test\resources
2025-06-16 17:46:46,291 [Worker-31: Building] INFO  o.a.m.s.f.DefaultMavenResourcesFiltering - Copying 2 resources from src to bin
2025-06-16 17:46:46,297 [Worker-31: Building] INFO  o.a.m.s.f.DefaultMavenResourcesFiltering - skip non existing resourceDirectory C:\Users\Usuario\OneDrive\Escritorio\RI_JPA\cws_services_jpa\src\test\resources
2025-06-16 17:46:58,178 [Worker-41: Building] INFO  o.a.m.s.f.DefaultMavenResourcesFiltering - Copying 2 resources from src to bin
2025-06-16 17:46:58,184 [Worker-41: Building] INFO  o.a.m.s.f.DefaultMavenResourcesFiltering - skip non existing resourceDirectory C:\Users\Usuario\OneDrive\Escritorio\RI_JPA\cws_services_jpa\src\test\resources
2025-06-16 17:47:04,224 [Worker-43: Building] INFO  o.a.m.s.f.DefaultMavenResourcesFiltering - Copying 2 resources from src to bin
2025-06-16 17:47:04,229 [Worker-43: Building] INFO  o.a.m.s.f.DefaultMavenResourcesFiltering - skip non existing resourceDirectory C:\Users\Usuario\OneDrive\Escritorio\RI_JPA\cws_services_jpa\src\test\resources
2025-06-16 17:47:25,156 [Worker-39: Building] INFO  o.a.m.s.f.DefaultMavenResourcesFiltering - Copying 2 resources from src to bin
2025-06-16 17:47:25,161 [Worker-39: Building] INFO  o.a.m.s.f.DefaultMavenResourcesFiltering - skip non existing resourceDirectory C:\Users\Usuario\OneDrive\Escritorio\RI_JPA\cws_services_jpa\src\test\resources
2025-06-16 17:48:30,889 [Worker-39: Building] INFO  o.a.m.s.f.DefaultMavenResourcesFiltering - Copying 2 resources from src to bin
2025-06-16 17:48:30,893 [Worker-39: Building] INFO  o.a.m.s.f.DefaultMavenResourcesFiltering - skip non existing resourceDirectory C:\Users\Usuario\OneDrive\Escritorio\RI_JPA\cws_services_jpa\src\test\resources
2025-06-16 17:48:53,132 [Worker-44: Building] INFO  o.a.m.s.f.DefaultMavenResourcesFiltering - Copying 2 resources from src to bin
2025-06-16 17:48:53,137 [Worker-44: Building] INFO  o.a.m.s.f.DefaultMavenResourcesFiltering - skip non existing resourceDirectory C:\Users\Usuario\OneDrive\Escritorio\RI_JPA\cws_services_jpa\src\test\resources
2025-06-16 17:48:59,865 [Worker-39: Building] INFO  o.a.m.s.f.DefaultMavenResourcesFiltering - Copying 2 resources from src to bin
2025-06-16 17:48:59,872 [Worker-39: Building] INFO  o.a.m.s.f.DefaultMavenResourcesFiltering - skip non existing resourceDirectory C:\Users\Usuario\OneDrive\Escritorio\RI_JPA\cws_services_jpa\src\test\resources
2025-06-16 17:49:26,810 [Worker-39: Building] INFO  o.a.m.s.f.DefaultMavenResourcesFiltering - Copying 2 resources from src to bin
2025-06-16 17:49:26,814 [Worker-39: Building] INFO  o.a.m.s.f.DefaultMavenResourcesFiltering - skip non existing resourceDirectory C:\Users\Usuario\OneDrive\Escritorio\RI_JPA\cws_services_jpa\src\test\resources
2025-06-16 17:49:46,727 [Worker-45: Building] INFO  o.a.m.s.f.DefaultMavenResourcesFiltering - Copying 2 resources from src to bin
2025-06-16 17:49:46,731 [Worker-45: Building] INFO  o.a.m.s.f.DefaultMavenResourcesFiltering - skip non existing resourceDirectory C:\Users\Usuario\OneDrive\Escritorio\RI_JPA\cws_services_jpa\src\test\resources
2025-06-16 17:50:16,814 [Worker-41: Launching RunCucumberTests_0] INFO  o.e.m.c.i.p.WorkspaceClassifierResolverManager - Resolving P/cws_services_jpa: uo.ri:cws_services_jpa:0.0.1-SNAPSHOT with classifier null to /cws_services_jpa/bin
2025-06-16 17:50:16,815 [Worker-41: Launching RunCucumberTests_0] INFO  o.e.m.c.i.p.WorkspaceClassifierResolverManager - Resolving P/cws_util: uo.ri:cws_util:0.0.1-SNAPSHOT with classifier null to /cws_util/bin
2025-06-16 17:50:16,879 [Worker-41: Launching RunCucumberTests_0] INFO  o.e.m.c.i.p.WorkspaceClassifierResolverManager - Resolving P/cws_services_jpa: uo.ri:cws_services_jpa:0.0.1-SNAPSHOT with classifier null to /cws_services_jpa/bin
2025-06-16 17:50:16,879 [Worker-41: Launching RunCucumberTests_0] INFO  o.e.m.c.i.p.WorkspaceClassifierResolverManager - Resolving P/cws_util: uo.ri:cws_util:0.0.1-SNAPSHOT with classifier null to /cws_util/bin
2025-06-16 17:50:51,666 [Worker-45: Building] INFO  o.a.m.s.f.DefaultMavenResourcesFiltering - Copying 2 resources from src to bin
2025-06-16 17:50:51,670 [Worker-45: Building] INFO  o.a.m.s.f.DefaultMavenResourcesFiltering - skip non existing resourceDirectory C:\Users\Usuario\OneDrive\Escritorio\RI_JPA\cws_services_jpa\src\test\resources
2025-06-16 17:50:58,975 [Worker-39: Building] INFO  o.a.m.s.f.DefaultMavenResourcesFiltering - Copying 2 resources from src to bin
2025-06-16 17:50:58,979 [Worker-39: Building] INFO  o.a.m.s.f.DefaultMavenResourcesFiltering - skip non existing resourceDirectory C:\Users\Usuario\OneDrive\Escritorio\RI_JPA\cws_services_jpa\src\test\resources
2025-06-16 17:51:41,901 [Worker-39: Launching RunCucumberTests_0] INFO  o.e.m.c.i.p.WorkspaceClassifierResolverManager - Resolving P/cws_services_jpa: uo.ri:cws_services_jpa:0.0.1-SNAPSHOT with classifier null to /cws_services_jpa/bin
2025-06-16 17:51:41,901 [Worker-39: Launching RunCucumberTests_0] INFO  o.e.m.c.i.p.WorkspaceClassifierResolverManager - Resolving P/cws_util: uo.ri:cws_util:0.0.1-SNAPSHOT with classifier null to /cws_util/bin
2025-06-16 17:51:41,963 [Worker-39: Launching RunCucumberTests_0] INFO  o.e.m.c.i.p.WorkspaceClassifierResolverManager - Resolving P/cws_services_jpa: uo.ri:cws_services_jpa:0.0.1-SNAPSHOT with classifier null to /cws_services_jpa/bin
2025-06-16 17:51:41,964 [Worker-39: Launching RunCucumberTests_0] INFO  o.e.m.c.i.p.WorkspaceClassifierResolverManager - Resolving P/cws_util: uo.ri:cws_util:0.0.1-SNAPSHOT with classifier null to /cws_util/bin
2025-06-16 17:54:16,549 [Worker-30: Launching RunCucumberTests_0] INFO  o.e.m.c.i.p.WorkspaceClassifierResolverManager - Resolving P/cws_services_jpa: uo.ri:cws_services_jpa:0.0.1-SNAPSHOT with classifier null to /cws_services_jpa/bin
2025-06-16 17:54:16,554 [Worker-30: Launching RunCucumberTests_0] INFO  o.e.m.c.i.p.WorkspaceClassifierResolverManager - Resolving P/cws_util: uo.ri:cws_util:0.0.1-SNAPSHOT with classifier null to /cws_util/bin
2025-06-16 17:54:16,675 [Worker-30: Launching RunCucumberTests_0] INFO  o.e.m.c.i.p.WorkspaceClassifierResolverManager - Resolving P/cws_services_jpa: uo.ri:cws_services_jpa:0.0.1-SNAPSHOT with classifier null to /cws_services_jpa/bin
2025-06-16 17:54:16,676 [Worker-30: Launching RunCucumberTests_0] INFO  o.e.m.c.i.p.WorkspaceClassifierResolverManager - Resolving P/cws_util: uo.ri:cws_util:0.0.1-SNAPSHOT with classifier null to /cws_util/bin
2025-06-16 17:56:15,979 [Worker-48: Building] INFO  o.a.m.s.f.DefaultMavenResourcesFiltering - Copying 2 resources from src to bin
2025-06-16 17:56:15,985 [Worker-48: Building] INFO  o.a.m.s.f.DefaultMavenResourcesFiltering - skip non existing resourceDirectory C:\Users\Usuario\OneDrive\Escritorio\RI_JPA\cws_services_jpa\src\test\resources
2025-06-16 17:56:26,537 [Worker-53: Building] INFO  o.a.m.s.f.DefaultMavenResourcesFiltering - Copying 2 resources from src to bin
2025-06-16 17:56:26,541 [Worker-53: Building] INFO  o.a.m.s.f.DefaultMavenResourcesFiltering - skip non existing resourceDirectory C:\Users\Usuario\OneDrive\Escritorio\RI_JPA\cws_services_jpa\src\test\resources
2025-06-16 17:56:37,866 [Worker-55: Building] INFO  o.a.m.s.f.DefaultMavenResourcesFiltering - Copying 2 resources from src to bin
2025-06-16 17:56:37,873 [Worker-55: Building] INFO  o.a.m.s.f.DefaultMavenResourcesFiltering - skip non existing resourceDirectory C:\Users\Usuario\OneDrive\Escritorio\RI_JPA\cws_services_jpa\src\test\resources
2025-06-16 17:56:41,885 [Worker-55: Building] INFO  o.a.m.s.f.DefaultMavenResourcesFiltering - Copying 2 resources from src to bin
2025-06-16 17:56:41,895 [Worker-55: Building] INFO  o.a.m.s.f.DefaultMavenResourcesFiltering - skip non existing resourceDirectory C:\Users\Usuario\OneDrive\Escritorio\RI_JPA\cws_services_jpa\src\test\resources
2025-06-16 17:56:49,694 [Worker-48: Building] INFO  o.a.m.s.f.DefaultMavenResourcesFiltering - Copying 2 resources from src to bin
2025-06-16 17:56:49,699 [Worker-48: Building] INFO  o.a.m.s.f.DefaultMavenResourcesFiltering - skip non existing resourceDirectory C:\Users\Usuario\OneDrive\Escritorio\RI_JPA\cws_services_jpa\src\test\resources
2025-06-16 17:57:12,539 [Worker-53: Building] INFO  o.a.m.s.f.DefaultMavenResourcesFiltering - Copying 2 resources from src to bin
2025-06-16 17:57:12,541 [Worker-53: Building] INFO  o.a.m.s.f.DefaultMavenResourcesFiltering - skip non existing resourceDirectory C:\Users\Usuario\OneDrive\Escritorio\RI_JPA\cws_services_jpa\src\test\resources
2025-06-16 17:57:16,705 [Worker-49: Building] INFO  o.a.m.s.f.DefaultMavenResourcesFiltering - Copying 2 resources from src to bin
2025-06-16 17:57:16,710 [Worker-49: Building] INFO  o.a.m.s.f.DefaultMavenResourcesFiltering - skip non existing resourceDirectory C:\Users\Usuario\OneDrive\Escritorio\RI_JPA\cws_services_jpa\src\test\resources
2025-06-16 17:57:25,050 [Worker-56: Building] INFO  o.a.m.s.f.DefaultMavenResourcesFiltering - Copying 2 resources from src to bin
2025-06-16 17:57:25,053 [Worker-56: Building] INFO  o.a.m.s.f.DefaultMavenResourcesFiltering - skip non existing resourceDirectory C:\Users\Usuario\OneDrive\Escritorio\RI_JPA\cws_services_jpa\src\test\resources
2025-06-16 17:57:36,523 [Worker-48: Building] INFO  o.a.m.s.f.DefaultMavenResourcesFiltering - Copying 2 resources from src to bin
2025-06-16 17:57:36,526 [Worker-48: Building] INFO  o.a.m.s.f.DefaultMavenResourcesFiltering - skip non existing resourceDirectory C:\Users\Usuario\OneDrive\Escritorio\RI_JPA\cws_services_jpa\src\test\resources
2025-06-16 17:57:38,121 [Worker-55: Launching RunCucumberTests_0] INFO  o.e.m.c.i.p.WorkspaceClassifierResolverManager - Resolving P/cws_services_jpa: uo.ri:cws_services_jpa:0.0.1-SNAPSHOT with classifier null to /cws_services_jpa/bin
2025-06-16 17:57:38,122 [Worker-55: Launching RunCucumberTests_0] INFO  o.e.m.c.i.p.WorkspaceClassifierResolverManager - Resolving P/cws_util: uo.ri:cws_util:0.0.1-SNAPSHOT with classifier null to /cws_util/bin
2025-06-16 17:57:38,209 [Worker-55: Launching RunCucumberTests_0] INFO  o.e.m.c.i.p.WorkspaceClassifierResolverManager - Resolving P/cws_services_jpa: uo.ri:cws_services_jpa:0.0.1-SNAPSHOT with classifier null to /cws_services_jpa/bin
2025-06-16 17:57:38,210 [Worker-55: Launching RunCucumberTests_0] INFO  o.e.m.c.i.p.WorkspaceClassifierResolverManager - Resolving P/cws_util: uo.ri:cws_util:0.0.1-SNAPSHOT with classifier null to /cws_util/bin
2025-06-16 17:58:53,625 [Worker-48: Building] INFO  o.a.m.s.f.DefaultMavenResourcesFiltering - Copying 2 resources from src to bin
2025-06-16 17:58:53,629 [Worker-48: Building] INFO  o.a.m.s.f.DefaultMavenResourcesFiltering - skip non existing resourceDirectory C:\Users\Usuario\OneDrive\Escritorio\RI_JPA\cws_services_jpa\src\test\resources
2025-06-16 17:58:58,918 [Worker-53: Building] INFO  o.a.m.s.f.DefaultMavenResourcesFiltering - Copying 2 resources from src to bin
2025-06-16 17:58:58,920 [Worker-53: Building] INFO  o.a.m.s.f.DefaultMavenResourcesFiltering - skip non existing resourceDirectory C:\Users\Usuario\OneDrive\Escritorio\RI_JPA\cws_services_jpa\src\test\resources
2025-06-16 17:59:25,053 [Worker-53: Building] INFO  o.a.m.s.f.DefaultMavenResourcesFiltering - Copying 1 resource from src to bin
2025-06-16 17:59:25,059 [Worker-53: Building] INFO  o.a.m.s.f.DefaultMavenResourcesFiltering - skip non existing resourceDirectory C:\Users\Usuario\OneDrive\Escritorio\RI_JPA\cws_services_jpa\src\test\resources
2025-06-16 18:05:28,652 [Worker-63: Building] INFO  o.a.m.s.f.DefaultMavenResourcesFiltering - Copying 1 resource from src to bin
2025-06-16 18:05:28,665 [Worker-63: Building] INFO  o.a.m.s.f.DefaultMavenResourcesFiltering - skip non existing resourceDirectory C:\Users\Usuario\OneDrive\Escritorio\RI_JPA\cws_services_jpa\src\test\resources
2025-06-16 18:05:31,857 [Worker-57: Building] INFO  o.a.m.s.f.DefaultMavenResourcesFiltering - Copying 1 resource from src to bin
2025-06-16 18:05:31,862 [Worker-57: Building] INFO  o.a.m.s.f.DefaultMavenResourcesFiltering - skip non existing resourceDirectory C:\Users\Usuario\OneDrive\Escritorio\RI_JPA\cws_services_jpa\src\test\resources
2025-06-16 18:05:33,753 [Worker-49: Launching RunCucumberTests_0] INFO  o.e.m.c.i.p.WorkspaceClassifierResolverManager - Resolving P/cws_services_jpa: uo.ri:cws_services_jpa:0.0.1-SNAPSHOT with classifier null to /cws_services_jpa/bin
2025-06-16 18:05:33,754 [Worker-49: Launching RunCucumberTests_0] INFO  o.e.m.c.i.p.WorkspaceClassifierResolverManager - Resolving P/cws_util: uo.ri:cws_util:0.0.1-SNAPSHOT with classifier null to /cws_util/bin
2025-06-16 18:05:33,837 [Worker-49: Launching RunCucumberTests_0] INFO  o.e.m.c.i.p.WorkspaceClassifierResolverManager - Resolving P/cws_services_jpa: uo.ri:cws_services_jpa:0.0.1-SNAPSHOT with classifier null to /cws_services_jpa/bin
2025-06-16 18:05:33,838 [Worker-49: Launching RunCucumberTests_0] INFO  o.e.m.c.i.p.WorkspaceClassifierResolverManager - Resolving P/cws_util: uo.ri:cws_util:0.0.1-SNAPSHOT with classifier null to /cws_util/bin
2025-06-16 18:06:36,645 [Worker-64: Building] INFO  o.a.m.s.f.DefaultMavenResourcesFiltering - Copying 1 resource from src to bin
2025-06-16 18:06:36,649 [Worker-64: Building] INFO  o.a.m.s.f.DefaultMavenResourcesFiltering - skip non existing resourceDirectory C:\Users\Usuario\OneDrive\Escritorio\RI_JPA\cws_services_jpa\src\test\resources
2025-06-16 18:06:38,781 [Worker-64: Launching RunCucumberTests_0] INFO  o.e.m.c.i.p.WorkspaceClassifierResolverManager - Resolving P/cws_services_jpa: uo.ri:cws_services_jpa:0.0.1-SNAPSHOT with classifier null to /cws_services_jpa/bin
2025-06-16 18:06:38,783 [Worker-64: Launching RunCucumberTests_0] INFO  o.e.m.c.i.p.WorkspaceClassifierResolverManager - Resolving P/cws_util: uo.ri:cws_util:0.0.1-SNAPSHOT with classifier null to /cws_util/bin
2025-06-16 18:06:38,860 [Worker-64: Launching RunCucumberTests_0] INFO  o.e.m.c.i.p.WorkspaceClassifierResolverManager - Resolving P/cws_services_jpa: uo.ri:cws_services_jpa:0.0.1-SNAPSHOT with classifier null to /cws_services_jpa/bin
2025-06-16 18:06:38,860 [Worker-64: Launching RunCucumberTests_0] INFO  o.e.m.c.i.p.WorkspaceClassifierResolverManager - Resolving P/cws_util: uo.ri:cws_util:0.0.1-SNAPSHOT with classifier null to /cws_util/bin
2025-06-16 18:07:24,126 [main] INFO  o.e.m.jdt.internal.UnitTestSupport - Updating RunCucumberTests from maven configuration
2025-06-16 18:07:28,801 [Worker-64: Launching RunCucumberTests] INFO  o.e.m.c.i.p.WorkspaceClassifierResolverManager - Resolving P/cws_services_jpa: uo.ri:cws_services_jpa:0.0.1-SNAPSHOT with classifier null to /cws_services_jpa/bin
2025-06-16 18:07:28,802 [Worker-64: Launching RunCucumberTests] INFO  o.e.m.c.i.p.WorkspaceClassifierResolverManager - Resolving P/cws_util: uo.ri:cws_util:0.0.1-SNAPSHOT with classifier null to /cws_util/bin
2025-06-16 18:07:28,862 [Worker-64: Launching RunCucumberTests] INFO  o.e.m.c.i.p.WorkspaceClassifierResolverManager - Resolving P/cws_services_jpa: uo.ri:cws_services_jpa:0.0.1-SNAPSHOT with classifier null to /cws_services_jpa/bin
2025-06-16 18:07:28,862 [Worker-64: Launching RunCucumberTests] INFO  o.e.m.c.i.p.WorkspaceClassifierResolverManager - Resolving P/cws_util: uo.ri:cws_util:0.0.1-SNAPSHOT with classifier null to /cws_util/bin
2025-06-16 18:09:58,916 [Worker-68: Building] INFO  o.a.m.s.f.DefaultMavenResourcesFiltering - Copying 2 resources from src to bin
2025-06-16 18:09:58,920 [Worker-68: Building] INFO  o.a.m.s.f.DefaultMavenResourcesFiltering - skip non existing resourceDirectory C:\Users\Usuario\OneDrive\Escritorio\RI_JPA\cws_services_jpa\src\test\resources
2025-06-16 18:10:14,377 [Worker-57: Building] INFO  o.a.m.s.f.DefaultMavenResourcesFiltering - Copying 2 resources from src to bin
2025-06-16 18:10:14,379 [Worker-57: Building] INFO  o.a.m.s.f.DefaultMavenResourcesFiltering - skip non existing resourceDirectory C:\Users\Usuario\OneDrive\Escritorio\RI_JPA\cws_services_jpa\src\test\resources
2025-06-16 18:10:24,121 [Worker-68: Launching RunCucumberTests] INFO  o.e.m.c.i.p.WorkspaceClassifierResolverManager - Resolving P/cws_services_jpa: uo.ri:cws_services_jpa:0.0.1-SNAPSHOT with classifier null to /cws_services_jpa/bin
2025-06-16 18:10:24,122 [Worker-68: Launching RunCucumberTests] INFO  o.e.m.c.i.p.WorkspaceClassifierResolverManager - Resolving P/cws_util: uo.ri:cws_util:0.0.1-SNAPSHOT with classifier null to /cws_util/bin
2025-06-16 18:10:24,184 [Worker-68: Launching RunCucumberTests] INFO  o.e.m.c.i.p.WorkspaceClassifierResolverManager - Resolving P/cws_services_jpa: uo.ri:cws_services_jpa:0.0.1-SNAPSHOT with classifier null to /cws_services_jpa/bin
2025-06-16 18:10:24,185 [Worker-68: Launching RunCucumberTests] INFO  o.e.m.c.i.p.WorkspaceClassifierResolverManager - Resolving P/cws_util: uo.ri:cws_util:0.0.1-SNAPSHOT with classifier null to /cws_util/bin
2025-06-16 18:11:26,155 [Worker-70: Building] INFO  o.a.m.s.f.DefaultMavenResourcesFiltering - Copying 2 resources from src to bin
2025-06-16 18:11:26,158 [Worker-70: Building] INFO  o.a.m.s.f.DefaultMavenResourcesFiltering - skip non existing resourceDirectory C:\Users\Usuario\OneDrive\Escritorio\RI_JPA\cws_services_jpa\src\test\resources
2025-06-16 18:11:42,533 [Worker-57: Building] INFO  o.a.m.s.f.DefaultMavenResourcesFiltering - Copying 2 resources from src to bin
2025-06-16 18:11:42,536 [Worker-57: Building] INFO  o.a.m.s.f.DefaultMavenResourcesFiltering - skip non existing resourceDirectory C:\Users\Usuario\OneDrive\Escritorio\RI_JPA\cws_services_jpa\src\test\resources
2025-06-16 18:11:47,443 [Worker-57: Building] INFO  o.a.m.s.f.DefaultMavenResourcesFiltering - Copying 2 resources from src to bin
2025-06-16 18:11:47,446 [Worker-57: Building] INFO  o.a.m.s.f.DefaultMavenResourcesFiltering - skip non existing resourceDirectory C:\Users\Usuario\OneDrive\Escritorio\RI_JPA\cws_services_jpa\src\test\resources
2025-06-16 18:11:55,696 [Worker-65: Building] INFO  o.a.m.s.f.DefaultMavenResourcesFiltering - Copying 2 resources from src to bin
2025-06-16 18:11:55,698 [Worker-65: Building] INFO  o.a.m.s.f.DefaultMavenResourcesFiltering - skip non existing resourceDirectory C:\Users\Usuario\OneDrive\Escritorio\RI_JPA\cws_services_jpa\src\test\resources
2025-06-16 18:12:03,078 [Worker-67: Building] INFO  o.a.m.s.f.DefaultMavenResourcesFiltering - Copying 2 resources from src to bin
2025-06-16 18:12:03,081 [Worker-67: Building] INFO  o.a.m.s.f.DefaultMavenResourcesFiltering - skip non existing resourceDirectory C:\Users\Usuario\OneDrive\Escritorio\RI_JPA\cws_services_jpa\src\test\resources
2025-06-16 18:13:18,146 [Burningwave - Resource releaser] INFO  o.b.c.a.StaticComponentContainer - (StaticComponentContainer.java:391) - ... Waiting for all tasks ending
2025-06-16 18:13:18,149 [Burningwave - Resource releaser] INFO  o.b.c.a.StaticComponentContainer - (StaticComponentContainer.java:397) - Closing all component containers
2025-06-16 18:13:18,155 [Burningwave - Resource releaser] INFO  o.b.c.a.StaticComponentContainer - (StaticComponentContainer.java:403) - Closing FileSystemHelper
2025-06-16 18:13:18,157 [Burningwave - Resource releaser] INFO  o.b.c.a.StaticComponentContainer - (StaticComponentContainer.java:409) - ... Waiting for all tasks ending before shutting down the BackgroundExecutor
2025-06-16 18:13:18,158 [Burningwave - Resource releaser] INFO  o.b.c.a.StaticComponentContainer - (StaticComponentContainer.java:414) - Shutting down BackgroundExecutor
2025-06-16 18:13:18,158 [Burningwave - Resource releaser] INFO  o.b.c.a.StaticComponentContainer - (StaticComponentContainer.java:420) - Stopping all threads monitoring thread
2025-06-16 18:13:18,159 [Burningwave - Resource releaser] INFO  o.b.c.a.StaticComponentContainer - (StaticComponentContainer.java:425) - Closing ThreadHolder
2025-06-16 18:13:18,159 [Burningwave - Resource releaser] INFO  o.b.c.a.StaticComponentContainer - (StaticComponentContainer.java:430) - Shutting down ThreadSupplier
2025-06-16 18:14:15,766 [Worker-7: Loading available Gradle versions] INFO  o.e.b.c.i.u.g.PublishedGradleVersions - Gradle version information cache is up-to-date. Trying to read.
2025-06-16 18:14:40,697 [Worker-18: Building] INFO  o.e.m.c.i.p.WorkspaceClassifierResolverManager - Resolving P/cws_util: uo.ri:cws_util:0.0.1-SNAPSHOT with classifier  to /cws_util/bin
2025-06-16 18:14:42,457 [Worker-18: Building] INFO  o.a.m.s.f.DefaultMavenResourcesFiltering - Copying 2 resources from src to bin
2025-06-16 18:14:42,479 [Worker-18: Building] INFO  o.a.m.s.f.DefaultMavenResourcesFiltering - skip non existing resourceDirectory C:\Users\Usuario\OneDrive\Escritorio\RI_JPA\cws_services_jpa\src\test\resources
2025-06-16 18:14:45,037 [Worker-19: Building] INFO  o.a.m.s.f.DefaultMavenResourcesFiltering - Copying 1 resource from src to bin
2025-06-16 18:14:45,048 [Worker-19: Building] INFO  o.a.m.s.f.DefaultMavenResourcesFiltering - skip non existing resourceDirectory C:\Users\Usuario\OneDrive\Escritorio\RI_JPA\cws_services_jpa\src\test\resources
2025-06-16 18:14:58,374 [Worker-0: Building] INFO  o.a.m.s.f.DefaultMavenResourcesFiltering - Copying 1 resource from src to bin
2025-06-16 18:14:58,381 [Worker-0: Building] INFO  o.a.m.s.f.DefaultMavenResourcesFiltering - skip non existing resourceDirectory C:\Users\Usuario\OneDrive\Escritorio\RI_JPA\cws_services_jpa\src\test\resources
2025-06-16 18:15:04,061 [Worker-6: Building] INFO  o.a.m.s.f.DefaultMavenResourcesFiltering - Copying 1 resource from src to bin
2025-06-16 18:15:04,073 [Worker-6: Building] INFO  o.a.m.s.f.DefaultMavenResourcesFiltering - skip non existing resourceDirectory C:\Users\Usuario\OneDrive\Escritorio\RI_JPA\cws_services_jpa\src\test\resources
2025-06-16 18:15:21,811 [Worker-21: Building] INFO  o.a.m.s.f.DefaultMavenResourcesFiltering - Copying 1 resource from src to bin
2025-06-16 18:15:21,815 [Worker-21: Building] INFO  o.a.m.s.f.DefaultMavenResourcesFiltering - skip non existing resourceDirectory C:\Users\Usuario\OneDrive\Escritorio\RI_JPA\cws_services_jpa\src\test\resources
2025-06-16 18:15:25,781 [Worker-17: Building] INFO  o.a.m.s.f.DefaultMavenResourcesFiltering - Copying 1 resource from src to bin
2025-06-16 18:15:25,789 [Worker-17: Building] INFO  o.a.m.s.f.DefaultMavenResourcesFiltering - skip non existing resourceDirectory C:\Users\Usuario\OneDrive\Escritorio\RI_JPA\cws_services_jpa\src\test\resources
2025-06-16 18:15:30,363 [Worker-2: Building] INFO  o.a.m.s.f.DefaultMavenResourcesFiltering - Copying 1 resource from src to bin
2025-06-16 18:15:30,367 [Worker-2: Building] INFO  o.a.m.s.f.DefaultMavenResourcesFiltering - skip non existing resourceDirectory C:\Users\Usuario\OneDrive\Escritorio\RI_JPA\cws_services_jpa\src\test\resources
2025-06-16 18:15:36,263 [Worker-20: Building] INFO  o.e.m.c.i.p.WorkspaceClassifierResolverManager - Resolving P/cws_services_jpa: uo.ri:cws_services_jpa:0.0.1-SNAPSHOT with classifier  to /cws_services_jpa/bin
2025-06-16 18:15:36,263 [Worker-20: Building] INFO  o.e.m.c.i.p.WorkspaceClassifierResolverManager - Resolving P/cws_util: uo.ri:cws_util:0.0.1-SNAPSHOT with classifier  to /cws_util/bin
2025-06-16 18:15:36,282 [Worker-20: Building] INFO  o.a.m.s.f.DefaultMavenResourcesFiltering - Copying 0 resource from src to bin
2025-06-16 18:15:36,285 [Worker-20: Building] INFO  o.a.m.s.f.DefaultMavenResourcesFiltering - Copying 32 resources from test to target\test-classes
2025-06-16 18:15:41,224 [Worker-21: Launching RunCucumberTests] INFO  o.a.m.s.f.DefaultMavenResourcesFiltering - Copying 0 resource from src to bin
2025-06-16 18:15:41,253 [Worker-21: Launching RunCucumberTests] INFO  o.a.m.s.f.DefaultMavenResourcesFiltering - Copying 0 resource from test to target\test-classes
2025-06-16 18:15:41,447 [Worker-21: Launching RunCucumberTests] INFO  o.e.m.c.i.p.WorkspaceClassifierResolverManager - Resolving P/cws_services_jpa: uo.ri:cws_services_jpa:0.0.1-SNAPSHOT with classifier null to /cws_services_jpa/bin
2025-06-16 18:15:41,448 [Worker-21: Launching RunCucumberTests] INFO  o.e.m.c.i.p.WorkspaceClassifierResolverManager - Resolving P/cws_util: uo.ri:cws_util:0.0.1-SNAPSHOT with classifier null to /cws_util/bin
2025-06-16 18:15:41,555 [Worker-21: Launching RunCucumberTests] INFO  o.e.m.c.i.p.WorkspaceClassifierResolverManager - Resolving P/cws_services_jpa: uo.ri:cws_services_jpa:0.0.1-SNAPSHOT with classifier null to /cws_services_jpa/bin
2025-06-16 18:15:41,556 [Worker-21: Launching RunCucumberTests] INFO  o.e.m.c.i.p.WorkspaceClassifierResolverManager - Resolving P/cws_util: uo.ri:cws_util:0.0.1-SNAPSHOT with classifier null to /cws_util/bin
2025-06-16 18:16:15,628 [Worker-21: Building] INFO  o.a.m.s.f.DefaultMavenResourcesFiltering - Copying 1 resource from src to bin
2025-06-16 18:16:15,635 [Worker-21: Building] INFO  o.a.m.s.f.DefaultMavenResourcesFiltering - skip non existing resourceDirectory C:\Users\Usuario\OneDrive\Escritorio\RI_JPA\cws_services_jpa\src\test\resources
2025-06-16 18:16:19,094 [Worker-11: Launching RunCucumberTests] INFO  o.e.m.c.i.p.WorkspaceClassifierResolverManager - Resolving P/cws_services_jpa: uo.ri:cws_services_jpa:0.0.1-SNAPSHOT with classifier null to /cws_services_jpa/bin
2025-06-16 18:16:19,094 [Worker-11: Launching RunCucumberTests] INFO  o.e.m.c.i.p.WorkspaceClassifierResolverManager - Resolving P/cws_util: uo.ri:cws_util:0.0.1-SNAPSHOT with classifier null to /cws_util/bin
2025-06-16 18:16:19,159 [Worker-11: Launching RunCucumberTests] INFO  o.e.m.c.i.p.WorkspaceClassifierResolverManager - Resolving P/cws_services_jpa: uo.ri:cws_services_jpa:0.0.1-SNAPSHOT with classifier null to /cws_services_jpa/bin
2025-06-16 18:16:19,160 [Worker-11: Launching RunCucumberTests] INFO  o.e.m.c.i.p.WorkspaceClassifierResolverManager - Resolving P/cws_util: uo.ri:cws_util:0.0.1-SNAPSHOT with classifier null to /cws_util/bin
2025-06-16 18:17:47,415 [Worker-3: Building] INFO  o.a.m.s.f.DefaultMavenResourcesFiltering - Copying 0 resource from src to bin
2025-06-16 18:17:47,432 [Worker-3: Building] INFO  o.a.m.s.f.DefaultMavenResourcesFiltering - Copying 0 resource from test to target\test-classes
2025-06-16 18:17:51,649 [main] INFO  o.b.c.a.StaticComponentContainer - (StaticComponentContainer.java:368) - Instantiated org.burningwave.core.SLF4JManagedLoggerRepository
2025-06-16 18:17:51,651 [main] INFO  o.b.c.a.StaticComponentContainer - (StaticComponentContainer.java:369) - 

	Configuration values for static components:

		background-executor.all-tasks-monitoring.enabled=\
			true
		background-executor.all-tasks-monitoring.interval=\
			30000
		background-executor.all-tasks-monitoring.logger.enabled=\
			false
		background-executor.all-tasks-monitoring.minimum-elapsed-time-to-consider-a-task-as-probable-dead-locked=\
			300000
		background-executor.all-tasks-monitoring.probable-dead-locked-tasks-handling.policy=\
			log only
		background-executor.queued-task-executor[0].name=\
			Low priority tasks
		background-executor.queued-task-executor[0].priority=\
			1
		background-executor.queued-task-executor[1].name=\
			Normal priority tasks
		background-executor.queued-task-executor[1].priority=\
			5
		background-executor.queued-task-executor[2].name=\
			High priority tasks
		background-executor.queued-task-executor[2].priority=\
			10
		background-executor.task-creation-tracking.enabled=\
			${background-executor.all-tasks-monitoring.enabled}
		banner.additonal-informations=\
			${Implementation-Title} ${Implementation-Version}
		banner.additonal-informations.retrieve-from-manifest-file-with-implementation-title=\
			Burningwave Core
		banner.file=\
			org/burningwave/banner.bwb
		banner.hide=\
			true
		buffer-handler.default-allocation-mode=\
			ByteBuffer::allocateDirect
		buffer-handler.default-buffer-size=\
			1024
		group-name-for-named-elements=\
			Burningwave
		iterable-object-helper.default-values-separator=\
			;
		iterable-object-helper.parallel-iteration.applicability.default-minimum-collection-size=\
			2
		iterable-object-helper.parallel-iteration.applicability.max-runtime-thread-count-threshold=\
			autodetect
		iterable-object-helper.parallel-iteration.applicability.output-collection-enabled-types=\
			java.util.concurrent.ConcurrentHashMap$CollectionView;\
			java.util.Collections$SynchronizedCollection;\
			java.util.concurrent.CopyOnWriteArrayList;\
			java.util.concurrent.CopyOnWriteArraySet;\
			java.util.concurrent.BlockingQueue;\
			java.util.concurrent.ConcurrentSkipListSet;\
			java.util.concurrent.ConcurrentSkipListMap$EntrySet;\
			java.util.concurrent.ConcurrentSkipListMap$KeySet;\
			java.util.concurrent.ConcurrentSkipListMap$Values;
		jvm.driver.init=\
			false
		managed-logger.repository=\
			autodetect
		managed-logger.repository.enabled=\
			true
		managed-logger.repository.logging.warn.disabled-for=\
			org.burningwave.core.assembler.ComponentContainer$ClassLoader;\
			org.burningwave.core.classes.MemoryClassLoader;\
			org.burningwave.core.classes.PathScannerClassLoader;
		modules.export-all-to-all=\
			true
		resource-releaser.enabled=\
			true
		synchronizer.all-threads-monitoring.enabled=\
			false
		synchronizer.all-threads-monitoring.interval=\
			90000
		thread-supplier.default-daemon-flag-value=\
			true
		thread-supplier.default-thread-priority=\
			5
		thread-supplier.max-detached-thread-count=\
			${thread-supplier.max-poolable-thread-count}
		thread-supplier.max-detached-thread-count.elapsed-time-threshold-from-last-increase-for-gradual-decreasing-to-initial-value=\
			30000
		thread-supplier.max-detached-thread-count.increasing-step=\
			autodetect
		thread-supplier.max-poolable-thread-count=\
			autodetect
		thread-supplier.poolable-thread-request-timeout=\
			6000


2025-06-16 18:17:51,654 [main] INFO  o.b.core.jvm.BufferHandler - (BufferHandler.java:127) - default buffer size: 1024 bytes
2025-06-16 18:17:51,655 [main] INFO  o.b.core.jvm.BufferHandler - (BufferHandler.java:141) - default allocation mode: ByteBuffer::allocateDirect
2025-06-16 18:17:51,660 [main] INFO  org.burningwave.core.Cache - (Cache.java:76) - Building cache
2025-06-16 18:17:51,685 [main] INFO  o.b.c.a.StaticComponentContainer - (StaticComponentContainer.java:443) - org.burningwave.core.assembler.StaticComponentContainer initialized in 0.1263215 seconds
2025-06-16 18:18:33,015 [Worker-6: Building] INFO  o.a.m.s.f.DefaultMavenResourcesFiltering - Copying 0 resource from src to bin
2025-06-16 18:18:33,026 [Worker-6: Building] INFO  o.a.m.s.f.DefaultMavenResourcesFiltering - Copying 0 resource from test to target\test-classes
2025-06-16 18:18:34,666 [Worker-16: Building] INFO  o.a.m.s.f.DefaultMavenResourcesFiltering - Copying 2 resources from src to bin
2025-06-16 18:18:34,669 [Worker-16: Building] INFO  o.a.m.s.f.DefaultMavenResourcesFiltering - skip non existing resourceDirectory C:\Users\Usuario\OneDrive\Escritorio\RI_JPA\cws_services_jpa\src\test\resources
2025-06-16 18:19:07,342 [Worker-3: Building] INFO  o.a.m.s.f.DefaultMavenResourcesFiltering - Copying 2 resources from src to bin
2025-06-16 18:19:07,348 [Worker-3: Building] INFO  o.a.m.s.f.DefaultMavenResourcesFiltering - skip non existing resourceDirectory C:\Users\Usuario\OneDrive\Escritorio\RI_JPA\cws_services_jpa\src\test\resources
2025-06-16 18:20:43,175 [Worker-17: Building] INFO  o.a.m.s.f.DefaultMavenResourcesFiltering - Copying 2 resources from src to bin
2025-06-16 18:20:43,178 [Worker-17: Building] INFO  o.a.m.s.f.DefaultMavenResourcesFiltering - skip non existing resourceDirectory C:\Users\Usuario\OneDrive\Escritorio\RI_JPA\cws_services_jpa\src\test\resources
2025-06-16 18:20:57,850 [Worker-5: Building] INFO  o.a.m.s.f.DefaultMavenResourcesFiltering - Copying 2 resources from src to bin
2025-06-16 18:20:57,854 [Worker-5: Building] INFO  o.a.m.s.f.DefaultMavenResourcesFiltering - skip non existing resourceDirectory C:\Users\Usuario\OneDrive\Escritorio\RI_JPA\cws_services_jpa\src\test\resources
2025-06-16 18:21:04,556 [Worker-17: Building] INFO  o.a.m.s.f.DefaultMavenResourcesFiltering - Copying 2 resources from src to bin
2025-06-16 18:21:04,560 [Worker-17: Building] INFO  o.a.m.s.f.DefaultMavenResourcesFiltering - skip non existing resourceDirectory C:\Users\Usuario\OneDrive\Escritorio\RI_JPA\cws_services_jpa\src\test\resources
2025-06-16 18:21:33,627 [Worker-8: Building] INFO  o.a.m.s.f.DefaultMavenResourcesFiltering - Copying 2 resources from src to bin
2025-06-16 18:21:33,630 [Worker-8: Building] INFO  o.a.m.s.f.DefaultMavenResourcesFiltering - skip non existing resourceDirectory C:\Users\Usuario\OneDrive\Escritorio\RI_JPA\cws_services_jpa\src\test\resources
2025-06-16 18:22:25,867 [Worker-5: Building] INFO  o.a.m.s.f.DefaultMavenResourcesFiltering - Copying 2 resources from src to bin
2025-06-16 18:22:25,873 [Worker-5: Building] INFO  o.a.m.s.f.DefaultMavenResourcesFiltering - skip non existing resourceDirectory C:\Users\Usuario\OneDrive\Escritorio\RI_JPA\cws_services_jpa\src\test\resources
2025-06-16 18:22:55,106 [Worker-16: Building] INFO  o.a.m.s.f.DefaultMavenResourcesFiltering - Copying 2 resources from src to bin
2025-06-16 18:22:55,111 [Worker-16: Building] INFO  o.a.m.s.f.DefaultMavenResourcesFiltering - skip non existing resourceDirectory C:\Users\Usuario\OneDrive\Escritorio\RI_JPA\cws_services_jpa\src\test\resources
2025-06-16 18:23:09,385 [Worker-16: Building] INFO  o.a.m.s.f.DefaultMavenResourcesFiltering - Copying 2 resources from src to bin
2025-06-16 18:23:09,387 [Worker-16: Building] INFO  o.a.m.s.f.DefaultMavenResourcesFiltering - skip non existing resourceDirectory C:\Users\Usuario\OneDrive\Escritorio\RI_JPA\cws_services_jpa\src\test\resources
2025-06-16 18:23:27,825 [Worker-9: Building] INFO  o.a.m.s.f.DefaultMavenResourcesFiltering - Copying 2 resources from src to bin
2025-06-16 18:23:27,831 [Worker-9: Building] INFO  o.a.m.s.f.DefaultMavenResourcesFiltering - skip non existing resourceDirectory C:\Users\Usuario\OneDrive\Escritorio\RI_JPA\cws_services_jpa\src\test\resources
2025-06-16 18:23:33,790 [Worker-9: Building] INFO  o.a.m.s.f.DefaultMavenResourcesFiltering - Copying 2 resources from src to bin
2025-06-16 18:23:33,794 [Worker-9: Building] INFO  o.a.m.s.f.DefaultMavenResourcesFiltering - skip non existing resourceDirectory C:\Users\Usuario\OneDrive\Escritorio\RI_JPA\cws_services_jpa\src\test\resources
2025-06-16 18:23:43,731 [Worker-2: Building] INFO  o.a.m.s.f.DefaultMavenResourcesFiltering - Copying 2 resources from src to bin
2025-06-16 18:23:43,735 [Worker-2: Building] INFO  o.a.m.s.f.DefaultMavenResourcesFiltering - skip non existing resourceDirectory C:\Users\Usuario\OneDrive\Escritorio\RI_JPA\cws_services_jpa\src\test\resources
2025-06-16 18:23:55,794 [Worker-6: Building] INFO  o.a.m.s.f.DefaultMavenResourcesFiltering - Copying 2 resources from src to bin
2025-06-16 18:23:55,797 [Worker-6: Building] INFO  o.a.m.s.f.DefaultMavenResourcesFiltering - skip non existing resourceDirectory C:\Users\Usuario\OneDrive\Escritorio\RI_JPA\cws_services_jpa\src\test\resources
2025-06-16 18:23:59,732 [Worker-23: Building] INFO  o.a.m.s.f.DefaultMavenResourcesFiltering - Copying 2 resources from src to bin
2025-06-16 18:23:59,743 [Worker-23: Building] INFO  o.a.m.s.f.DefaultMavenResourcesFiltering - skip non existing resourceDirectory C:\Users\Usuario\OneDrive\Escritorio\RI_JPA\cws_services_jpa\src\test\resources
2025-06-16 18:24:25,955 [Worker-6: Building] INFO  o.a.m.s.f.DefaultMavenResourcesFiltering - Copying 2 resources from src to bin
2025-06-16 18:24:25,959 [Worker-6: Building] INFO  o.a.m.s.f.DefaultMavenResourcesFiltering - skip non existing resourceDirectory C:\Users\Usuario\OneDrive\Escritorio\RI_JPA\cws_services_jpa\src\test\resources
2025-06-16 18:25:00,190 [Worker-16: Building] INFO  o.a.m.s.f.DefaultMavenResourcesFiltering - Copying 2 resources from src to bin
2025-06-16 18:25:00,195 [Worker-16: Building] INFO  o.a.m.s.f.DefaultMavenResourcesFiltering - skip non existing resourceDirectory C:\Users\Usuario\OneDrive\Escritorio\RI_JPA\cws_services_jpa\src\test\resources
2025-06-16 18:25:19,101 [Worker-5: Building] INFO  o.a.m.s.f.DefaultMavenResourcesFiltering - Copying 2 resources from src to bin
2025-06-16 18:25:19,105 [Worker-5: Building] INFO  o.a.m.s.f.DefaultMavenResourcesFiltering - skip non existing resourceDirectory C:\Users\Usuario\OneDrive\Escritorio\RI_JPA\cws_services_jpa\src\test\resources
2025-06-16 18:25:27,416 [Worker-17: Building] INFO  o.a.m.s.f.DefaultMavenResourcesFiltering - Copying 2 resources from src to bin
2025-06-16 18:25:27,420 [Worker-17: Building] INFO  o.a.m.s.f.DefaultMavenResourcesFiltering - skip non existing resourceDirectory C:\Users\Usuario\OneDrive\Escritorio\RI_JPA\cws_services_jpa\src\test\resources
2025-06-16 18:25:34,006 [Worker-5: Building] INFO  o.a.m.s.f.DefaultMavenResourcesFiltering - Copying 2 resources from src to bin
2025-06-16 18:25:34,010 [Worker-5: Building] INFO  o.a.m.s.f.DefaultMavenResourcesFiltering - skip non existing resourceDirectory C:\Users\Usuario\OneDrive\Escritorio\RI_JPA\cws_services_jpa\src\test\resources
2025-06-16 18:25:58,063 [Worker-8: Building] INFO  o.a.m.s.f.DefaultMavenResourcesFiltering - Copying 2 resources from src to bin
2025-06-16 18:25:58,069 [Worker-8: Building] INFO  o.a.m.s.f.DefaultMavenResourcesFiltering - skip non existing resourceDirectory C:\Users\Usuario\OneDrive\Escritorio\RI_JPA\cws_services_jpa\src\test\resources
2025-06-16 18:26:08,961 [Worker-2: Building] INFO  o.a.m.s.f.DefaultMavenResourcesFiltering - Copying 2 resources from src to bin
2025-06-16 18:26:08,963 [Worker-2: Building] INFO  o.a.m.s.f.DefaultMavenResourcesFiltering - skip non existing resourceDirectory C:\Users\Usuario\OneDrive\Escritorio\RI_JPA\cws_services_jpa\src\test\resources
2025-06-16 18:26:11,649 [Worker-14: Building] INFO  o.a.m.s.f.DefaultMavenResourcesFiltering - Copying 2 resources from src to bin
2025-06-16 18:26:11,668 [Worker-14: Building] INFO  o.a.m.s.f.DefaultMavenResourcesFiltering - skip non existing resourceDirectory C:\Users\Usuario\OneDrive\Escritorio\RI_JPA\cws_services_jpa\src\test\resources
2025-06-16 18:27:02,299 [Worker-23: Building] INFO  o.a.m.s.f.DefaultMavenResourcesFiltering - Copying 2 resources from src to bin
2025-06-16 18:27:02,302 [Worker-23: Building] INFO  o.a.m.s.f.DefaultMavenResourcesFiltering - skip non existing resourceDirectory C:\Users\Usuario\OneDrive\Escritorio\RI_JPA\cws_services_jpa\src\test\resources
2025-06-16 18:27:28,724 [Worker-9: Building] INFO  o.a.m.s.f.DefaultMavenResourcesFiltering - Copying 2 resources from src to bin
2025-06-16 18:27:28,729 [Worker-9: Building] INFO  o.a.m.s.f.DefaultMavenResourcesFiltering - skip non existing resourceDirectory C:\Users\Usuario\OneDrive\Escritorio\RI_JPA\cws_services_jpa\src\test\resources
2025-06-16 18:27:31,526 [Worker-16: Building] INFO  o.a.m.s.f.DefaultMavenResourcesFiltering - Copying 2 resources from src to bin
2025-06-16 18:27:31,529 [Worker-16: Building] INFO  o.a.m.s.f.DefaultMavenResourcesFiltering - skip non existing resourceDirectory C:\Users\Usuario\OneDrive\Escritorio\RI_JPA\cws_services_jpa\src\test\resources
2025-06-16 18:28:14,655 [Worker-2: Building] INFO  o.a.m.s.f.DefaultMavenResourcesFiltering - Copying 2 resources from src to bin
2025-06-16 18:28:14,658 [Worker-2: Building] INFO  o.a.m.s.f.DefaultMavenResourcesFiltering - skip non existing resourceDirectory C:\Users\Usuario\OneDrive\Escritorio\RI_JPA\cws_services_jpa\src\test\resources
2025-06-16 18:28:42,370 [Worker-17: Building] INFO  o.a.m.s.f.DefaultMavenResourcesFiltering - Copying 2 resources from src to bin
2025-06-16 18:28:42,381 [Worker-17: Building] INFO  o.a.m.s.f.DefaultMavenResourcesFiltering - skip non existing resourceDirectory C:\Users\Usuario\OneDrive\Escritorio\RI_JPA\cws_services_jpa\src\test\resources
2025-06-16 18:28:44,864 [Worker-9: Building] INFO  o.a.m.s.f.DefaultMavenResourcesFiltering - Copying 2 resources from src to bin
2025-06-16 18:28:44,870 [Worker-9: Building] INFO  o.a.m.s.f.DefaultMavenResourcesFiltering - skip non existing resourceDirectory C:\Users\Usuario\OneDrive\Escritorio\RI_JPA\cws_services_jpa\src\test\resources
2025-06-16 18:29:20,953 [Worker-14: Building] INFO  o.a.m.s.f.DefaultMavenResourcesFiltering - Copying 2 resources from src to bin
2025-06-16 18:29:20,956 [Worker-14: Building] INFO  o.a.m.s.f.DefaultMavenResourcesFiltering - skip non existing resourceDirectory C:\Users\Usuario\OneDrive\Escritorio\RI_JPA\cws_services_jpa\src\test\resources
2025-06-16 18:29:28,266 [Worker-2: Building] INFO  o.a.m.s.f.DefaultMavenResourcesFiltering - Copying 2 resources from src to bin
2025-06-16 18:29:28,268 [Worker-2: Building] INFO  o.a.m.s.f.DefaultMavenResourcesFiltering - skip non existing resourceDirectory C:\Users\Usuario\OneDrive\Escritorio\RI_JPA\cws_services_jpa\src\test\resources
2025-06-16 18:29:43,774 [Worker-21: Building] INFO  o.a.m.s.f.DefaultMavenResourcesFiltering - Copying 2 resources from src to bin
2025-06-16 18:29:43,778 [Worker-21: Building] INFO  o.a.m.s.f.DefaultMavenResourcesFiltering - skip non existing resourceDirectory C:\Users\Usuario\OneDrive\Escritorio\RI_JPA\cws_services_jpa\src\test\resources
2025-06-16 18:29:56,355 [Worker-8: Building] INFO  o.a.m.s.f.DefaultMavenResourcesFiltering - Copying 2 resources from src to bin
2025-06-16 18:29:56,358 [Worker-8: Building] INFO  o.a.m.s.f.DefaultMavenResourcesFiltering - skip non existing resourceDirectory C:\Users\Usuario\OneDrive\Escritorio\RI_JPA\cws_services_jpa\src\test\resources
2025-06-16 18:29:59,921 [Worker-23: Building] INFO  o.a.m.s.f.DefaultMavenResourcesFiltering - Copying 2 resources from src to bin
2025-06-16 18:29:59,924 [Worker-23: Building] INFO  o.a.m.s.f.DefaultMavenResourcesFiltering - skip non existing resourceDirectory C:\Users\Usuario\OneDrive\Escritorio\RI_JPA\cws_services_jpa\src\test\resources
2025-06-16 18:30:31,099 [Worker-6: Building] INFO  o.a.m.s.f.DefaultMavenResourcesFiltering - Copying 2 resources from src to bin
2025-06-16 18:30:31,102 [Worker-6: Building] INFO  o.a.m.s.f.DefaultMavenResourcesFiltering - skip non existing resourceDirectory C:\Users\Usuario\OneDrive\Escritorio\RI_JPA\cws_services_jpa\src\test\resources
2025-06-16 18:30:35,640 [Worker-6: Building] INFO  o.a.m.s.f.DefaultMavenResourcesFiltering - Copying 2 resources from src to bin
2025-06-16 18:30:35,643 [Worker-6: Building] INFO  o.a.m.s.f.DefaultMavenResourcesFiltering - skip non existing resourceDirectory C:\Users\Usuario\OneDrive\Escritorio\RI_JPA\cws_services_jpa\src\test\resources
2025-06-16 18:30:55,204 [Worker-9: Building] INFO  o.a.m.s.f.DefaultMavenResourcesFiltering - Copying 2 resources from src to bin
2025-06-16 18:30:55,208 [Worker-9: Building] INFO  o.a.m.s.f.DefaultMavenResourcesFiltering - skip non existing resourceDirectory C:\Users\Usuario\OneDrive\Escritorio\RI_JPA\cws_services_jpa\src\test\resources
2025-06-16 18:31:01,367 [Worker-6: Building] INFO  o.a.m.s.f.DefaultMavenResourcesFiltering - Copying 2 resources from src to bin
2025-06-16 18:31:01,370 [Worker-6: Building] INFO  o.a.m.s.f.DefaultMavenResourcesFiltering - skip non existing resourceDirectory C:\Users\Usuario\OneDrive\Escritorio\RI_JPA\cws_services_jpa\src\test\resources
2025-06-16 18:31:42,950 [Worker-2: Building] INFO  o.a.m.s.f.DefaultMavenResourcesFiltering - Copying 2 resources from src to bin
2025-06-16 18:31:42,953 [Worker-2: Building] INFO  o.a.m.s.f.DefaultMavenResourcesFiltering - skip non existing resourceDirectory C:\Users\Usuario\OneDrive\Escritorio\RI_JPA\cws_services_jpa\src\test\resources
2025-06-16 18:32:00,632 [Worker-14: Building] INFO  o.a.m.s.f.DefaultMavenResourcesFiltering - Copying 2 resources from src to bin
2025-06-16 18:32:00,636 [Worker-14: Building] INFO  o.a.m.s.f.DefaultMavenResourcesFiltering - skip non existing resourceDirectory C:\Users\Usuario\OneDrive\Escritorio\RI_JPA\cws_services_jpa\src\test\resources
2025-06-16 18:32:03,573 [Worker-8: Building] INFO  o.a.m.s.f.DefaultMavenResourcesFiltering - Copying 2 resources from src to bin
2025-06-16 18:32:03,578 [Worker-8: Building] INFO  o.a.m.s.f.DefaultMavenResourcesFiltering - skip non existing resourceDirectory C:\Users\Usuario\OneDrive\Escritorio\RI_JPA\cws_services_jpa\src\test\resources
2025-06-16 18:32:12,218 [Worker-21: Building] INFO  o.a.m.s.f.DefaultMavenResourcesFiltering - Copying 2 resources from src to bin
2025-06-16 18:32:12,221 [Worker-21: Building] INFO  o.a.m.s.f.DefaultMavenResourcesFiltering - skip non existing resourceDirectory C:\Users\Usuario\OneDrive\Escritorio\RI_JPA\cws_services_jpa\src\test\resources
2025-06-16 18:32:14,563 [Worker-16: Building] INFO  o.a.m.s.f.DefaultMavenResourcesFiltering - Copying 2 resources from src to bin
2025-06-16 18:32:14,570 [Worker-16: Building] INFO  o.a.m.s.f.DefaultMavenResourcesFiltering - skip non existing resourceDirectory C:\Users\Usuario\OneDrive\Escritorio\RI_JPA\cws_services_jpa\src\test\resources
2025-06-16 18:32:40,609 [Worker-9: Building] INFO  o.a.m.s.f.DefaultMavenResourcesFiltering - Copying 2 resources from src to bin
2025-06-16 18:32:40,611 [Worker-9: Building] INFO  o.a.m.s.f.DefaultMavenResourcesFiltering - skip non existing resourceDirectory C:\Users\Usuario\OneDrive\Escritorio\RI_JPA\cws_services_jpa\src\test\resources
2025-06-16 18:32:43,972 [Worker-6: Building] INFO  o.a.m.s.f.DefaultMavenResourcesFiltering - Copying 2 resources from src to bin
2025-06-16 18:32:43,976 [Worker-6: Building] INFO  o.a.m.s.f.DefaultMavenResourcesFiltering - skip non existing resourceDirectory C:\Users\Usuario\OneDrive\Escritorio\RI_JPA\cws_services_jpa\src\test\resources
2025-06-16 18:32:59,469 [Worker-17: Building] INFO  o.a.m.s.f.DefaultMavenResourcesFiltering - Copying 2 resources from src to bin
2025-06-16 18:32:59,472 [Worker-17: Building] INFO  o.a.m.s.f.DefaultMavenResourcesFiltering - skip non existing resourceDirectory C:\Users\Usuario\OneDrive\Escritorio\RI_JPA\cws_services_jpa\src\test\resources
2025-06-16 18:33:08,829 [Worker-23: Building] INFO  o.a.m.s.f.DefaultMavenResourcesFiltering - Copying 2 resources from src to bin
2025-06-16 18:33:08,832 [Worker-23: Building] INFO  o.a.m.s.f.DefaultMavenResourcesFiltering - skip non existing resourceDirectory C:\Users\Usuario\OneDrive\Escritorio\RI_JPA\cws_services_jpa\src\test\resources
2025-06-16 20:49:13,866 [Worker-29: Building] INFO  o.a.m.s.f.DefaultMavenResourcesFiltering - Copying 2 resources from src to bin
2025-06-16 20:49:13,873 [Worker-29: Building] INFO  o.a.m.s.f.DefaultMavenResourcesFiltering - skip non existing resourceDirectory C:\Users\Usuario\OneDrive\Escritorio\RI_JPA\cws_services_jpa\src\test\resources
2025-06-16 20:49:19,408 [Worker-34: Building] INFO  o.a.m.s.f.DefaultMavenResourcesFiltering - Copying 2 resources from src to bin
2025-06-16 20:49:19,414 [Worker-34: Building] INFO  o.a.m.s.f.DefaultMavenResourcesFiltering - skip non existing resourceDirectory C:\Users\Usuario\OneDrive\Escritorio\RI_JPA\cws_services_jpa\src\test\resources
2025-06-16 20:49:25,745 [Worker-37: Building] INFO  o.a.m.s.f.DefaultMavenResourcesFiltering - Copying 2 resources from src to bin
2025-06-16 20:49:25,752 [Worker-37: Building] INFO  o.a.m.s.f.DefaultMavenResourcesFiltering - skip non existing resourceDirectory C:\Users\Usuario\OneDrive\Escritorio\RI_JPA\cws_services_jpa\src\test\resources
2025-06-16 20:49:52,496 [Worker-34: Building] INFO  o.a.m.s.f.DefaultMavenResourcesFiltering - Copying 2 resources from src to bin
2025-06-16 20:49:52,500 [Worker-34: Building] INFO  o.a.m.s.f.DefaultMavenResourcesFiltering - skip non existing resourceDirectory C:\Users\Usuario\OneDrive\Escritorio\RI_JPA\cws_services_jpa\src\test\resources
2025-06-16 20:49:58,613 [Worker-33: Building] INFO  o.a.m.s.f.DefaultMavenResourcesFiltering - Copying 2 resources from src to bin
2025-06-16 20:49:58,620 [Worker-33: Building] INFO  o.a.m.s.f.DefaultMavenResourcesFiltering - skip non existing resourceDirectory C:\Users\Usuario\OneDrive\Escritorio\RI_JPA\cws_services_jpa\src\test\resources
2025-06-16 20:50:07,833 [Worker-33: Building] INFO  o.a.m.s.f.DefaultMavenResourcesFiltering - Copying 2 resources from src to bin
2025-06-16 20:50:07,843 [Worker-33: Building] INFO  o.a.m.s.f.DefaultMavenResourcesFiltering - skip non existing resourceDirectory C:\Users\Usuario\OneDrive\Escritorio\RI_JPA\cws_services_jpa\src\test\resources
2025-06-16 20:50:43,768 [Worker-35: Building] INFO  o.a.m.s.f.DefaultMavenResourcesFiltering - Copying 2 resources from src to bin
2025-06-16 20:50:43,775 [Worker-35: Building] INFO  o.a.m.s.f.DefaultMavenResourcesFiltering - skip non existing resourceDirectory C:\Users\Usuario\OneDrive\Escritorio\RI_JPA\cws_services_jpa\src\test\resources
2025-06-16 20:50:47,511 [Worker-37: Building] INFO  o.a.m.s.f.DefaultMavenResourcesFiltering - Copying 2 resources from src to bin
2025-06-16 20:50:47,518 [Worker-37: Building] INFO  o.a.m.s.f.DefaultMavenResourcesFiltering - skip non existing resourceDirectory C:\Users\Usuario\OneDrive\Escritorio\RI_JPA\cws_services_jpa\src\test\resources
2025-06-16 20:50:53,948 [Worker-33: Building] INFO  o.a.m.s.f.DefaultMavenResourcesFiltering - Copying 2 resources from src to bin
2025-06-16 20:50:53,953 [Worker-33: Building] INFO  o.a.m.s.f.DefaultMavenResourcesFiltering - skip non existing resourceDirectory C:\Users\Usuario\OneDrive\Escritorio\RI_JPA\cws_services_jpa\src\test\resources
2025-06-16 20:50:56,679 [Worker-29: Building] INFO  o.a.m.s.f.DefaultMavenResourcesFiltering - Copying 2 resources from src to bin
2025-06-16 20:50:56,684 [Worker-29: Building] INFO  o.a.m.s.f.DefaultMavenResourcesFiltering - skip non existing resourceDirectory C:\Users\Usuario\OneDrive\Escritorio\RI_JPA\cws_services_jpa\src\test\resources
2025-06-16 20:51:14,510 [Worker-29: Building] INFO  o.a.m.s.f.DefaultMavenResourcesFiltering - Copying 2 resources from src to bin
2025-06-16 20:51:14,515 [Worker-29: Building] INFO  o.a.m.s.f.DefaultMavenResourcesFiltering - skip non existing resourceDirectory C:\Users\Usuario\OneDrive\Escritorio\RI_JPA\cws_services_jpa\src\test\resources
2025-06-16 20:51:24,392 [Worker-29: Building] INFO  o.a.m.s.f.DefaultMavenResourcesFiltering - Copying 2 resources from src to bin
2025-06-16 20:51:24,397 [Worker-29: Building] INFO  o.a.m.s.f.DefaultMavenResourcesFiltering - skip non existing resourceDirectory C:\Users\Usuario\OneDrive\Escritorio\RI_JPA\cws_services_jpa\src\test\resources
2025-06-16 20:51:27,137 [Worker-32: Building] INFO  o.a.m.s.f.DefaultMavenResourcesFiltering - Copying 2 resources from src to bin
2025-06-16 20:51:27,142 [Worker-32: Building] INFO  o.a.m.s.f.DefaultMavenResourcesFiltering - skip non existing resourceDirectory C:\Users\Usuario\OneDrive\Escritorio\RI_JPA\cws_services_jpa\src\test\resources
2025-06-16 20:51:31,110 [Worker-29: Building] INFO  o.a.m.s.f.DefaultMavenResourcesFiltering - Copying 2 resources from src to bin
2025-06-16 20:51:31,114 [Worker-29: Building] INFO  o.a.m.s.f.DefaultMavenResourcesFiltering - skip non existing resourceDirectory C:\Users\Usuario\OneDrive\Escritorio\RI_JPA\cws_services_jpa\src\test\resources
2025-06-16 20:51:41,145 [Worker-34: Building] INFO  o.a.m.s.f.DefaultMavenResourcesFiltering - Copying 2 resources from src to bin
2025-06-16 20:51:41,149 [Worker-34: Building] INFO  o.a.m.s.f.DefaultMavenResourcesFiltering - skip non existing resourceDirectory C:\Users\Usuario\OneDrive\Escritorio\RI_JPA\cws_services_jpa\src\test\resources
2025-06-16 20:51:45,259 [Worker-36: Building] INFO  o.a.m.s.f.DefaultMavenResourcesFiltering - Copying 2 resources from src to bin
2025-06-16 20:51:45,261 [Worker-36: Building] INFO  o.a.m.s.f.DefaultMavenResourcesFiltering - skip non existing resourceDirectory C:\Users\Usuario\OneDrive\Escritorio\RI_JPA\cws_services_jpa\src\test\resources
2025-06-16 20:51:53,217 [Worker-34: Building] INFO  o.a.m.s.f.DefaultMavenResourcesFiltering - Copying 2 resources from src to bin
2025-06-16 20:51:53,220 [Worker-34: Building] INFO  o.a.m.s.f.DefaultMavenResourcesFiltering - skip non existing resourceDirectory C:\Users\Usuario\OneDrive\Escritorio\RI_JPA\cws_services_jpa\src\test\resources
2025-06-16 20:51:56,477 [Worker-37: Building] INFO  o.a.m.s.f.DefaultMavenResourcesFiltering - Copying 2 resources from src to bin
2025-06-16 20:51:56,481 [Worker-37: Building] INFO  o.a.m.s.f.DefaultMavenResourcesFiltering - skip non existing resourceDirectory C:\Users\Usuario\OneDrive\Escritorio\RI_JPA\cws_services_jpa\src\test\resources
2025-06-16 20:52:05,614 [Worker-29: Building] INFO  o.a.m.s.f.DefaultMavenResourcesFiltering - Copying 2 resources from src to bin
2025-06-16 20:52:05,617 [Worker-29: Building] INFO  o.a.m.s.f.DefaultMavenResourcesFiltering - skip non existing resourceDirectory C:\Users\Usuario\OneDrive\Escritorio\RI_JPA\cws_services_jpa\src\test\resources
2025-06-16 20:52:11,755 [Worker-29: Building] INFO  o.a.m.s.f.DefaultMavenResourcesFiltering - Copying 2 resources from src to bin
2025-06-16 20:52:11,759 [Worker-29: Building] INFO  o.a.m.s.f.DefaultMavenResourcesFiltering - skip non existing resourceDirectory C:\Users\Usuario\OneDrive\Escritorio\RI_JPA\cws_services_jpa\src\test\resources
2025-06-16 20:52:13,006 [Worker-32: Building] INFO  o.a.m.s.f.DefaultMavenResourcesFiltering - Copying 2 resources from src to bin
2025-06-16 20:52:13,009 [Worker-32: Building] INFO  o.a.m.s.f.DefaultMavenResourcesFiltering - skip non existing resourceDirectory C:\Users\Usuario\OneDrive\Escritorio\RI_JPA\cws_services_jpa\src\test\resources
2025-06-16 20:52:25,358 [Worker-34: Building] INFO  o.a.m.s.f.DefaultMavenResourcesFiltering - Copying 2 resources from src to bin
2025-06-16 20:52:25,363 [Worker-34: Building] INFO  o.a.m.s.f.DefaultMavenResourcesFiltering - skip non existing resourceDirectory C:\Users\Usuario\OneDrive\Escritorio\RI_JPA\cws_services_jpa\src\test\resources
2025-06-16 20:52:36,019 [Worker-37: Building] INFO  o.a.m.s.f.DefaultMavenResourcesFiltering - Copying 2 resources from src to bin
2025-06-16 20:52:36,023 [Worker-37: Building] INFO  o.a.m.s.f.DefaultMavenResourcesFiltering - skip non existing resourceDirectory C:\Users\Usuario\OneDrive\Escritorio\RI_JPA\cws_services_jpa\src\test\resources
2025-06-16 20:52:43,709 [Worker-29: Building] INFO  o.a.m.s.f.DefaultMavenResourcesFiltering - Copying 2 resources from src to bin
2025-06-16 20:52:43,714 [Worker-29: Building] INFO  o.a.m.s.f.DefaultMavenResourcesFiltering - skip non existing resourceDirectory C:\Users\Usuario\OneDrive\Escritorio\RI_JPA\cws_services_jpa\src\test\resources
2025-06-16 20:52:52,758 [Worker-35: Building] INFO  o.a.m.s.f.DefaultMavenResourcesFiltering - Copying 2 resources from src to bin
2025-06-16 20:52:52,761 [Worker-35: Building] INFO  o.a.m.s.f.DefaultMavenResourcesFiltering - skip non existing resourceDirectory C:\Users\Usuario\OneDrive\Escritorio\RI_JPA\cws_services_jpa\src\test\resources
2025-06-16 20:54:04,405 [Worker-38: Building] INFO  o.a.m.s.f.DefaultMavenResourcesFiltering - Copying 2 resources from src to bin
2025-06-16 20:54:04,409 [Worker-38: Building] INFO  o.a.m.s.f.DefaultMavenResourcesFiltering - skip non existing resourceDirectory C:\Users\Usuario\OneDrive\Escritorio\RI_JPA\cws_services_jpa\src\test\resources
2025-06-16 20:54:07,153 [Worker-37: Building] INFO  o.a.m.s.f.DefaultMavenResourcesFiltering - Copying 2 resources from src to bin
2025-06-16 20:54:07,158 [Worker-37: Building] INFO  o.a.m.s.f.DefaultMavenResourcesFiltering - skip non existing resourceDirectory C:\Users\Usuario\OneDrive\Escritorio\RI_JPA\cws_services_jpa\src\test\resources
2025-06-16 20:54:09,920 [Worker-38: Building] INFO  o.a.m.s.f.DefaultMavenResourcesFiltering - Copying 2 resources from src to bin
2025-06-16 20:54:09,925 [Worker-38: Building] INFO  o.a.m.s.f.DefaultMavenResourcesFiltering - skip non existing resourceDirectory C:\Users\Usuario\OneDrive\Escritorio\RI_JPA\cws_services_jpa\src\test\resources
2025-06-16 20:54:19,575 [Worker-34: Building] INFO  o.a.m.s.f.DefaultMavenResourcesFiltering - Copying 2 resources from src to bin
2025-06-16 20:54:19,578 [Worker-34: Building] INFO  o.a.m.s.f.DefaultMavenResourcesFiltering - skip non existing resourceDirectory C:\Users\Usuario\OneDrive\Escritorio\RI_JPA\cws_services_jpa\src\test\resources
2025-06-16 20:54:22,281 [Worker-35: Building] INFO  o.a.m.s.f.DefaultMavenResourcesFiltering - Copying 2 resources from src to bin
2025-06-16 20:54:22,286 [Worker-35: Building] INFO  o.a.m.s.f.DefaultMavenResourcesFiltering - skip non existing resourceDirectory C:\Users\Usuario\OneDrive\Escritorio\RI_JPA\cws_services_jpa\src\test\resources
2025-06-16 20:54:51,724 [Worker-35: Building] INFO  o.a.m.s.f.DefaultMavenResourcesFiltering - Copying 2 resources from src to bin
2025-06-16 20:54:51,726 [Worker-35: Building] INFO  o.a.m.s.f.DefaultMavenResourcesFiltering - skip non existing resourceDirectory C:\Users\Usuario\OneDrive\Escritorio\RI_JPA\cws_services_jpa\src\test\resources
2025-06-16 20:55:02,358 [Worker-34: Building] INFO  o.a.m.s.f.DefaultMavenResourcesFiltering - Copying 2 resources from src to bin
2025-06-16 20:55:02,361 [Worker-34: Building] INFO  o.a.m.s.f.DefaultMavenResourcesFiltering - skip non existing resourceDirectory C:\Users\Usuario\OneDrive\Escritorio\RI_JPA\cws_services_jpa\src\test\resources
2025-06-16 20:55:07,626 [Worker-38: Building] INFO  o.a.m.s.f.DefaultMavenResourcesFiltering - Copying 2 resources from src to bin
2025-06-16 20:55:07,629 [Worker-38: Building] INFO  o.a.m.s.f.DefaultMavenResourcesFiltering - skip non existing resourceDirectory C:\Users\Usuario\OneDrive\Escritorio\RI_JPA\cws_services_jpa\src\test\resources
2025-06-16 20:55:08,905 [Worker-39: Building] INFO  o.a.m.s.f.DefaultMavenResourcesFiltering - Copying 2 resources from src to bin
2025-06-16 20:55:08,908 [Worker-39: Building] INFO  o.a.m.s.f.DefaultMavenResourcesFiltering - skip non existing resourceDirectory C:\Users\Usuario\OneDrive\Escritorio\RI_JPA\cws_services_jpa\src\test\resources
2025-06-16 20:55:54,080 [Worker-29: Building] INFO  o.a.m.s.f.DefaultMavenResourcesFiltering - Copying 2 resources from src to bin
2025-06-16 20:55:54,084 [Worker-29: Building] INFO  o.a.m.s.f.DefaultMavenResourcesFiltering - skip non existing resourceDirectory C:\Users\Usuario\OneDrive\Escritorio\RI_JPA\cws_services_jpa\src\test\resources
2025-06-16 20:56:00,745 [Worker-37: Building] INFO  o.a.m.s.f.DefaultMavenResourcesFiltering - Copying 2 resources from src to bin
2025-06-16 20:56:00,748 [Worker-37: Building] INFO  o.a.m.s.f.DefaultMavenResourcesFiltering - skip non existing resourceDirectory C:\Users\Usuario\OneDrive\Escritorio\RI_JPA\cws_services_jpa\src\test\resources
2025-06-16 20:56:07,249 [Worker-37: Building] INFO  o.a.m.s.f.DefaultMavenResourcesFiltering - Copying 2 resources from src to bin
2025-06-16 20:56:07,252 [Worker-37: Building] INFO  o.a.m.s.f.DefaultMavenResourcesFiltering - skip non existing resourceDirectory C:\Users\Usuario\OneDrive\Escritorio\RI_JPA\cws_services_jpa\src\test\resources
2025-06-16 20:56:34,264 [Worker-35: Building] INFO  o.a.m.s.f.DefaultMavenResourcesFiltering - Copying 2 resources from src to bin
2025-06-16 20:56:34,267 [Worker-35: Building] INFO  o.a.m.s.f.DefaultMavenResourcesFiltering - skip non existing resourceDirectory C:\Users\Usuario\OneDrive\Escritorio\RI_JPA\cws_services_jpa\src\test\resources
2025-06-16 20:56:52,100 [Worker-38: Building] INFO  o.a.m.s.f.DefaultMavenResourcesFiltering - Copying 2 resources from src to bin
2025-06-16 20:56:52,102 [Worker-38: Building] INFO  o.a.m.s.f.DefaultMavenResourcesFiltering - skip non existing resourceDirectory C:\Users\Usuario\OneDrive\Escritorio\RI_JPA\cws_services_jpa\src\test\resources
2025-06-16 20:56:55,805 [Worker-34: Building] INFO  o.a.m.s.f.DefaultMavenResourcesFiltering - Copying 2 resources from src to bin
2025-06-16 20:56:55,808 [Worker-34: Building] INFO  o.a.m.s.f.DefaultMavenResourcesFiltering - skip non existing resourceDirectory C:\Users\Usuario\OneDrive\Escritorio\RI_JPA\cws_services_jpa\src\test\resources
2025-06-16 20:58:14,138 [Worker-39: Building] INFO  o.a.m.s.f.DefaultMavenResourcesFiltering - Copying 2 resources from src to bin
2025-06-16 20:58:14,141 [Worker-39: Building] INFO  o.a.m.s.f.DefaultMavenResourcesFiltering - skip non existing resourceDirectory C:\Users\Usuario\OneDrive\Escritorio\RI_JPA\cws_services_jpa\src\test\resources
2025-06-16 20:58:26,110 [Worker-39: Building] INFO  o.a.m.s.f.DefaultMavenResourcesFiltering - Copying 2 resources from src to bin
2025-06-16 20:58:26,113 [Worker-39: Building] INFO  o.a.m.s.f.DefaultMavenResourcesFiltering - skip non existing resourceDirectory C:\Users\Usuario\OneDrive\Escritorio\RI_JPA\cws_services_jpa\src\test\resources
2025-06-16 20:58:30,385 [Worker-37: Building] INFO  o.a.m.s.f.DefaultMavenResourcesFiltering - Copying 2 resources from src to bin
2025-06-16 20:58:30,388 [Worker-37: Building] INFO  o.a.m.s.f.DefaultMavenResourcesFiltering - skip non existing resourceDirectory C:\Users\Usuario\OneDrive\Escritorio\RI_JPA\cws_services_jpa\src\test\resources
2025-06-16 20:58:37,081 [Worker-35: Building] INFO  o.a.m.s.f.DefaultMavenResourcesFiltering - Copying 2 resources from src to bin
2025-06-16 20:58:37,085 [Worker-35: Building] INFO  o.a.m.s.f.DefaultMavenResourcesFiltering - skip non existing resourceDirectory C:\Users\Usuario\OneDrive\Escritorio\RI_JPA\cws_services_jpa\src\test\resources
2025-06-16 20:58:42,141 [Worker-29: Building] INFO  o.a.m.s.f.DefaultMavenResourcesFiltering - Copying 2 resources from src to bin
2025-06-16 20:58:42,146 [Worker-29: Building] INFO  o.a.m.s.f.DefaultMavenResourcesFiltering - skip non existing resourceDirectory C:\Users\Usuario\OneDrive\Escritorio\RI_JPA\cws_services_jpa\src\test\resources
2025-06-16 20:58:53,678 [Worker-39: Building] INFO  o.a.m.s.f.DefaultMavenResourcesFiltering - Copying 2 resources from src to bin
2025-06-16 20:58:53,681 [Worker-39: Building] INFO  o.a.m.s.f.DefaultMavenResourcesFiltering - skip non existing resourceDirectory C:\Users\Usuario\OneDrive\Escritorio\RI_JPA\cws_services_jpa\src\test\resources
2025-06-16 20:58:56,865 [Worker-29: Building] INFO  o.a.m.s.f.DefaultMavenResourcesFiltering - Copying 2 resources from src to bin
2025-06-16 20:58:56,868 [Worker-29: Building] INFO  o.a.m.s.f.DefaultMavenResourcesFiltering - skip non existing resourceDirectory C:\Users\Usuario\OneDrive\Escritorio\RI_JPA\cws_services_jpa\src\test\resources
2025-06-16 20:59:28,962 [Worker-37: Building] INFO  o.a.m.s.f.DefaultMavenResourcesFiltering - Copying 2 resources from src to bin
2025-06-16 20:59:28,965 [Worker-37: Building] INFO  o.a.m.s.f.DefaultMavenResourcesFiltering - skip non existing resourceDirectory C:\Users\Usuario\OneDrive\Escritorio\RI_JPA\cws_services_jpa\src\test\resources
2025-06-16 20:59:32,868 [Worker-39: Building] INFO  o.a.m.s.f.DefaultMavenResourcesFiltering - Copying 2 resources from src to bin
2025-06-16 20:59:32,872 [Worker-39: Building] INFO  o.a.m.s.f.DefaultMavenResourcesFiltering - skip non existing resourceDirectory C:\Users\Usuario\OneDrive\Escritorio\RI_JPA\cws_services_jpa\src\test\resources
2025-06-16 20:59:37,360 [Worker-34: Building] INFO  o.a.m.s.f.DefaultMavenResourcesFiltering - Copying 2 resources from src to bin
2025-06-16 20:59:37,363 [Worker-34: Building] INFO  o.a.m.s.f.DefaultMavenResourcesFiltering - skip non existing resourceDirectory C:\Users\Usuario\OneDrive\Escritorio\RI_JPA\cws_services_jpa\src\test\resources
2025-06-16 20:59:41,531 [Worker-35: Building] INFO  o.a.m.s.f.DefaultMavenResourcesFiltering - Copying 2 resources from src to bin
2025-06-16 20:59:41,534 [Worker-35: Building] INFO  o.a.m.s.f.DefaultMavenResourcesFiltering - skip non existing resourceDirectory C:\Users\Usuario\OneDrive\Escritorio\RI_JPA\cws_services_jpa\src\test\resources
2025-06-16 20:59:47,943 [Worker-35: Building] INFO  o.a.m.s.f.DefaultMavenResourcesFiltering - Copying 2 resources from src to bin
2025-06-16 20:59:47,946 [Worker-35: Building] INFO  o.a.m.s.f.DefaultMavenResourcesFiltering - skip non existing resourceDirectory C:\Users\Usuario\OneDrive\Escritorio\RI_JPA\cws_services_jpa\src\test\resources
2025-06-16 20:59:55,712 [Worker-37: Building] INFO  o.a.m.s.f.DefaultMavenResourcesFiltering - Copying 2 resources from src to bin
2025-06-16 20:59:55,715 [Worker-37: Building] INFO  o.a.m.s.f.DefaultMavenResourcesFiltering - skip non existing resourceDirectory C:\Users\Usuario\OneDrive\Escritorio\RI_JPA\cws_services_jpa\src\test\resources
2025-06-16 21:01:03,129 [Worker-39: Building] INFO  o.a.m.s.f.DefaultMavenResourcesFiltering - Copying 2 resources from src to bin
2025-06-16 21:01:03,133 [Worker-39: Building] INFO  o.a.m.s.f.DefaultMavenResourcesFiltering - skip non existing resourceDirectory C:\Users\Usuario\OneDrive\Escritorio\RI_JPA\cws_services_jpa\src\test\resources
2025-06-16 21:01:07,767 [Worker-34: Building] INFO  o.a.m.s.f.DefaultMavenResourcesFiltering - Copying 2 resources from src to bin
2025-06-16 21:01:07,771 [Worker-34: Building] INFO  o.a.m.s.f.DefaultMavenResourcesFiltering - skip non existing resourceDirectory C:\Users\Usuario\OneDrive\Escritorio\RI_JPA\cws_services_jpa\src\test\resources
2025-06-16 21:01:30,356 [Burningwave - Resource releaser] INFO  o.b.c.a.StaticComponentContainer - (StaticComponentContainer.java:391) - ... Waiting for all tasks ending
2025-06-16 21:01:30,357 [Burningwave - Resource releaser] INFO  o.b.c.a.StaticComponentContainer - (StaticComponentContainer.java:397) - Closing all component containers
2025-06-16 21:01:30,360 [Burningwave - Resource releaser] INFO  o.b.c.a.StaticComponentContainer - (StaticComponentContainer.java:403) - Closing FileSystemHelper
2025-06-16 21:01:30,361 [Burningwave - Resource releaser] INFO  o.b.c.a.StaticComponentContainer - (StaticComponentContainer.java:409) - ... Waiting for all tasks ending before shutting down the BackgroundExecutor
2025-06-16 21:01:30,362 [Burningwave - Resource releaser] INFO  o.b.c.a.StaticComponentContainer - (StaticComponentContainer.java:414) - Shutting down BackgroundExecutor
2025-06-16 21:01:30,363 [Burningwave - Resource releaser] INFO  o.b.c.a.StaticComponentContainer - (StaticComponentContainer.java:420) - Stopping all threads monitoring thread
2025-06-16 21:01:30,364 [Burningwave - Resource releaser] INFO  o.b.c.a.StaticComponentContainer - (StaticComponentContainer.java:425) - Closing ThreadHolder
2025-06-16 21:01:30,365 [Burningwave - Resource releaser] INFO  o.b.c.a.StaticComponentContainer - (StaticComponentContainer.java:430) - Shutting down ThreadSupplier
2025-06-17 16:28:33,580 [main] INFO  o.b.c.a.StaticComponentContainer - (StaticComponentContainer.java:368) - Instantiated org.burningwave.core.SLF4JManagedLoggerRepository
2025-06-17 16:28:33,583 [main] INFO  o.b.c.a.StaticComponentContainer - (StaticComponentContainer.java:369) - 

	Configuration values for static components:

		background-executor.all-tasks-monitoring.enabled=\
			true
		background-executor.all-tasks-monitoring.interval=\
			30000
		background-executor.all-tasks-monitoring.logger.enabled=\
			false
		background-executor.all-tasks-monitoring.minimum-elapsed-time-to-consider-a-task-as-probable-dead-locked=\
			300000
		background-executor.all-tasks-monitoring.probable-dead-locked-tasks-handling.policy=\
			log only
		background-executor.queued-task-executor[0].name=\
			Low priority tasks
		background-executor.queued-task-executor[0].priority=\
			1
		background-executor.queued-task-executor[1].name=\
			Normal priority tasks
		background-executor.queued-task-executor[1].priority=\
			5
		background-executor.queued-task-executor[2].name=\
			High priority tasks
		background-executor.queued-task-executor[2].priority=\
			10
		background-executor.task-creation-tracking.enabled=\
			${background-executor.all-tasks-monitoring.enabled}
		banner.additonal-informations=\
			${Implementation-Title} ${Implementation-Version}
		banner.additonal-informations.retrieve-from-manifest-file-with-implementation-title=\
			Burningwave Core
		banner.file=\
			org/burningwave/banner.bwb
		banner.hide=\
			true
		buffer-handler.default-allocation-mode=\
			ByteBuffer::allocateDirect
		buffer-handler.default-buffer-size=\
			1024
		group-name-for-named-elements=\
			Burningwave
		iterable-object-helper.default-values-separator=\
			;
		iterable-object-helper.parallel-iteration.applicability.default-minimum-collection-size=\
			2
		iterable-object-helper.parallel-iteration.applicability.max-runtime-thread-count-threshold=\
			autodetect
		iterable-object-helper.parallel-iteration.applicability.output-collection-enabled-types=\
			java.util.concurrent.ConcurrentHashMap$CollectionView;\
			java.util.Collections$SynchronizedCollection;\
			java.util.concurrent.CopyOnWriteArrayList;\
			java.util.concurrent.CopyOnWriteArraySet;\
			java.util.concurrent.BlockingQueue;\
			java.util.concurrent.ConcurrentSkipListSet;\
			java.util.concurrent.ConcurrentSkipListMap$EntrySet;\
			java.util.concurrent.ConcurrentSkipListMap$KeySet;\
			java.util.concurrent.ConcurrentSkipListMap$Values;
		jvm.driver.init=\
			false
		managed-logger.repository=\
			autodetect
		managed-logger.repository.enabled=\
			true
		managed-logger.repository.logging.warn.disabled-for=\
			org.burningwave.core.assembler.ComponentContainer$ClassLoader;\
			org.burningwave.core.classes.MemoryClassLoader;\
			org.burningwave.core.classes.PathScannerClassLoader;
		modules.export-all-to-all=\
			true
		resource-releaser.enabled=\
			true
		synchronizer.all-threads-monitoring.enabled=\
			false
		synchronizer.all-threads-monitoring.interval=\
			90000
		thread-supplier.default-daemon-flag-value=\
			true
		thread-supplier.default-thread-priority=\
			5
		thread-supplier.max-detached-thread-count=\
			${thread-supplier.max-poolable-thread-count}
		thread-supplier.max-detached-thread-count.elapsed-time-threshold-from-last-increase-for-gradual-decreasing-to-initial-value=\
			30000
		thread-supplier.max-detached-thread-count.increasing-step=\
			autodetect
		thread-supplier.max-poolable-thread-count=\
			autodetect
		thread-supplier.poolable-thread-request-timeout=\
			6000


2025-06-17 16:28:33,585 [main] INFO  o.b.core.jvm.BufferHandler - (BufferHandler.java:127) - default buffer size: 1024 bytes
2025-06-17 16:28:33,585 [main] INFO  o.b.core.jvm.BufferHandler - (BufferHandler.java:141) - default allocation mode: ByteBuffer::allocateDirect
2025-06-17 16:28:33,591 [main] INFO  org.burningwave.core.Cache - (Cache.java:76) - Building cache
2025-06-17 16:28:33,615 [main] INFO  o.b.c.a.StaticComponentContainer - (StaticComponentContainer.java:443) - org.burningwave.core.assembler.StaticComponentContainer initialized in 0.1402984 seconds
2025-06-17 16:28:35,504 [Worker-5: Loading available Gradle versions] INFO  o.e.b.c.i.u.g.PublishedGradleVersions - Gradle version information cache is up-to-date. Trying to read.
2025-06-17 16:29:08,019 [Worker-24: Building] INFO  o.e.m.c.i.p.WorkspaceClassifierResolverManager - Resolving P/cws_util: uo.ri:cws_util:0.0.1-SNAPSHOT with classifier  to /cws_util/bin
2025-06-17 16:29:09,601 [Worker-24: Building] INFO  o.a.m.s.f.DefaultMavenResourcesFiltering - Copying 2 resources from src to bin
2025-06-17 16:29:09,616 [Worker-24: Building] INFO  o.a.m.s.f.DefaultMavenResourcesFiltering - skip non existing resourceDirectory C:\Users\Usuario\OneDrive\Escritorio\RI_JPA\cws_services_jpa\src\test\resources
2025-06-17 16:29:43,920 [Worker-13: Launching RunCucumberTests] INFO  o.e.m.c.i.e.AbstractTransferListenerAdapter - Downloading https://repo.maven.apache.org/maven2/io/cucumber/messages/maven-metadata.xml
2025-06-17 16:29:43,955 [Worker-13: Launching RunCucumberTests] INFO  o.e.m.c.i.e.AbstractTransferListenerAdapter - Downloaded https://repo.maven.apache.org/maven2/io/cucumber/messages/maven-metadata.xml
2025-06-17 16:29:44,569 [Worker-13: Launching RunCucumberTests] INFO  o.e.m.c.i.e.AbstractTransferListenerAdapter - Downloading https://repo.maven.apache.org/maven2/io/cucumber/query/maven-metadata.xml
2025-06-17 16:29:44,592 [Worker-13: Launching RunCucumberTests] INFO  o.e.m.c.i.e.AbstractTransferListenerAdapter - Downloaded https://repo.maven.apache.org/maven2/io/cucumber/query/maven-metadata.xml
2025-06-17 16:29:45,506 [Worker-13: Launching RunCucumberTests] INFO  o.e.m.c.i.p.WorkspaceClassifierResolverManager - Resolving P/cws_services_jpa: uo.ri:cws_services_jpa:0.0.1-SNAPSHOT with classifier  to /cws_services_jpa/bin
2025-06-17 16:29:45,507 [Worker-13: Launching RunCucumberTests] INFO  o.e.m.c.i.p.WorkspaceClassifierResolverManager - Resolving P/cws_util: uo.ri:cws_util:0.0.1-SNAPSHOT with classifier  to /cws_util/bin
2025-06-17 16:29:45,613 [Worker-13: Launching RunCucumberTests] INFO  o.e.m.c.i.p.WorkspaceClassifierResolverManager - Resolving P/cws_services_jpa: uo.ri:cws_services_jpa:0.0.1-SNAPSHOT with classifier null to /cws_services_jpa/bin
2025-06-17 16:29:45,614 [Worker-13: Launching RunCucumberTests] INFO  o.e.m.c.i.p.WorkspaceClassifierResolverManager - Resolving P/cws_util: uo.ri:cws_util:0.0.1-SNAPSHOT with classifier null to /cws_util/bin
2025-06-17 16:29:45,706 [Worker-13: Launching RunCucumberTests] INFO  o.e.m.c.i.p.WorkspaceClassifierResolverManager - Resolving P/cws_services_jpa: uo.ri:cws_services_jpa:0.0.1-SNAPSHOT with classifier null to /cws_services_jpa/bin
2025-06-17 16:29:45,707 [Worker-13: Launching RunCucumberTests] INFO  o.e.m.c.i.p.WorkspaceClassifierResolverManager - Resolving P/cws_util: uo.ri:cws_util:0.0.1-SNAPSHOT with classifier null to /cws_util/bin
2025-06-17 16:30:05,689 [Worker-12: Building] INFO  o.a.m.s.f.DefaultMavenResourcesFiltering - Copying 2 resources from src to bin
2025-06-17 16:30:05,702 [Worker-12: Building] INFO  o.a.m.s.f.DefaultMavenResourcesFiltering - skip non existing resourceDirectory C:\Users\Usuario\OneDrive\Escritorio\RI_JPA\cws_services_jpa\src\test\resources
2025-06-17 16:30:10,965 [Worker-15: Building] INFO  o.a.m.s.f.DefaultMavenResourcesFiltering - Copying 2 resources from src to bin
2025-06-17 16:30:10,970 [Worker-15: Building] INFO  o.a.m.s.f.DefaultMavenResourcesFiltering - skip non existing resourceDirectory C:\Users\Usuario\OneDrive\Escritorio\RI_JPA\cws_services_jpa\src\test\resources
2025-06-17 16:30:17,374 [Worker-16: Building] INFO  o.a.m.s.f.DefaultMavenResourcesFiltering - Copying 2 resources from src to bin
2025-06-17 16:30:17,380 [Worker-16: Building] INFO  o.a.m.s.f.DefaultMavenResourcesFiltering - skip non existing resourceDirectory C:\Users\Usuario\OneDrive\Escritorio\RI_JPA\cws_services_jpa\src\test\resources
2025-06-17 16:31:38,264 [main] INFO  o.e.m.jdt.internal.UnitTestSupport - Updating uo.ri.cws.application.service.spareparts from maven configuration
2025-06-17 16:31:39,524 [Worker-0: Launching uo.ri.cws.application.service.spareparts] INFO  o.e.m.c.i.p.WorkspaceClassifierResolverManager - Resolving P/cws_services_jpa: uo.ri:cws_services_jpa:0.0.1-SNAPSHOT with classifier null to /cws_services_jpa/bin
2025-06-17 16:31:39,525 [Worker-0: Launching uo.ri.cws.application.service.spareparts] INFO  o.e.m.c.i.p.WorkspaceClassifierResolverManager - Resolving P/cws_util: uo.ri:cws_util:0.0.1-SNAPSHOT with classifier null to /cws_util/bin
2025-06-17 16:31:39,591 [Worker-0: Launching uo.ri.cws.application.service.spareparts] INFO  o.e.m.c.i.p.WorkspaceClassifierResolverManager - Resolving P/cws_services_jpa: uo.ri:cws_services_jpa:0.0.1-SNAPSHOT with classifier null to /cws_services_jpa/bin
2025-06-17 16:31:39,592 [Worker-0: Launching uo.ri.cws.application.service.spareparts] INFO  o.e.m.c.i.p.WorkspaceClassifierResolverManager - Resolving P/cws_util: uo.ri:cws_util:0.0.1-SNAPSHOT with classifier null to /cws_util/bin
2025-06-17 16:33:27,256 [Worker-0: Building] INFO  o.a.m.s.f.DefaultMavenResourcesFiltering - Copying 2 resources from src to bin
2025-06-17 16:33:27,260 [Worker-0: Building] INFO  o.a.m.s.f.DefaultMavenResourcesFiltering - skip non existing resourceDirectory C:\Users\Usuario\OneDrive\Escritorio\RI_JPA\cws_services_jpa\src\test\resources
2025-06-17 16:34:11,982 [Worker-13: Building] INFO  o.a.m.s.f.DefaultMavenResourcesFiltering - Copying 2 resources from src to bin
2025-06-17 16:34:11,985 [Worker-13: Building] INFO  o.a.m.s.f.DefaultMavenResourcesFiltering - skip non existing resourceDirectory C:\Users\Usuario\OneDrive\Escritorio\RI_JPA\cws_services_jpa\src\test\resources
2025-06-17 16:36:15,014 [Worker-8: Building] INFO  o.a.m.s.f.DefaultMavenResourcesFiltering - Copying 1 resource from src to bin
2025-06-17 16:36:15,020 [Worker-8: Building] INFO  o.a.m.s.f.DefaultMavenResourcesFiltering - skip non existing resourceDirectory C:\Users\Usuario\OneDrive\Escritorio\RI_JPA\cws_services_jpa\src\test\resources
2025-06-17 16:36:17,308 [Worker-5: Launching uo.ri.cws.application.service.spareparts] INFO  o.e.m.c.i.p.WorkspaceClassifierResolverManager - Resolving P/cws_services_jpa: uo.ri:cws_services_jpa:0.0.1-SNAPSHOT with classifier null to /cws_services_jpa/bin
2025-06-17 16:36:17,309 [Worker-5: Launching uo.ri.cws.application.service.spareparts] INFO  o.e.m.c.i.p.WorkspaceClassifierResolverManager - Resolving P/cws_util: uo.ri:cws_util:0.0.1-SNAPSHOT with classifier null to /cws_util/bin
2025-06-17 16:36:17,371 [Worker-5: Launching uo.ri.cws.application.service.spareparts] INFO  o.e.m.c.i.p.WorkspaceClassifierResolverManager - Resolving P/cws_services_jpa: uo.ri:cws_services_jpa:0.0.1-SNAPSHOT with classifier null to /cws_services_jpa/bin
2025-06-17 16:36:17,372 [Worker-5: Launching uo.ri.cws.application.service.spareparts] INFO  o.e.m.c.i.p.WorkspaceClassifierResolverManager - Resolving P/cws_util: uo.ri:cws_util:0.0.1-SNAPSHOT with classifier null to /cws_util/bin
2025-06-17 16:36:42,250 [Worker-4: Building] INFO  o.a.m.s.f.DefaultMavenResourcesFiltering - Copying 1 resource from src to bin
2025-06-17 16:36:42,254 [Worker-4: Building] INFO  o.a.m.s.f.DefaultMavenResourcesFiltering - skip non existing resourceDirectory C:\Users\Usuario\OneDrive\Escritorio\RI_JPA\cws_services_jpa\src\test\resources
2025-06-17 16:38:09,425 [Worker-13: Building] INFO  o.a.m.s.f.DefaultMavenResourcesFiltering - Copying 1 resource from src to bin
2025-06-17 16:38:09,434 [Worker-13: Building] INFO  o.a.m.s.f.DefaultMavenResourcesFiltering - skip non existing resourceDirectory C:\Users\Usuario\OneDrive\Escritorio\RI_JPA\cws_services_jpa\src\test\resources
2025-06-17 16:38:12,521 [Worker-12: Building] INFO  o.a.m.s.f.DefaultMavenResourcesFiltering - Copying 1 resource from src to bin
2025-06-17 16:38:12,525 [Worker-12: Building] INFO  o.a.m.s.f.DefaultMavenResourcesFiltering - skip non existing resourceDirectory C:\Users\Usuario\OneDrive\Escritorio\RI_JPA\cws_services_jpa\src\test\resources
2025-06-17 16:38:13,384 [Worker-0: Launching uo.ri.cws.application.service.spareparts] INFO  o.e.m.c.i.p.WorkspaceClassifierResolverManager - Resolving P/cws_services_jpa: uo.ri:cws_services_jpa:0.0.1-SNAPSHOT with classifier null to /cws_services_jpa/bin
2025-06-17 16:38:13,385 [Worker-0: Launching uo.ri.cws.application.service.spareparts] INFO  o.e.m.c.i.p.WorkspaceClassifierResolverManager - Resolving P/cws_util: uo.ri:cws_util:0.0.1-SNAPSHOT with classifier null to /cws_util/bin
2025-06-17 16:38:13,445 [Worker-0: Launching uo.ri.cws.application.service.spareparts] INFO  o.e.m.c.i.p.WorkspaceClassifierResolverManager - Resolving P/cws_services_jpa: uo.ri:cws_services_jpa:0.0.1-SNAPSHOT with classifier null to /cws_services_jpa/bin
2025-06-17 16:38:13,446 [Worker-0: Launching uo.ri.cws.application.service.spareparts] INFO  o.e.m.c.i.p.WorkspaceClassifierResolverManager - Resolving P/cws_util: uo.ri:cws_util:0.0.1-SNAPSHOT with classifier null to /cws_util/bin
2025-06-17 16:38:31,883 [Worker-13: Building] INFO  o.a.m.s.f.DefaultMavenResourcesFiltering - Copying 1 resource from src to bin
2025-06-17 16:38:31,890 [Worker-13: Building] INFO  o.a.m.s.f.DefaultMavenResourcesFiltering - skip non existing resourceDirectory C:\Users\Usuario\OneDrive\Escritorio\RI_JPA\cws_services_jpa\src\test\resources
2025-06-17 16:38:34,011 [Worker-22: Building] INFO  o.a.m.s.f.DefaultMavenResourcesFiltering - Copying 1 resource from src to bin
2025-06-17 16:38:34,015 [Worker-22: Building] INFO  o.a.m.s.f.DefaultMavenResourcesFiltering - skip non existing resourceDirectory C:\Users\Usuario\OneDrive\Escritorio\RI_JPA\cws_services_jpa\src\test\resources
2025-06-17 16:38:42,190 [Worker-24: Launching RunCucumberTests] INFO  o.e.m.c.i.p.WorkspaceClassifierResolverManager - Resolving P/cws_services_jpa: uo.ri:cws_services_jpa:0.0.1-SNAPSHOT with classifier null to /cws_services_jpa/bin
2025-06-17 16:38:42,191 [Worker-24: Launching RunCucumberTests] INFO  o.e.m.c.i.p.WorkspaceClassifierResolverManager - Resolving P/cws_util: uo.ri:cws_util:0.0.1-SNAPSHOT with classifier null to /cws_util/bin
2025-06-17 16:38:42,276 [Worker-24: Launching RunCucumberTests] INFO  o.e.m.c.i.p.WorkspaceClassifierResolverManager - Resolving P/cws_services_jpa: uo.ri:cws_services_jpa:0.0.1-SNAPSHOT with classifier null to /cws_services_jpa/bin
2025-06-17 16:38:42,277 [Worker-24: Launching RunCucumberTests] INFO  o.e.m.c.i.p.WorkspaceClassifierResolverManager - Resolving P/cws_util: uo.ri:cws_util:0.0.1-SNAPSHOT with classifier null to /cws_util/bin
2025-06-17 17:16:29,121 [Burningwave - Resource releaser] INFO  o.b.c.a.StaticComponentContainer - (StaticComponentContainer.java:391) - ... Waiting for all tasks ending
2025-06-17 17:16:29,131 [Burningwave - Resource releaser] INFO  o.b.c.a.StaticComponentContainer - (StaticComponentContainer.java:397) - Closing all component containers
2025-06-17 17:16:29,136 [Burningwave - Resource releaser] INFO  o.b.c.a.StaticComponentContainer - (StaticComponentContainer.java:403) - Closing FileSystemHelper
2025-06-17 17:16:29,139 [Burningwave - Resource releaser] INFO  o.b.c.a.StaticComponentContainer - (StaticComponentContainer.java:409) - ... Waiting for all tasks ending before shutting down the BackgroundExecutor
2025-06-17 17:16:29,139 [Burningwave - Resource releaser] INFO  o.b.c.a.StaticComponentContainer - (StaticComponentContainer.java:414) - Shutting down BackgroundExecutor
2025-06-17 17:16:29,142 [Burningwave - Resource releaser] INFO  o.b.c.a.StaticComponentContainer - (StaticComponentContainer.java:420) - Stopping all threads monitoring thread
2025-06-17 17:16:29,143 [Burningwave - Resource releaser] INFO  o.b.c.a.StaticComponentContainer - (StaticComponentContainer.java:425) - Closing ThreadHolder
2025-06-17 17:16:29,143 [Burningwave - Resource releaser] INFO  o.b.c.a.StaticComponentContainer - (StaticComponentContainer.java:430) - Shutting down ThreadSupplier
2025-06-20 16:55:27,864 [Worker-7: Loading available Gradle versions] INFO  o.e.b.c.i.u.g.PublishedGradleVersions - Gradle version information cache is up-to-date. Trying to read.
2025-06-20 16:57:43,751 [main] INFO  o.b.c.a.StaticComponentContainer - (StaticComponentContainer.java:368) - Instantiated org.burningwave.core.SLF4JManagedLoggerRepository
2025-06-20 16:57:43,754 [main] INFO  o.b.c.a.StaticComponentContainer - (StaticComponentContainer.java:369) - 

	Configuration values for static components:

		background-executor.all-tasks-monitoring.enabled=\
			true
		background-executor.all-tasks-monitoring.interval=\
			30000
		background-executor.all-tasks-monitoring.logger.enabled=\
			false
		background-executor.all-tasks-monitoring.minimum-elapsed-time-to-consider-a-task-as-probable-dead-locked=\
			300000
		background-executor.all-tasks-monitoring.probable-dead-locked-tasks-handling.policy=\
			log only
		background-executor.queued-task-executor[0].name=\
			Low priority tasks
		background-executor.queued-task-executor[0].priority=\
			1
		background-executor.queued-task-executor[1].name=\
			Normal priority tasks
		background-executor.queued-task-executor[1].priority=\
			5
		background-executor.queued-task-executor[2].name=\
			High priority tasks
		background-executor.queued-task-executor[2].priority=\
			10
		background-executor.task-creation-tracking.enabled=\
			${background-executor.all-tasks-monitoring.enabled}
		banner.additonal-informations=\
			${Implementation-Title} ${Implementation-Version}
		banner.additonal-informations.retrieve-from-manifest-file-with-implementation-title=\
			Burningwave Core
		banner.file=\
			org/burningwave/banner.bwb
		banner.hide=\
			true
		buffer-handler.default-allocation-mode=\
			ByteBuffer::allocateDirect
		buffer-handler.default-buffer-size=\
			1024
		group-name-for-named-elements=\
			Burningwave
		iterable-object-helper.default-values-separator=\
			;
		iterable-object-helper.parallel-iteration.applicability.default-minimum-collection-size=\
			2
		iterable-object-helper.parallel-iteration.applicability.max-runtime-thread-count-threshold=\
			autodetect
		iterable-object-helper.parallel-iteration.applicability.output-collection-enabled-types=\
			java.util.concurrent.ConcurrentHashMap$CollectionView;\
			java.util.Collections$SynchronizedCollection;\
			java.util.concurrent.CopyOnWriteArrayList;\
			java.util.concurrent.CopyOnWriteArraySet;\
			java.util.concurrent.BlockingQueue;\
			java.util.concurrent.ConcurrentSkipListSet;\
			java.util.concurrent.ConcurrentSkipListMap$EntrySet;\
			java.util.concurrent.ConcurrentSkipListMap$KeySet;\
			java.util.concurrent.ConcurrentSkipListMap$Values;
		jvm.driver.init=\
			false
		managed-logger.repository=\
			autodetect
		managed-logger.repository.enabled=\
			true
		managed-logger.repository.logging.warn.disabled-for=\
			org.burningwave.core.assembler.ComponentContainer$ClassLoader;\
			org.burningwave.core.classes.MemoryClassLoader;\
			org.burningwave.core.classes.PathScannerClassLoader;
		modules.export-all-to-all=\
			true
		resource-releaser.enabled=\
			true
		synchronizer.all-threads-monitoring.enabled=\
			false
		synchronizer.all-threads-monitoring.interval=\
			90000
		thread-supplier.default-daemon-flag-value=\
			true
		thread-supplier.default-thread-priority=\
			5
		thread-supplier.max-detached-thread-count=\
			${thread-supplier.max-poolable-thread-count}
		thread-supplier.max-detached-thread-count.elapsed-time-threshold-from-last-increase-for-gradual-decreasing-to-initial-value=\
			30000
		thread-supplier.max-detached-thread-count.increasing-step=\
			autodetect
		thread-supplier.max-poolable-thread-count=\
			autodetect
		thread-supplier.poolable-thread-request-timeout=\
			6000


2025-06-20 16:57:43,758 [main] INFO  o.b.core.jvm.BufferHandler - (BufferHandler.java:127) - default buffer size: 1024 bytes
2025-06-20 16:57:43,759 [main] INFO  o.b.core.jvm.BufferHandler - (BufferHandler.java:141) - default allocation mode: ByteBuffer::allocateDirect
2025-06-20 16:57:43,762 [main] INFO  org.burningwave.core.Cache - (Cache.java:76) - Building cache
2025-06-20 16:57:43,781 [main] INFO  o.b.c.a.StaticComponentContainer - (StaticComponentContainer.java:443) - org.burningwave.core.assembler.StaticComponentContainer initialized in 0.1006922 seconds
2025-06-20 17:44:33,326 [Worker-42: Building] INFO  o.e.m.c.i.p.WorkspaceClassifierResolverManager - Resolving P/cws_util: uo.ri:cws_util:0.0.1-SNAPSHOT with classifier  to /cws_util/bin
2025-06-20 17:44:38,047 [Worker-42: Building] INFO  o.a.m.s.f.DefaultMavenResourcesFiltering - Copying 2 resources from src to bin
2025-06-20 17:44:38,063 [Worker-42: Building] INFO  o.a.m.s.f.DefaultMavenResourcesFiltering - skip non existing resourceDirectory C:\Users\Usuario\OneDrive\Escritorio\RI_JPA\cws_services_jpa\src\test\resources
2025-06-20 18:04:30,410 [Worker-46: Building] INFO  o.a.m.s.f.DefaultMavenResourcesFiltering - Copying 2 resources from src to bin
2025-06-20 18:04:30,419 [Worker-46: Building] INFO  o.a.m.s.f.DefaultMavenResourcesFiltering - skip non existing resourceDirectory C:\Users\Usuario\OneDrive\Escritorio\RI_JPA\cws_services_jpa\src\test\resources
2025-06-20 18:06:32,311 [Worker-41: Building] INFO  o.a.m.s.f.DefaultMavenResourcesFiltering - Copying 2 resources from src to bin
2025-06-20 18:06:32,316 [Worker-41: Building] INFO  o.a.m.s.f.DefaultMavenResourcesFiltering - skip non existing resourceDirectory C:\Users\Usuario\OneDrive\Escritorio\RI_JPA\cws_services_jpa\src\test\resources
2025-06-20 18:11:01,882 [Worker-46: Building] INFO  o.a.m.s.f.DefaultMavenResourcesFiltering - Copying 2 resources from src to bin
2025-06-20 18:11:01,890 [Worker-46: Building] INFO  o.a.m.s.f.DefaultMavenResourcesFiltering - skip non existing resourceDirectory C:\Users\Usuario\OneDrive\Escritorio\RI_JPA\cws_services_jpa\src\test\resources
2025-06-20 18:14:03,654 [Burningwave - Resource releaser] INFO  o.b.c.a.StaticComponentContainer - (StaticComponentContainer.java:391) - ... Waiting for all tasks ending
2025-06-20 18:14:03,659 [Burningwave - Resource releaser] INFO  o.b.c.a.StaticComponentContainer - (StaticComponentContainer.java:397) - Closing all component containers
2025-06-20 18:14:03,671 [Burningwave - Resource releaser] INFO  o.b.c.a.StaticComponentContainer - (StaticComponentContainer.java:403) - Closing FileSystemHelper
2025-06-20 18:14:03,676 [Burningwave - Resource releaser] INFO  o.b.c.a.StaticComponentContainer - (StaticComponentContainer.java:409) - ... Waiting for all tasks ending before shutting down the BackgroundExecutor
2025-06-20 18:14:03,677 [Burningwave - Resource releaser] INFO  o.b.c.a.StaticComponentContainer - (StaticComponentContainer.java:414) - Shutting down BackgroundExecutor
2025-06-20 18:14:03,679 [Burningwave - Resource releaser] INFO  o.b.c.a.StaticComponentContainer - (StaticComponentContainer.java:420) - Stopping all threads monitoring thread
2025-06-20 18:14:03,680 [Burningwave - Resource releaser] INFO  o.b.c.a.StaticComponentContainer - (StaticComponentContainer.java:425) - Closing ThreadHolder
2025-06-20 18:14:03,682 [Burningwave - Resource releaser] INFO  o.b.c.a.StaticComponentContainer - (StaticComponentContainer.java:430) - Shutting down ThreadSupplier
2025-06-21 10:07:35,605 [main] INFO  o.b.c.a.StaticComponentContainer - (StaticComponentContainer.java:368) - Instantiated org.burningwave.core.SLF4JManagedLoggerRepository
2025-06-21 10:07:35,609 [main] INFO  o.b.c.a.StaticComponentContainer - (StaticComponentContainer.java:369) - 

	Configuration values for static components:

		background-executor.all-tasks-monitoring.enabled=\
			true
		background-executor.all-tasks-monitoring.interval=\
			30000
		background-executor.all-tasks-monitoring.logger.enabled=\
			false
		background-executor.all-tasks-monitoring.minimum-elapsed-time-to-consider-a-task-as-probable-dead-locked=\
			300000
		background-executor.all-tasks-monitoring.probable-dead-locked-tasks-handling.policy=\
			log only
		background-executor.queued-task-executor[0].name=\
			Low priority tasks
		background-executor.queued-task-executor[0].priority=\
			1
		background-executor.queued-task-executor[1].name=\
			Normal priority tasks
		background-executor.queued-task-executor[1].priority=\
			5
		background-executor.queued-task-executor[2].name=\
			High priority tasks
		background-executor.queued-task-executor[2].priority=\
			10
		background-executor.task-creation-tracking.enabled=\
			${background-executor.all-tasks-monitoring.enabled}
		banner.additonal-informations=\
			${Implementation-Title} ${Implementation-Version}
		banner.additonal-informations.retrieve-from-manifest-file-with-implementation-title=\
			Burningwave Core
		banner.file=\
			org/burningwave/banner.bwb
		banner.hide=\
			true
		buffer-handler.default-allocation-mode=\
			ByteBuffer::allocateDirect
		buffer-handler.default-buffer-size=\
			1024
		group-name-for-named-elements=\
			Burningwave
		iterable-object-helper.default-values-separator=\
			;
		iterable-object-helper.parallel-iteration.applicability.default-minimum-collection-size=\
			2
		iterable-object-helper.parallel-iteration.applicability.max-runtime-thread-count-threshold=\
			autodetect
		iterable-object-helper.parallel-iteration.applicability.output-collection-enabled-types=\
			java.util.concurrent.ConcurrentHashMap$CollectionView;\
			java.util.Collections$SynchronizedCollection;\
			java.util.concurrent.CopyOnWriteArrayList;\
			java.util.concurrent.CopyOnWriteArraySet;\
			java.util.concurrent.BlockingQueue;\
			java.util.concurrent.ConcurrentSkipListSet;\
			java.util.concurrent.ConcurrentSkipListMap$EntrySet;\
			java.util.concurrent.ConcurrentSkipListMap$KeySet;\
			java.util.concurrent.ConcurrentSkipListMap$Values;
		jvm.driver.init=\
			false
		managed-logger.repository=\
			autodetect
		managed-logger.repository.enabled=\
			true
		managed-logger.repository.logging.warn.disabled-for=\
			org.burningwave.core.assembler.ComponentContainer$ClassLoader;\
			org.burningwave.core.classes.MemoryClassLoader;\
			org.burningwave.core.classes.PathScannerClassLoader;
		modules.export-all-to-all=\
			true
		resource-releaser.enabled=\
			true
		synchronizer.all-threads-monitoring.enabled=\
			false
		synchronizer.all-threads-monitoring.interval=\
			90000
		thread-supplier.default-daemon-flag-value=\
			true
		thread-supplier.default-thread-priority=\
			5
		thread-supplier.max-detached-thread-count=\
			${thread-supplier.max-poolable-thread-count}
		thread-supplier.max-detached-thread-count.elapsed-time-threshold-from-last-increase-for-gradual-decreasing-to-initial-value=\
			30000
		thread-supplier.max-detached-thread-count.increasing-step=\
			autodetect
		thread-supplier.max-poolable-thread-count=\
			autodetect
		thread-supplier.poolable-thread-request-timeout=\
			6000


2025-06-21 10:07:35,614 [main] INFO  o.b.core.jvm.BufferHandler - (BufferHandler.java:127) - default buffer size: 1024 bytes
2025-06-21 10:07:35,615 [main] INFO  o.b.core.jvm.BufferHandler - (BufferHandler.java:141) - default allocation mode: ByteBuffer::allocateDirect
2025-06-21 10:07:35,623 [main] INFO  org.burningwave.core.Cache - (Cache.java:76) - Building cache
2025-06-21 10:07:35,653 [main] INFO  o.b.c.a.StaticComponentContainer - (StaticComponentContainer.java:443) - org.burningwave.core.assembler.StaticComponentContainer initialized in 0.1882031 seconds
2025-06-21 10:07:38,223 [Worker-6: Loading available Gradle versions] INFO  o.e.b.c.i.u.g.PublishedGradleVersions - Gradle version information cache is up-to-date. Trying to read.
2025-06-21 10:52:19,996 [Worker-38: Building] INFO  o.e.m.c.i.p.WorkspaceClassifierResolverManager - Resolving P/cws_util: uo.ri:cws_util:0.0.1-SNAPSHOT with classifier  to /cws_util/bin
2025-06-21 10:52:21,728 [Worker-38: Building] INFO  o.a.m.s.f.DefaultMavenResourcesFiltering - Copying 2 resources from src to bin
2025-06-21 10:52:21,740 [Worker-38: Building] INFO  o.a.m.s.f.DefaultMavenResourcesFiltering - skip non existing resourceDirectory C:\Users\Usuario\OneDrive\Escritorio\RI_JPA\cws_services_jpa\src\test\resources
2025-06-21 11:33:47,466 [Burningwave - Resource releaser] INFO  o.b.c.a.StaticComponentContainer - (StaticComponentContainer.java:391) - ... Waiting for all tasks ending
2025-06-21 11:33:47,474 [Burningwave - Resource releaser] INFO  o.b.c.a.StaticComponentContainer - (StaticComponentContainer.java:397) - Closing all component containers
2025-06-21 11:33:47,477 [Burningwave - Resource releaser] INFO  o.b.c.a.StaticComponentContainer - (StaticComponentContainer.java:403) - Closing FileSystemHelper
2025-06-21 11:33:47,481 [Burningwave - Resource releaser] INFO  o.b.c.a.StaticComponentContainer - (StaticComponentContainer.java:409) - ... Waiting for all tasks ending before shutting down the BackgroundExecutor
2025-06-21 11:33:47,482 [Burningwave - Resource releaser] INFO  o.b.c.a.StaticComponentContainer - (StaticComponentContainer.java:414) - Shutting down BackgroundExecutor
2025-06-21 11:33:47,487 [Burningwave - Resource releaser] INFO  o.b.c.a.StaticComponentContainer - (StaticComponentContainer.java:420) - Stopping all threads monitoring thread
2025-06-21 11:33:47,490 [Burningwave - Resource releaser] INFO  o.b.c.a.StaticComponentContainer - (StaticComponentContainer.java:425) - Closing ThreadHolder
2025-06-21 11:33:47,492 [Burningwave - Resource releaser] INFO  o.b.c.a.StaticComponentContainer - (StaticComponentContainer.java:430) - Shutting down ThreadSupplier
2025-06-23 10:52:15,278 [main] INFO  o.b.c.a.StaticComponentContainer - (StaticComponentContainer.java:368) - Instantiated org.burningwave.core.SLF4JManagedLoggerRepository
2025-06-23 10:52:15,282 [main] INFO  o.b.c.a.StaticComponentContainer - (StaticComponentContainer.java:369) - 

	Configuration values for static components:

		background-executor.all-tasks-monitoring.enabled=\
			true
		background-executor.all-tasks-monitoring.interval=\
			30000
		background-executor.all-tasks-monitoring.logger.enabled=\
			false
		background-executor.all-tasks-monitoring.minimum-elapsed-time-to-consider-a-task-as-probable-dead-locked=\
			300000
		background-executor.all-tasks-monitoring.probable-dead-locked-tasks-handling.policy=\
			log only
		background-executor.queued-task-executor[0].name=\
			Low priority tasks
		background-executor.queued-task-executor[0].priority=\
			1
		background-executor.queued-task-executor[1].name=\
			Normal priority tasks
		background-executor.queued-task-executor[1].priority=\
			5
		background-executor.queued-task-executor[2].name=\
			High priority tasks
		background-executor.queued-task-executor[2].priority=\
			10
		background-executor.task-creation-tracking.enabled=\
			${background-executor.all-tasks-monitoring.enabled}
		banner.additonal-informations=\
			${Implementation-Title} ${Implementation-Version}
		banner.additonal-informations.retrieve-from-manifest-file-with-implementation-title=\
			Burningwave Core
		banner.file=\
			org/burningwave/banner.bwb
		banner.hide=\
			true
		buffer-handler.default-allocation-mode=\
			ByteBuffer::allocateDirect
		buffer-handler.default-buffer-size=\
			1024
		group-name-for-named-elements=\
			Burningwave
		iterable-object-helper.default-values-separator=\
			;
		iterable-object-helper.parallel-iteration.applicability.default-minimum-collection-size=\
			2
		iterable-object-helper.parallel-iteration.applicability.max-runtime-thread-count-threshold=\
			autodetect
		iterable-object-helper.parallel-iteration.applicability.output-collection-enabled-types=\
			java.util.concurrent.ConcurrentHashMap$CollectionView;\
			java.util.Collections$SynchronizedCollection;\
			java.util.concurrent.CopyOnWriteArrayList;\
			java.util.concurrent.CopyOnWriteArraySet;\
			java.util.concurrent.BlockingQueue;\
			java.util.concurrent.ConcurrentSkipListSet;\
			java.util.concurrent.ConcurrentSkipListMap$EntrySet;\
			java.util.concurrent.ConcurrentSkipListMap$KeySet;\
			java.util.concurrent.ConcurrentSkipListMap$Values;
		jvm.driver.init=\
			false
		managed-logger.repository=\
			autodetect
		managed-logger.repository.enabled=\
			true
		managed-logger.repository.logging.warn.disabled-for=\
			org.burningwave.core.assembler.ComponentContainer$ClassLoader;\
			org.burningwave.core.classes.MemoryClassLoader;\
			org.burningwave.core.classes.PathScannerClassLoader;
		modules.export-all-to-all=\
			true
		resource-releaser.enabled=\
			true
		synchronizer.all-threads-monitoring.enabled=\
			false
		synchronizer.all-threads-monitoring.interval=\
			90000
		thread-supplier.default-daemon-flag-value=\
			true
		thread-supplier.default-thread-priority=\
			5
		thread-supplier.max-detached-thread-count=\
			${thread-supplier.max-poolable-thread-count}
		thread-supplier.max-detached-thread-count.elapsed-time-threshold-from-last-increase-for-gradual-decreasing-to-initial-value=\
			30000
		thread-supplier.max-detached-thread-count.increasing-step=\
			autodetect
		thread-supplier.max-poolable-thread-count=\
			autodetect
		thread-supplier.poolable-thread-request-timeout=\
			6000


2025-06-23 10:52:15,284 [main] INFO  o.b.core.jvm.BufferHandler - (BufferHandler.java:127) - default buffer size: 1024 bytes
2025-06-23 10:52:15,285 [main] INFO  o.b.core.jvm.BufferHandler - (BufferHandler.java:141) - default allocation mode: ByteBuffer::allocateDirect
2025-06-23 10:52:15,288 [main] INFO  org.burningwave.core.Cache - (Cache.java:76) - Building cache
2025-06-23 10:52:15,306 [main] INFO  o.b.c.a.StaticComponentContainer - (StaticComponentContainer.java:443) - org.burningwave.core.assembler.StaticComponentContainer initialized in 0.0986439 seconds
2025-06-23 10:52:17,125 [Worker-4: Loading available Gradle versions] INFO  o.e.b.c.i.u.g.PublishedGradleVersions - Gradle version information cache is up-to-date. Trying to read.
2025-06-23 10:52:34,322 [Worker-15: Building] INFO  o.e.m.c.i.p.WorkspaceClassifierResolverManager - Resolving P/cws_util: uo.ri:cws_util:0.0.1-SNAPSHOT with classifier  to /cws_util/bin
2025-06-23 10:52:35,092 [Worker-15: Building] INFO  o.a.m.s.f.DefaultMavenResourcesFiltering - Copying 2 resources from src to bin
2025-06-23 10:52:35,103 [Worker-15: Building] INFO  o.a.m.s.f.DefaultMavenResourcesFiltering - skip non existing resourceDirectory C:\Users\Usuario\OneDrive\Escritorio\RI_JPA\cws_services_jpa\src\test\resources
2025-06-23 10:52:45,634 [Worker-15: Launching uo.ri.cws (1)] INFO  o.e.m.c.i.p.WorkspaceClassifierResolverManager - Resolving P/cws_util: uo.ri:cws_util:0.0.1-SNAPSHOT with classifier null to /cws_util/bin
2025-06-23 10:52:45,717 [Worker-15: Launching uo.ri.cws (1)] INFO  o.e.m.c.i.p.WorkspaceClassifierResolverManager - Resolving P/cws_util: uo.ri:cws_util:0.0.1-SNAPSHOT with classifier null to /cws_util/bin
2025-06-23 10:56:14,946 [Worker-1: Updating Maven Dependencies] INFO  o.e.m.c.i.l.LifecycleMappingFactory - Using org.eclipse.m2e.jdt.JarLifecycleMapping lifecycle mapping for MavenProject: uo.ri:cws_spareparts_aceptance_tests:0.0.1-SNAPSHOT @ C:\Users\Usuario\Downloads\ri.jpa.cws.2024.extension.skeleton\cws_2024\cws_spareparts_aceptance_tests\pom.xml.
2025-06-23 10:56:15,475 [Worker-29: Building] INFO  o.a.m.s.f.DefaultMavenResourcesFiltering - Copying 0 resource from src to bin
2025-06-23 10:56:15,482 [Worker-29: Building] INFO  o.a.m.s.f.DefaultMavenResourcesFiltering - skip non existing resourceDirectory C:\Users\Usuario\OneDrive\Escritorio\RI_JPA\cws_services_jpa\src\test\resources
2025-06-23 10:56:15,722 [Worker-1: Updating Maven Dependencies] INFO  o.e.m.c.i.p.WorkspaceClassifierResolverManager - Resolving P/cws_services_jpa: uo.ri:cws_services_jpa:0.0.1-SNAPSHOT with classifier  to /cws_services_jpa/bin
2025-06-23 10:56:15,722 [Worker-1: Updating Maven Dependencies] INFO  o.e.m.c.i.p.WorkspaceClassifierResolverManager - Resolving P/cws_util: uo.ri:cws_util:0.0.1-SNAPSHOT with classifier  to /cws_util/bin
2025-06-23 10:56:42,481 [Worker-1: Building] INFO  o.a.m.s.f.DefaultMavenResourcesFiltering - Copying 0 resource from src to bin
2025-06-23 10:56:42,494 [Worker-1: Building] INFO  o.a.m.s.f.DefaultMavenResourcesFiltering - Copying 32 resources from test to target\test-classes
2025-06-23 10:56:43,027 [Worker-32: Launching RunCucumberTests] INFO  o.a.m.s.f.DefaultMavenResourcesFiltering - Copying 0 resource from src to bin
2025-06-23 10:56:43,065 [Worker-32: Launching RunCucumberTests] INFO  o.a.m.s.f.DefaultMavenResourcesFiltering - Copying 0 resource from test to target\test-classes
2025-06-23 10:56:43,224 [Worker-9: Launching RunCucumberTests] INFO  o.a.m.s.f.DefaultMavenResourcesFiltering - Copying 0 resource from src to bin
2025-06-23 10:56:43,268 [Worker-9: Launching RunCucumberTests] INFO  o.a.m.s.f.DefaultMavenResourcesFiltering - Copying 0 resource from test to target\test-classes
2025-06-23 10:56:43,404 [Worker-32: Launching RunCucumberTests] INFO  o.e.m.c.i.p.WorkspaceClassifierResolverManager - Resolving P/cws_services_jpa: uo.ri:cws_services_jpa:0.0.1-SNAPSHOT with classifier null to /cws_services_jpa/bin
2025-06-23 10:56:43,406 [Worker-32: Launching RunCucumberTests] INFO  o.e.m.c.i.p.WorkspaceClassifierResolverManager - Resolving P/cws_util: uo.ri:cws_util:0.0.1-SNAPSHOT with classifier null to /cws_util/bin
2025-06-23 10:56:43,606 [Worker-32: Launching RunCucumberTests] INFO  o.e.m.c.i.p.WorkspaceClassifierResolverManager - Resolving P/cws_services_jpa: uo.ri:cws_services_jpa:0.0.1-SNAPSHOT with classifier null to /cws_services_jpa/bin
2025-06-23 10:56:43,608 [Worker-32: Launching RunCucumberTests] INFO  o.e.m.c.i.p.WorkspaceClassifierResolverManager - Resolving P/cws_util: uo.ri:cws_util:0.0.1-SNAPSHOT with classifier null to /cws_util/bin
2025-06-23 10:56:43,817 [Worker-9: Launching RunCucumberTests] INFO  o.e.m.c.i.p.WorkspaceClassifierResolverManager - Resolving P/cws_services_jpa: uo.ri:cws_services_jpa:0.0.1-SNAPSHOT with classifier null to /cws_services_jpa/bin
2025-06-23 10:56:43,819 [Worker-9: Launching RunCucumberTests] INFO  o.e.m.c.i.p.WorkspaceClassifierResolverManager - Resolving P/cws_util: uo.ri:cws_util:0.0.1-SNAPSHOT with classifier null to /cws_util/bin
2025-06-23 10:56:43,990 [Worker-34: Building] INFO  o.a.m.s.f.DefaultMavenResourcesFiltering - Copying 0 resource from src to bin
2025-06-23 10:56:44,027 [Worker-34: Building] INFO  o.a.m.s.f.DefaultMavenResourcesFiltering - Copying 0 resource from test to target\test-classes
2025-06-23 10:56:44,044 [Worker-9: Launching RunCucumberTests] INFO  o.e.m.c.i.p.WorkspaceClassifierResolverManager - Resolving P/cws_services_jpa: uo.ri:cws_services_jpa:0.0.1-SNAPSHOT with classifier null to /cws_services_jpa/bin
2025-06-23 10:56:44,046 [Worker-9: Launching RunCucumberTests] INFO  o.e.m.c.i.p.WorkspaceClassifierResolverManager - Resolving P/cws_util: uo.ri:cws_util:0.0.1-SNAPSHOT with classifier null to /cws_util/bin
2025-06-23 10:57:19,152 [Worker-34: Launching RunCucumberTests] INFO  o.a.m.s.f.DefaultMavenResourcesFiltering - Copying 0 resource from src to bin
2025-06-23 10:57:19,180 [Worker-34: Launching RunCucumberTests] INFO  o.a.m.s.f.DefaultMavenResourcesFiltering - Copying 0 resource from test to target\test-classes
2025-06-23 10:57:19,328 [Worker-34: Launching RunCucumberTests] INFO  o.e.m.c.i.p.WorkspaceClassifierResolverManager - Resolving P/cws_services_jpa: uo.ri:cws_services_jpa:0.0.1-SNAPSHOT with classifier null to /cws_services_jpa/bin
2025-06-23 10:57:19,330 [Worker-34: Launching RunCucumberTests] INFO  o.e.m.c.i.p.WorkspaceClassifierResolverManager - Resolving P/cws_util: uo.ri:cws_util:0.0.1-SNAPSHOT with classifier null to /cws_util/bin
2025-06-23 10:57:19,397 [Worker-9: Building] INFO  o.a.m.s.f.DefaultMavenResourcesFiltering - Copying 0 resource from src to bin
2025-06-23 10:57:19,422 [Worker-9: Building] INFO  o.a.m.s.f.DefaultMavenResourcesFiltering - Copying 0 resource from test to target\test-classes
2025-06-23 10:57:19,430 [Worker-34: Launching RunCucumberTests] INFO  o.e.m.c.i.p.WorkspaceClassifierResolverManager - Resolving P/cws_services_jpa: uo.ri:cws_services_jpa:0.0.1-SNAPSHOT with classifier null to /cws_services_jpa/bin
2025-06-23 10:57:19,431 [Worker-34: Launching RunCucumberTests] INFO  o.e.m.c.i.p.WorkspaceClassifierResolverManager - Resolving P/cws_util: uo.ri:cws_util:0.0.1-SNAPSHOT with classifier null to /cws_util/bin
2025-06-23 10:57:33,719 [Worker-33: Building] INFO  o.a.m.s.f.DefaultMavenResourcesFiltering - Copying 0 resource from src to bin
2025-06-23 10:57:33,741 [Worker-33: Building] INFO  o.a.m.s.f.DefaultMavenResourcesFiltering - Copying 0 resource from test to target\test-classes
2025-06-23 10:58:28,818 [Worker-33: Launching RunCucumberTests] INFO  o.a.m.s.f.DefaultMavenResourcesFiltering - Copying 0 resource from src to bin
2025-06-23 10:58:28,834 [Worker-33: Launching RunCucumberTests] INFO  o.a.m.s.f.DefaultMavenResourcesFiltering - Copying 0 resource from test to target\test-classes
2025-06-23 10:58:28,945 [Worker-33: Launching RunCucumberTests] INFO  o.e.m.c.i.p.WorkspaceClassifierResolverManager - Resolving P/cws_services_jpa: uo.ri:cws_services_jpa:0.0.1-SNAPSHOT with classifier null to /cws_services_jpa/bin
2025-06-23 10:58:28,946 [Worker-33: Launching RunCucumberTests] INFO  o.e.m.c.i.p.WorkspaceClassifierResolverManager - Resolving P/cws_util: uo.ri:cws_util:0.0.1-SNAPSHOT with classifier null to /cws_util/bin
2025-06-23 10:58:28,991 [Worker-34: Building] INFO  o.a.m.s.f.DefaultMavenResourcesFiltering - Copying 0 resource from src to bin
2025-06-23 10:58:29,008 [Worker-34: Building] INFO  o.a.m.s.f.DefaultMavenResourcesFiltering - Copying 0 resource from test to target\test-classes
2025-06-23 10:58:29,018 [Worker-33: Launching RunCucumberTests] INFO  o.e.m.c.i.p.WorkspaceClassifierResolverManager - Resolving P/cws_services_jpa: uo.ri:cws_services_jpa:0.0.1-SNAPSHOT with classifier null to /cws_services_jpa/bin
2025-06-23 10:58:29,018 [Worker-33: Launching RunCucumberTests] INFO  o.e.m.c.i.p.WorkspaceClassifierResolverManager - Resolving P/cws_util: uo.ri:cws_util:0.0.1-SNAPSHOT with classifier null to /cws_util/bin
2025-06-23 11:00:14,646 [Worker-32: Building] INFO  o.a.m.s.f.DefaultMavenResourcesFiltering - Copying 0 resource from src to bin
2025-06-23 11:00:14,658 [Worker-32: Building] INFO  o.a.m.s.f.DefaultMavenResourcesFiltering - Copying 0 resource from test to target\test-classes
2025-06-23 11:00:15,619 [Worker-30: Launching RunCucumberTests] INFO  o.a.m.s.f.DefaultMavenResourcesFiltering - Copying 0 resource from src to bin
2025-06-23 11:00:15,634 [Worker-30: Launching RunCucumberTests] INFO  o.a.m.s.f.DefaultMavenResourcesFiltering - Copying 0 resource from test to target\test-classes
2025-06-23 11:00:15,720 [Worker-30: Launching RunCucumberTests] INFO  o.e.m.c.i.p.WorkspaceClassifierResolverManager - Resolving P/cws_services_jpa: uo.ri:cws_services_jpa:0.0.1-SNAPSHOT with classifier null to /cws_services_jpa/bin
2025-06-23 11:00:15,721 [Worker-30: Launching RunCucumberTests] INFO  o.e.m.c.i.p.WorkspaceClassifierResolverManager - Resolving P/cws_util: uo.ri:cws_util:0.0.1-SNAPSHOT with classifier null to /cws_util/bin
2025-06-23 11:00:15,775 [Worker-1: Building] INFO  o.a.m.s.f.DefaultMavenResourcesFiltering - Copying 0 resource from src to bin
2025-06-23 11:00:15,780 [Worker-30: Launching RunCucumberTests] INFO  o.e.m.c.i.p.WorkspaceClassifierResolverManager - Resolving P/cws_services_jpa: uo.ri:cws_services_jpa:0.0.1-SNAPSHOT with classifier null to /cws_services_jpa/bin
2025-06-23 11:00:15,781 [Worker-30: Launching RunCucumberTests] INFO  o.e.m.c.i.p.WorkspaceClassifierResolverManager - Resolving P/cws_util: uo.ri:cws_util:0.0.1-SNAPSHOT with classifier null to /cws_util/bin
2025-06-23 11:00:15,791 [Worker-1: Building] INFO  o.a.m.s.f.DefaultMavenResourcesFiltering - Copying 0 resource from test to target\test-classes
2025-06-23 11:00:16,867 [Worker-32: Building] INFO  o.a.m.s.f.DefaultMavenResourcesFiltering - Copying 0 resource from src to bin
2025-06-23 11:00:16,885 [Worker-32: Building] INFO  o.a.m.s.f.DefaultMavenResourcesFiltering - Copying 0 resource from test to target\test-classes
2025-06-23 11:00:18,599 [Worker-28: Building] INFO  o.a.m.s.f.DefaultMavenResourcesFiltering - Copying 0 resource from src to bin
2025-06-23 11:00:18,623 [Worker-28: Building] INFO  o.a.m.s.f.DefaultMavenResourcesFiltering - Copying 0 resource from test to target\test-classes
2025-06-23 11:01:12,450 [Worker-30: Building] INFO  o.a.m.s.f.DefaultMavenResourcesFiltering - Copying 0 resource from src to bin
2025-06-23 11:01:12,463 [Worker-30: Building] INFO  o.a.m.s.f.DefaultMavenResourcesFiltering - Copying 0 resource from test to target\test-classes
2025-06-23 11:01:13,232 [Worker-27: Launching RunCucumberTests] INFO  o.a.m.s.f.DefaultMavenResourcesFiltering - Copying 0 resource from src to bin
2025-06-23 11:01:13,247 [Worker-27: Launching RunCucumberTests] INFO  o.a.m.s.f.DefaultMavenResourcesFiltering - Copying 0 resource from test to target\test-classes
2025-06-23 11:01:13,332 [Worker-27: Launching RunCucumberTests] INFO  o.e.m.c.i.p.WorkspaceClassifierResolverManager - Resolving P/cws_services_jpa: uo.ri:cws_services_jpa:0.0.1-SNAPSHOT with classifier null to /cws_services_jpa/bin
2025-06-23 11:01:13,332 [Worker-27: Launching RunCucumberTests] INFO  o.e.m.c.i.p.WorkspaceClassifierResolverManager - Resolving P/cws_util: uo.ri:cws_util:0.0.1-SNAPSHOT with classifier null to /cws_util/bin
2025-06-23 11:01:13,380 [Worker-27: Launching RunCucumberTests] INFO  o.e.m.c.i.p.WorkspaceClassifierResolverManager - Resolving P/cws_services_jpa: uo.ri:cws_services_jpa:0.0.1-SNAPSHOT with classifier null to /cws_services_jpa/bin
2025-06-23 11:01:13,380 [Worker-27: Launching RunCucumberTests] INFO  o.e.m.c.i.p.WorkspaceClassifierResolverManager - Resolving P/cws_util: uo.ri:cws_util:0.0.1-SNAPSHOT with classifier null to /cws_util/bin
2025-06-23 11:01:13,510 [Worker-38: Building] INFO  o.a.m.s.f.DefaultMavenResourcesFiltering - Copying 0 resource from src to bin
2025-06-23 11:01:13,531 [Worker-38: Building] INFO  o.a.m.s.f.DefaultMavenResourcesFiltering - Copying 0 resource from test to target\test-classes
2025-06-23 11:01:14,582 [Worker-27: Building] INFO  o.a.m.s.f.DefaultMavenResourcesFiltering - Copying 0 resource from src to bin
2025-06-23 11:01:14,595 [Worker-27: Building] INFO  o.a.m.s.f.DefaultMavenResourcesFiltering - Copying 0 resource from test to target\test-classes
2025-06-23 11:01:15,686 [Worker-38: Building] INFO  o.a.m.s.f.DefaultMavenResourcesFiltering - Copying 0 resource from src to bin
2025-06-23 11:01:15,706 [Worker-38: Building] INFO  o.a.m.s.f.DefaultMavenResourcesFiltering - Copying 0 resource from test to target\test-classes
2025-06-23 11:02:00,801 [Worker-35: Building] INFO  o.a.m.s.f.DefaultMavenResourcesFiltering - Copying 0 resource from src to bin
2025-06-23 11:02:00,818 [Worker-35: Building] INFO  o.a.m.s.f.DefaultMavenResourcesFiltering - Copying 0 resource from test to target\test-classes
2025-06-23 11:02:17,374 [Worker-36: Building] INFO  o.a.m.s.f.DefaultMavenResourcesFiltering - Copying 0 resource from src to bin
2025-06-23 11:02:17,386 [Worker-36: Building] INFO  o.a.m.s.f.DefaultMavenResourcesFiltering - Copying 0 resource from test to target\test-classes
2025-06-23 11:02:18,522 [Worker-32: Building] INFO  o.a.m.s.f.DefaultMavenResourcesFiltering - Copying 2 resources from src to bin
2025-06-23 11:02:18,525 [Worker-32: Building] INFO  o.a.m.s.f.DefaultMavenResourcesFiltering - skip non existing resourceDirectory C:\Users\Usuario\OneDrive\Escritorio\RI_JPA\cws_services_jpa\src\test\resources
2025-06-23 11:02:18,595 [Worker-32: Building] INFO  o.a.m.s.f.DefaultMavenResourcesFiltering - Copying 0 resource from src to bin
2025-06-23 11:02:18,611 [Worker-32: Building] INFO  o.a.m.s.f.DefaultMavenResourcesFiltering - Copying 0 resource from test to target\test-classes
2025-06-23 11:02:19,391 [Worker-33: Launching RunCucumberTests] INFO  o.a.m.s.f.DefaultMavenResourcesFiltering - Copying 0 resource from src to bin
2025-06-23 11:02:19,405 [Worker-33: Launching RunCucumberTests] INFO  o.a.m.s.f.DefaultMavenResourcesFiltering - Copying 0 resource from test to target\test-classes
2025-06-23 11:02:19,495 [Worker-33: Launching RunCucumberTests] INFO  o.e.m.c.i.p.WorkspaceClassifierResolverManager - Resolving P/cws_services_jpa: uo.ri:cws_services_jpa:0.0.1-SNAPSHOT with classifier null to /cws_services_jpa/bin
2025-06-23 11:02:19,496 [Worker-33: Launching RunCucumberTests] INFO  o.e.m.c.i.p.WorkspaceClassifierResolverManager - Resolving P/cws_util: uo.ri:cws_util:0.0.1-SNAPSHOT with classifier null to /cws_util/bin
2025-06-23 11:02:19,545 [Worker-33: Launching RunCucumberTests] INFO  o.e.m.c.i.p.WorkspaceClassifierResolverManager - Resolving P/cws_services_jpa: uo.ri:cws_services_jpa:0.0.1-SNAPSHOT with classifier null to /cws_services_jpa/bin
2025-06-23 11:02:19,545 [Worker-33: Launching RunCucumberTests] INFO  o.e.m.c.i.p.WorkspaceClassifierResolverManager - Resolving P/cws_util: uo.ri:cws_util:0.0.1-SNAPSHOT with classifier null to /cws_util/bin
2025-06-23 11:02:19,654 [Worker-32: Building] INFO  o.a.m.s.f.DefaultMavenResourcesFiltering - Copying 0 resource from src to bin
2025-06-23 11:02:19,673 [Worker-32: Building] INFO  o.a.m.s.f.DefaultMavenResourcesFiltering - Copying 0 resource from test to target\test-classes
2025-06-23 11:02:19,782 [Worker-9: Launching RunCucumberTests] INFO  o.a.m.s.f.DefaultMavenResourcesFiltering - Copying 0 resource from src to bin
2025-06-23 11:02:19,799 [Worker-9: Launching RunCucumberTests] INFO  o.a.m.s.f.DefaultMavenResourcesFiltering - Copying 0 resource from test to target\test-classes
2025-06-23 11:02:19,912 [Worker-9: Launching RunCucumberTests] INFO  o.e.m.c.i.p.WorkspaceClassifierResolverManager - Resolving P/cws_services_jpa: uo.ri:cws_services_jpa:0.0.1-SNAPSHOT with classifier null to /cws_services_jpa/bin
2025-06-23 11:02:19,912 [Worker-9: Launching RunCucumberTests] INFO  o.e.m.c.i.p.WorkspaceClassifierResolverManager - Resolving P/cws_util: uo.ri:cws_util:0.0.1-SNAPSHOT with classifier null to /cws_util/bin
2025-06-23 11:02:19,978 [Worker-9: Launching RunCucumberTests] INFO  o.e.m.c.i.p.WorkspaceClassifierResolverManager - Resolving P/cws_services_jpa: uo.ri:cws_services_jpa:0.0.1-SNAPSHOT with classifier null to /cws_services_jpa/bin
2025-06-23 11:02:19,979 [Worker-9: Launching RunCucumberTests] INFO  o.e.m.c.i.p.WorkspaceClassifierResolverManager - Resolving P/cws_util: uo.ri:cws_util:0.0.1-SNAPSHOT with classifier null to /cws_util/bin
2025-06-23 11:02:20,781 [Worker-38: Building] INFO  o.a.m.s.f.DefaultMavenResourcesFiltering - Copying 0 resource from src to bin
2025-06-23 11:02:20,803 [Worker-38: Building] INFO  o.a.m.s.f.DefaultMavenResourcesFiltering - Copying 0 resource from test to target\test-classes
2025-06-23 11:02:22,779 [Worker-39: Building] INFO  o.a.m.s.f.DefaultMavenResourcesFiltering - Copying 0 resource from src to bin
2025-06-23 11:02:22,800 [Worker-39: Building] INFO  o.a.m.s.f.DefaultMavenResourcesFiltering - Copying 0 resource from test to target\test-classes
2025-06-23 11:02:23,455 [Worker-28: Launching RunCucumberTests] INFO  o.a.m.s.f.DefaultMavenResourcesFiltering - Copying 0 resource from src to bin
2025-06-23 11:02:23,476 [Worker-28: Launching RunCucumberTests] INFO  o.a.m.s.f.DefaultMavenResourcesFiltering - Copying 0 resource from test to target\test-classes
2025-06-23 11:02:23,692 [Worker-28: Launching RunCucumberTests] INFO  o.e.m.c.i.p.WorkspaceClassifierResolverManager - Resolving P/cws_services_jpa: uo.ri:cws_services_jpa:0.0.1-SNAPSHOT with classifier null to /cws_services_jpa/bin
2025-06-23 11:02:23,693 [Worker-28: Launching RunCucumberTests] INFO  o.e.m.c.i.p.WorkspaceClassifierResolverManager - Resolving P/cws_util: uo.ri:cws_util:0.0.1-SNAPSHOT with classifier null to /cws_util/bin
2025-06-23 11:02:23,810 [Worker-28: Launching RunCucumberTests] INFO  o.e.m.c.i.p.WorkspaceClassifierResolverManager - Resolving P/cws_services_jpa: uo.ri:cws_services_jpa:0.0.1-SNAPSHOT with classifier null to /cws_services_jpa/bin
2025-06-23 11:02:23,811 [Worker-28: Launching RunCucumberTests] INFO  o.e.m.c.i.p.WorkspaceClassifierResolverManager - Resolving P/cws_util: uo.ri:cws_util:0.0.1-SNAPSHOT with classifier null to /cws_util/bin
2025-06-23 11:02:23,880 [Worker-1: Building] INFO  o.a.m.s.f.DefaultMavenResourcesFiltering - Copying 0 resource from src to bin
2025-06-23 11:02:23,903 [Worker-1: Building] INFO  o.a.m.s.f.DefaultMavenResourcesFiltering - Copying 0 resource from test to target\test-classes
2025-06-23 11:02:33,989 [Worker-29: Building] INFO  o.a.m.s.f.DefaultMavenResourcesFiltering - Copying 0 resource from src to bin
2025-06-23 11:02:34,031 [Worker-29: Building] INFO  o.a.m.s.f.DefaultMavenResourcesFiltering - Copying 0 resource from test to target\test-classes
2025-06-23 11:02:38,237 [Worker-1: Launching RunCucumberTests] INFO  o.a.m.s.f.DefaultMavenResourcesFiltering - Copying 0 resource from src to bin
2025-06-23 11:02:38,256 [Worker-1: Launching RunCucumberTests] INFO  o.a.m.s.f.DefaultMavenResourcesFiltering - Copying 0 resource from test to target\test-classes
2025-06-23 11:02:38,358 [Worker-1: Launching RunCucumberTests] INFO  o.e.m.c.i.p.WorkspaceClassifierResolverManager - Resolving P/cws_services_jpa: uo.ri:cws_services_jpa:0.0.1-SNAPSHOT with classifier null to /cws_services_jpa/bin
2025-06-23 11:02:38,359 [Worker-1: Launching RunCucumberTests] INFO  o.e.m.c.i.p.WorkspaceClassifierResolverManager - Resolving P/cws_util: uo.ri:cws_util:0.0.1-SNAPSHOT with classifier null to /cws_util/bin
2025-06-23 11:02:38,432 [Worker-1: Launching RunCucumberTests] INFO  o.e.m.c.i.p.WorkspaceClassifierResolverManager - Resolving P/cws_services_jpa: uo.ri:cws_services_jpa:0.0.1-SNAPSHOT with classifier null to /cws_services_jpa/bin
2025-06-23 11:02:38,432 [Worker-1: Launching RunCucumberTests] INFO  o.e.m.c.i.p.WorkspaceClassifierResolverManager - Resolving P/cws_util: uo.ri:cws_util:0.0.1-SNAPSHOT with classifier null to /cws_util/bin
2025-06-23 11:02:38,458 [Worker-29: Building] INFO  o.a.m.s.f.DefaultMavenResourcesFiltering - Copying 0 resource from src to bin
2025-06-23 11:02:38,480 [Worker-29: Building] INFO  o.a.m.s.f.DefaultMavenResourcesFiltering - Copying 0 resource from test to target\test-classes
2025-06-23 11:02:52,071 [Worker-32: Launching RunCucumberTests] INFO  o.a.m.s.f.DefaultMavenResourcesFiltering - Copying 0 resource from src to bin
2025-06-23 11:02:52,087 [Worker-32: Launching RunCucumberTests] INFO  o.a.m.s.f.DefaultMavenResourcesFiltering - Copying 0 resource from test to target\test-classes
2025-06-23 11:02:52,186 [Worker-32: Launching RunCucumberTests] INFO  o.e.m.c.i.p.WorkspaceClassifierResolverManager - Resolving P/cws_services_jpa: uo.ri:cws_services_jpa:0.0.1-SNAPSHOT with classifier null to /cws_services_jpa/bin
2025-06-23 11:02:52,186 [Worker-32: Launching RunCucumberTests] INFO  o.e.m.c.i.p.WorkspaceClassifierResolverManager - Resolving P/cws_util: uo.ri:cws_util:0.0.1-SNAPSHOT with classifier null to /cws_util/bin
2025-06-23 11:02:52,242 [Worker-36: Building] INFO  o.a.m.s.f.DefaultMavenResourcesFiltering - Copying 0 resource from src to bin
2025-06-23 11:02:52,266 [Worker-36: Building] INFO  o.a.m.s.f.DefaultMavenResourcesFiltering - Copying 0 resource from test to target\test-classes
2025-06-23 11:02:52,273 [Worker-32: Launching RunCucumberTests] INFO  o.e.m.c.i.p.WorkspaceClassifierResolverManager - Resolving P/cws_services_jpa: uo.ri:cws_services_jpa:0.0.1-SNAPSHOT with classifier null to /cws_services_jpa/bin
2025-06-23 11:02:52,274 [Worker-32: Launching RunCucumberTests] INFO  o.e.m.c.i.p.WorkspaceClassifierResolverManager - Resolving P/cws_util: uo.ri:cws_util:0.0.1-SNAPSHOT with classifier null to /cws_util/bin
2025-06-23 11:02:53,351 [Worker-34: Building] INFO  o.a.m.s.f.DefaultMavenResourcesFiltering - Copying 0 resource from src to bin
2025-06-23 11:02:53,380 [Worker-34: Building] INFO  o.a.m.s.f.DefaultMavenResourcesFiltering - Copying 0 resource from test to target\test-classes
2025-06-23 11:03:55,210 [Worker-33: Launching RunCucumberTests] INFO  o.a.m.s.f.DefaultMavenResourcesFiltering - Copying 0 resource from src to bin
2025-06-23 11:03:55,221 [Worker-33: Launching RunCucumberTests] INFO  o.a.m.s.f.DefaultMavenResourcesFiltering - Copying 0 resource from test to target\test-classes
2025-06-23 11:03:55,315 [Worker-33: Launching RunCucumberTests] INFO  o.e.m.c.i.p.WorkspaceClassifierResolverManager - Resolving P/cws_services_jpa: uo.ri:cws_services_jpa:0.0.1-SNAPSHOT with classifier null to /cws_services_jpa/bin
2025-06-23 11:03:55,316 [Worker-33: Launching RunCucumberTests] INFO  o.e.m.c.i.p.WorkspaceClassifierResolverManager - Resolving P/cws_util: uo.ri:cws_util:0.0.1-SNAPSHOT with classifier null to /cws_util/bin
2025-06-23 11:03:55,369 [Worker-33: Launching RunCucumberTests] INFO  o.e.m.c.i.p.WorkspaceClassifierResolverManager - Resolving P/cws_services_jpa: uo.ri:cws_services_jpa:0.0.1-SNAPSHOT with classifier null to /cws_services_jpa/bin
2025-06-23 11:03:55,370 [Worker-33: Launching RunCucumberTests] INFO  o.e.m.c.i.p.WorkspaceClassifierResolverManager - Resolving P/cws_util: uo.ri:cws_util:0.0.1-SNAPSHOT with classifier null to /cws_util/bin
2025-06-23 11:03:55,389 [Worker-29: Building] INFO  o.a.m.s.f.DefaultMavenResourcesFiltering - Copying 0 resource from src to bin
2025-06-23 11:03:55,406 [Worker-29: Building] INFO  o.a.m.s.f.DefaultMavenResourcesFiltering - Copying 0 resource from test to target\test-classes
2025-06-23 11:04:58,516 [Worker-37: Building] INFO  o.a.m.s.f.DefaultMavenResourcesFiltering - Copying 2 resources from src to bin
2025-06-23 11:04:58,522 [Worker-37: Building] INFO  o.a.m.s.f.DefaultMavenResourcesFiltering - skip non existing resourceDirectory C:\Users\Usuario\OneDrive\Escritorio\RI_JPA\cws_services_jpa\src\test\resources
2025-06-23 11:04:58,623 [Worker-37: Building] INFO  o.a.m.s.f.DefaultMavenResourcesFiltering - Copying 0 resource from src to bin
2025-06-23 11:04:58,639 [Worker-37: Building] INFO  o.a.m.s.f.DefaultMavenResourcesFiltering - Copying 0 resource from test to target\test-classes
2025-06-23 11:05:52,780 [Worker-35: Building] INFO  o.a.m.s.f.DefaultMavenResourcesFiltering - Copying 0 resource from src to bin
2025-06-23 11:05:52,792 [Worker-35: Building] INFO  o.a.m.s.f.DefaultMavenResourcesFiltering - Copying 0 resource from test to target\test-classes
2025-06-23 11:05:54,890 [Worker-34: Building] INFO  o.a.m.s.f.DefaultMavenResourcesFiltering - Copying 2 resources from src to bin
2025-06-23 11:05:54,892 [Worker-34: Building] INFO  o.a.m.s.f.DefaultMavenResourcesFiltering - skip non existing resourceDirectory C:\Users\Usuario\OneDrive\Escritorio\RI_JPA\cws_services_jpa\src\test\resources
2025-06-23 11:05:54,940 [Worker-34: Building] INFO  o.a.m.s.f.DefaultMavenResourcesFiltering - Copying 0 resource from src to bin
2025-06-23 11:05:54,955 [Worker-34: Building] INFO  o.a.m.s.f.DefaultMavenResourcesFiltering - Copying 0 resource from test to target\test-classes
2025-06-23 11:06:00,864 [Worker-33: Building] INFO  o.a.m.s.f.DefaultMavenResourcesFiltering - Copying 2 resources from src to bin
2025-06-23 11:06:00,868 [Worker-33: Building] INFO  o.a.m.s.f.DefaultMavenResourcesFiltering - skip non existing resourceDirectory C:\Users\Usuario\OneDrive\Escritorio\RI_JPA\cws_services_jpa\src\test\resources
2025-06-23 11:06:00,918 [Worker-33: Building] INFO  o.a.m.s.f.DefaultMavenResourcesFiltering - Copying 0 resource from src to bin
2025-06-23 11:06:00,929 [Worker-33: Building] INFO  o.a.m.s.f.DefaultMavenResourcesFiltering - Copying 0 resource from test to target\test-classes
2025-06-23 11:07:34,299 [Worker-30: Building] INFO  o.a.m.s.f.DefaultMavenResourcesFiltering - Copying 0 resource from src to bin
2025-06-23 11:07:34,311 [Worker-30: Building] INFO  o.a.m.s.f.DefaultMavenResourcesFiltering - Copying 0 resource from test to target\test-classes
2025-06-23 11:08:09,133 [Worker-41: Building] INFO  o.a.m.s.f.DefaultMavenResourcesFiltering - Copying 2 resources from src to bin
2025-06-23 11:08:09,135 [Worker-41: Building] INFO  o.a.m.s.f.DefaultMavenResourcesFiltering - skip non existing resourceDirectory C:\Users\Usuario\OneDrive\Escritorio\RI_JPA\cws_services_jpa\src\test\resources
2025-06-23 11:08:09,197 [Worker-41: Building] INFO  o.a.m.s.f.DefaultMavenResourcesFiltering - Copying 0 resource from src to bin
2025-06-23 11:08:09,209 [Worker-41: Building] INFO  o.a.m.s.f.DefaultMavenResourcesFiltering - Copying 0 resource from test to target\test-classes
2025-06-23 11:12:40,751 [Worker-47: Building] INFO  o.a.m.s.f.DefaultMavenResourcesFiltering - Copying 0 resource from src to bin
2025-06-23 11:12:41,338 [Worker-47: Building] INFO  o.a.m.s.f.DefaultMavenResourcesFiltering - Copying 0 resource from test to target\test-classes
2025-06-23 11:14:15,867 [Burningwave - Resource releaser] INFO  o.b.c.a.StaticComponentContainer - (StaticComponentContainer.java:391) - ... Waiting for all tasks ending
2025-06-23 11:14:15,873 [Burningwave - Resource releaser] INFO  o.b.c.a.StaticComponentContainer - (StaticComponentContainer.java:397) - Closing all component containers
2025-06-23 11:14:15,876 [Burningwave - Resource releaser] INFO  o.b.c.a.StaticComponentContainer - (StaticComponentContainer.java:403) - Closing FileSystemHelper
2025-06-23 11:14:15,880 [Burningwave - Resource releaser] INFO  o.b.c.a.StaticComponentContainer - (StaticComponentContainer.java:409) - ... Waiting for all tasks ending before shutting down the BackgroundExecutor
2025-06-23 11:14:15,881 [Burningwave - Resource releaser] INFO  o.b.c.a.StaticComponentContainer - (StaticComponentContainer.java:414) - Shutting down BackgroundExecutor
2025-06-23 11:14:15,882 [Burningwave - Resource releaser] INFO  o.b.c.a.StaticComponentContainer - (StaticComponentContainer.java:420) - Stopping all threads monitoring thread
2025-06-23 11:14:15,883 [Burningwave - Resource releaser] INFO  o.b.c.a.StaticComponentContainer - (StaticComponentContainer.java:425) - Closing ThreadHolder
2025-06-23 11:14:15,885 [Burningwave - Resource releaser] INFO  o.b.c.a.StaticComponentContainer - (StaticComponentContainer.java:430) - Shutting down ThreadSupplier
2025-06-23 17:05:23,909 [main] INFO  o.b.c.a.StaticComponentContainer - (StaticComponentContainer.java:368) - Instantiated org.burningwave.core.SLF4JManagedLoggerRepository
2025-06-23 17:05:23,916 [main] INFO  o.b.c.a.StaticComponentContainer - (StaticComponentContainer.java:369) - 

	Configuration values for static components:

		background-executor.all-tasks-monitoring.enabled=\
			true
		background-executor.all-tasks-monitoring.interval=\
			30000
		background-executor.all-tasks-monitoring.logger.enabled=\
			false
		background-executor.all-tasks-monitoring.minimum-elapsed-time-to-consider-a-task-as-probable-dead-locked=\
			300000
		background-executor.all-tasks-monitoring.probable-dead-locked-tasks-handling.policy=\
			log only
		background-executor.queued-task-executor[0].name=\
			Low priority tasks
		background-executor.queued-task-executor[0].priority=\
			1
		background-executor.queued-task-executor[1].name=\
			Normal priority tasks
		background-executor.queued-task-executor[1].priority=\
			5
		background-executor.queued-task-executor[2].name=\
			High priority tasks
		background-executor.queued-task-executor[2].priority=\
			10
		background-executor.task-creation-tracking.enabled=\
			${background-executor.all-tasks-monitoring.enabled}
		banner.additonal-informations=\
			${Implementation-Title} ${Implementation-Version}
		banner.additonal-informations.retrieve-from-manifest-file-with-implementation-title=\
			Burningwave Core
		banner.file=\
			org/burningwave/banner.bwb
		banner.hide=\
			true
		buffer-handler.default-allocation-mode=\
			ByteBuffer::allocateDirect
		buffer-handler.default-buffer-size=\
			1024
		group-name-for-named-elements=\
			Burningwave
		iterable-object-helper.default-values-separator=\
			;
		iterable-object-helper.parallel-iteration.applicability.default-minimum-collection-size=\
			2
		iterable-object-helper.parallel-iteration.applicability.max-runtime-thread-count-threshold=\
			autodetect
		iterable-object-helper.parallel-iteration.applicability.output-collection-enabled-types=\
			java.util.concurrent.ConcurrentHashMap$CollectionView;\
			java.util.Collections$SynchronizedCollection;\
			java.util.concurrent.CopyOnWriteArrayList;\
			java.util.concurrent.CopyOnWriteArraySet;\
			java.util.concurrent.BlockingQueue;\
			java.util.concurrent.ConcurrentSkipListSet;\
			java.util.concurrent.ConcurrentSkipListMap$EntrySet;\
			java.util.concurrent.ConcurrentSkipListMap$KeySet;\
			java.util.concurrent.ConcurrentSkipListMap$Values;
		jvm.driver.init=\
			false
		managed-logger.repository=\
			autodetect
		managed-logger.repository.enabled=\
			true
		managed-logger.repository.logging.warn.disabled-for=\
			org.burningwave.core.assembler.ComponentContainer$ClassLoader;\
			org.burningwave.core.classes.MemoryClassLoader;\
			org.burningwave.core.classes.PathScannerClassLoader;
		modules.export-all-to-all=\
			true
		resource-releaser.enabled=\
			true
		synchronizer.all-threads-monitoring.enabled=\
			false
		synchronizer.all-threads-monitoring.interval=\
			90000
		thread-supplier.default-daemon-flag-value=\
			true
		thread-supplier.default-thread-priority=\
			5
		thread-supplier.max-detached-thread-count=\
			${thread-supplier.max-poolable-thread-count}
		thread-supplier.max-detached-thread-count.elapsed-time-threshold-from-last-increase-for-gradual-decreasing-to-initial-value=\
			30000
		thread-supplier.max-detached-thread-count.increasing-step=\
			autodetect
		thread-supplier.max-poolable-thread-count=\
			autodetect
		thread-supplier.poolable-thread-request-timeout=\
			6000


2025-06-23 17:05:23,918 [main] INFO  o.b.core.jvm.BufferHandler - (BufferHandler.java:127) - default buffer size: 1024 bytes
2025-06-23 17:05:23,920 [main] INFO  o.b.core.jvm.BufferHandler - (BufferHandler.java:141) - default allocation mode: ByteBuffer::allocateDirect
2025-06-23 17:05:23,927 [main] INFO  org.burningwave.core.Cache - (Cache.java:76) - Building cache
2025-06-23 17:05:23,976 [main] INFO  o.b.c.a.StaticComponentContainer - (StaticComponentContainer.java:443) - org.burningwave.core.assembler.StaticComponentContainer initialized in 0.2434777 seconds
2025-06-23 17:05:26,893 [Worker-2: Loading available Gradle versions] INFO  o.e.b.c.i.u.g.PublishedGradleVersions - Gradle version information cache is up-to-date. Trying to read.
2025-06-23 17:14:21,228 [Worker-31: Building] INFO  o.e.m.c.i.p.WorkspaceClassifierResolverManager - Resolving P/cws_util: uo.ri:cws_util:0.0.1-SNAPSHOT with classifier  to /cws_util/bin
2025-06-23 17:14:24,017 [Worker-31: Building] INFO  o.a.m.s.f.DefaultMavenResourcesFiltering - Copying 2 resources from src to bin
2025-06-23 17:14:24,028 [Worker-31: Building] INFO  o.a.m.s.f.DefaultMavenResourcesFiltering - skip non existing resourceDirectory C:\Users\Usuario\OneDrive\Escritorio\RI_JPA\cws_services_jpa\src\test\resources
2025-06-23 17:14:27,509 [Worker-31: Building] INFO  o.e.m.c.i.p.WorkspaceClassifierResolverManager - Resolving P/cws_services_jpa: uo.ri:cws_services_jpa:0.0.1-SNAPSHOT with classifier  to /cws_services_jpa/bin
2025-06-23 17:14:27,511 [Worker-31: Building] INFO  o.e.m.c.i.p.WorkspaceClassifierResolverManager - Resolving P/cws_util: uo.ri:cws_util:0.0.1-SNAPSHOT with classifier  to /cws_util/bin
2025-06-23 17:14:27,558 [Worker-31: Building] INFO  o.a.m.s.f.DefaultMavenResourcesFiltering - Copying 0 resource from src to bin
2025-06-23 17:14:27,569 [Worker-31: Building] INFO  o.a.m.s.f.DefaultMavenResourcesFiltering - Copying 32 resources from test to target\test-classes
2025-06-23 17:14:35,291 [Worker-8: Launching RunCucumberTests] INFO  o.a.m.s.f.DefaultMavenResourcesFiltering - Copying 2 resources from src to bin
2025-06-23 17:14:35,294 [Worker-8: Launching RunCucumberTests] INFO  o.a.m.s.f.DefaultMavenResourcesFiltering - skip non existing resourceDirectory C:\Users\Usuario\OneDrive\Escritorio\RI_JPA\cws_services_jpa\src\test\resources
2025-06-23 17:14:35,373 [Worker-8: Launching RunCucumberTests] INFO  o.a.m.s.f.DefaultMavenResourcesFiltering - Copying 0 resource from src to bin
2025-06-23 17:14:35,406 [Worker-8: Launching RunCucumberTests] INFO  o.a.m.s.f.DefaultMavenResourcesFiltering - Copying 0 resource from test to target\test-classes
2025-06-23 17:14:35,566 [Worker-8: Launching RunCucumberTests] INFO  o.e.m.c.i.p.WorkspaceClassifierResolverManager - Resolving P/cws_services_jpa: uo.ri:cws_services_jpa:0.0.1-SNAPSHOT with classifier null to /cws_services_jpa/bin
2025-06-23 17:14:35,568 [Worker-8: Launching RunCucumberTests] INFO  o.e.m.c.i.p.WorkspaceClassifierResolverManager - Resolving P/cws_util: uo.ri:cws_util:0.0.1-SNAPSHOT with classifier null to /cws_util/bin
2025-06-23 17:14:35,757 [Worker-8: Launching RunCucumberTests] INFO  o.e.m.c.i.p.WorkspaceClassifierResolverManager - Resolving P/cws_services_jpa: uo.ri:cws_services_jpa:0.0.1-SNAPSHOT with classifier null to /cws_services_jpa/bin
2025-06-23 17:14:35,758 [Worker-8: Launching RunCucumberTests] INFO  o.e.m.c.i.p.WorkspaceClassifierResolverManager - Resolving P/cws_util: uo.ri:cws_util:0.0.1-SNAPSHOT with classifier null to /cws_util/bin
2025-06-23 17:16:45,357 [Worker-28: Building] INFO  o.a.m.s.f.DefaultMavenResourcesFiltering - Copying 1 resource from src to bin
2025-06-23 17:16:45,365 [Worker-28: Building] INFO  o.a.m.s.f.DefaultMavenResourcesFiltering - skip non existing resourceDirectory C:\Users\Usuario\OneDrive\Escritorio\RI_JPA\cws_services_jpa\src\test\resources
2025-06-23 17:16:47,333 [Worker-34: Launching RunCucumberTests] INFO  o.e.m.c.i.p.WorkspaceClassifierResolverManager - Resolving P/cws_services_jpa: uo.ri:cws_services_jpa:0.0.1-SNAPSHOT with classifier null to /cws_services_jpa/bin
2025-06-23 17:16:47,335 [Worker-34: Launching RunCucumberTests] INFO  o.e.m.c.i.p.WorkspaceClassifierResolverManager - Resolving P/cws_util: uo.ri:cws_util:0.0.1-SNAPSHOT with classifier null to /cws_util/bin
2025-06-23 17:16:47,500 [Worker-34: Launching RunCucumberTests] INFO  o.e.m.c.i.p.WorkspaceClassifierResolverManager - Resolving P/cws_services_jpa: uo.ri:cws_services_jpa:0.0.1-SNAPSHOT with classifier null to /cws_services_jpa/bin
2025-06-23 17:16:47,501 [Worker-34: Launching RunCucumberTests] INFO  o.e.m.c.i.p.WorkspaceClassifierResolverManager - Resolving P/cws_util: uo.ri:cws_util:0.0.1-SNAPSHOT with classifier null to /cws_util/bin
2025-06-23 17:17:29,040 [Worker-36: Building] INFO  o.a.m.s.f.DefaultMavenResourcesFiltering - Copying 1 resource from src to bin
2025-06-23 17:17:29,044 [Worker-36: Building] INFO  o.a.m.s.f.DefaultMavenResourcesFiltering - skip non existing resourceDirectory C:\Users\Usuario\OneDrive\Escritorio\RI_JPA\cws_services_jpa\src\test\resources
2025-06-23 17:17:51,440 [Worker-32: Building] INFO  o.a.m.s.f.DefaultMavenResourcesFiltering - Copying 1 resource from src to bin
2025-06-23 17:17:51,445 [Worker-32: Building] INFO  o.a.m.s.f.DefaultMavenResourcesFiltering - skip non existing resourceDirectory C:\Users\Usuario\OneDrive\Escritorio\RI_JPA\cws_services_jpa\src\test\resources
2025-06-23 17:18:02,919 [Worker-36: Building] INFO  o.a.m.s.f.DefaultMavenResourcesFiltering - Copying 1 resource from src to bin
2025-06-23 17:18:02,924 [Worker-36: Building] INFO  o.a.m.s.f.DefaultMavenResourcesFiltering - skip non existing resourceDirectory C:\Users\Usuario\OneDrive\Escritorio\RI_JPA\cws_services_jpa\src\test\resources
2025-06-23 17:18:04,618 [Worker-35: Launching RunCucumberTests] INFO  o.e.m.c.i.p.WorkspaceClassifierResolverManager - Resolving P/cws_services_jpa: uo.ri:cws_services_jpa:0.0.1-SNAPSHOT with classifier null to /cws_services_jpa/bin
2025-06-23 17:18:04,619 [Worker-35: Launching RunCucumberTests] INFO  o.e.m.c.i.p.WorkspaceClassifierResolverManager - Resolving P/cws_util: uo.ri:cws_util:0.0.1-SNAPSHOT with classifier null to /cws_util/bin
2025-06-23 17:18:04,676 [Worker-35: Launching RunCucumberTests] INFO  o.e.m.c.i.p.WorkspaceClassifierResolverManager - Resolving P/cws_services_jpa: uo.ri:cws_services_jpa:0.0.1-SNAPSHOT with classifier null to /cws_services_jpa/bin
2025-06-23 17:18:04,693 [Worker-35: Launching RunCucumberTests] INFO  o.e.m.c.i.p.WorkspaceClassifierResolverManager - Resolving P/cws_util: uo.ri:cws_util:0.0.1-SNAPSHOT with classifier null to /cws_util/bin
2025-06-23 17:18:32,051 [Worker-8: Building] INFO  o.a.m.s.f.DefaultMavenResourcesFiltering - Copying 1 resource from src to bin
2025-06-23 17:18:32,057 [Worker-8: Building] INFO  o.a.m.s.f.DefaultMavenResourcesFiltering - skip non existing resourceDirectory C:\Users\Usuario\OneDrive\Escritorio\RI_JPA\cws_services_jpa\src\test\resources
2025-06-23 17:18:33,867 [Worker-32: Launching RunCucumberTests] INFO  o.e.m.c.i.p.WorkspaceClassifierResolverManager - Resolving P/cws_services_jpa: uo.ri:cws_services_jpa:0.0.1-SNAPSHOT with classifier null to /cws_services_jpa/bin
2025-06-23 17:18:33,868 [Worker-32: Launching RunCucumberTests] INFO  o.e.m.c.i.p.WorkspaceClassifierResolverManager - Resolving P/cws_util: uo.ri:cws_util:0.0.1-SNAPSHOT with classifier null to /cws_util/bin
2025-06-23 17:18:33,925 [Worker-32: Launching RunCucumberTests] INFO  o.e.m.c.i.p.WorkspaceClassifierResolverManager - Resolving P/cws_services_jpa: uo.ri:cws_services_jpa:0.0.1-SNAPSHOT with classifier null to /cws_services_jpa/bin
2025-06-23 17:18:33,926 [Worker-32: Launching RunCucumberTests] INFO  o.e.m.c.i.p.WorkspaceClassifierResolverManager - Resolving P/cws_util: uo.ri:cws_util:0.0.1-SNAPSHOT with classifier null to /cws_util/bin
2025-06-23 17:24:33,893 [Burningwave - Resource releaser] INFO  o.b.c.a.StaticComponentContainer - (StaticComponentContainer.java:391) - ... Waiting for all tasks ending
2025-06-23 17:24:33,903 [Burningwave - Resource releaser] INFO  o.b.c.a.StaticComponentContainer - (StaticComponentContainer.java:397) - Closing all component containers
2025-06-23 17:24:33,911 [Burningwave - Resource releaser] INFO  o.b.c.a.StaticComponentContainer - (StaticComponentContainer.java:403) - Closing FileSystemHelper
2025-06-23 17:24:33,915 [Burningwave - Resource releaser] INFO  o.b.c.a.StaticComponentContainer - (StaticComponentContainer.java:409) - ... Waiting for all tasks ending before shutting down the BackgroundExecutor
2025-06-23 17:24:33,916 [Burningwave - Resource releaser] INFO  o.b.c.a.StaticComponentContainer - (StaticComponentContainer.java:414) - Shutting down BackgroundExecutor
2025-06-23 17:24:33,918 [Burningwave - Resource releaser] INFO  o.b.c.a.StaticComponentContainer - (StaticComponentContainer.java:420) - Stopping all threads monitoring thread
2025-06-23 17:24:33,919 [Burningwave - Resource releaser] INFO  o.b.c.a.StaticComponentContainer - (StaticComponentContainer.java:425) - Closing ThreadHolder
2025-06-23 17:24:33,920 [Burningwave - Resource releaser] INFO  o.b.c.a.StaticComponentContainer - (StaticComponentContainer.java:430) - Shutting down ThreadSupplier
2025-06-25 19:57:53,062 [main] INFO  o.b.c.a.StaticComponentContainer - (StaticComponentContainer.java:368) - Instantiated org.burningwave.core.SLF4JManagedLoggerRepository
2025-06-25 19:57:53,065 [main] INFO  o.b.c.a.StaticComponentContainer - (StaticComponentContainer.java:369) - 

	Configuration values for static components:

		background-executor.all-tasks-monitoring.enabled=\
			true
		background-executor.all-tasks-monitoring.interval=\
			30000
		background-executor.all-tasks-monitoring.logger.enabled=\
			false
		background-executor.all-tasks-monitoring.minimum-elapsed-time-to-consider-a-task-as-probable-dead-locked=\
			300000
		background-executor.all-tasks-monitoring.probable-dead-locked-tasks-handling.policy=\
			log only
		background-executor.queued-task-executor[0].name=\
			Low priority tasks
		background-executor.queued-task-executor[0].priority=\
			1
		background-executor.queued-task-executor[1].name=\
			Normal priority tasks
		background-executor.queued-task-executor[1].priority=\
			5
		background-executor.queued-task-executor[2].name=\
			High priority tasks
		background-executor.queued-task-executor[2].priority=\
			10
		background-executor.task-creation-tracking.enabled=\
			${background-executor.all-tasks-monitoring.enabled}
		banner.additonal-informations=\
			${Implementation-Title} ${Implementation-Version}
		banner.additonal-informations.retrieve-from-manifest-file-with-implementation-title=\
			Burningwave Core
		banner.file=\
			org/burningwave/banner.bwb
		banner.hide=\
			true
		buffer-handler.default-allocation-mode=\
			ByteBuffer::allocateDirect
		buffer-handler.default-buffer-size=\
			1024
		group-name-for-named-elements=\
			Burningwave
		iterable-object-helper.default-values-separator=\
			;
		iterable-object-helper.parallel-iteration.applicability.default-minimum-collection-size=\
			2
		iterable-object-helper.parallel-iteration.applicability.max-runtime-thread-count-threshold=\
			autodetect
		iterable-object-helper.parallel-iteration.applicability.output-collection-enabled-types=\
			java.util.concurrent.ConcurrentHashMap$CollectionView;\
			java.util.Collections$SynchronizedCollection;\
			java.util.concurrent.CopyOnWriteArrayList;\
			java.util.concurrent.CopyOnWriteArraySet;\
			java.util.concurrent.BlockingQueue;\
			java.util.concurrent.ConcurrentSkipListSet;\
			java.util.concurrent.ConcurrentSkipListMap$EntrySet;\
			java.util.concurrent.ConcurrentSkipListMap$KeySet;\
			java.util.concurrent.ConcurrentSkipListMap$Values;
		jvm.driver.init=\
			false
		managed-logger.repository=\
			autodetect
		managed-logger.repository.enabled=\
			true
		managed-logger.repository.logging.warn.disabled-for=\
			org.burningwave.core.assembler.ComponentContainer$ClassLoader;\
			org.burningwave.core.classes.MemoryClassLoader;\
			org.burningwave.core.classes.PathScannerClassLoader;
		modules.export-all-to-all=\
			true
		resource-releaser.enabled=\
			true
		synchronizer.all-threads-monitoring.enabled=\
			false
		synchronizer.all-threads-monitoring.interval=\
			90000
		thread-supplier.default-daemon-flag-value=\
			true
		thread-supplier.default-thread-priority=\
			5
		thread-supplier.max-detached-thread-count=\
			${thread-supplier.max-poolable-thread-count}
		thread-supplier.max-detached-thread-count.elapsed-time-threshold-from-last-increase-for-gradual-decreasing-to-initial-value=\
			30000
		thread-supplier.max-detached-thread-count.increasing-step=\
			autodetect
		thread-supplier.max-poolable-thread-count=\
			autodetect
		thread-supplier.poolable-thread-request-timeout=\
			6000


2025-06-25 19:57:53,067 [main] INFO  o.b.core.jvm.BufferHandler - (BufferHandler.java:127) - default buffer size: 1024 bytes
2025-06-25 19:57:53,068 [main] INFO  o.b.core.jvm.BufferHandler - (BufferHandler.java:141) - default allocation mode: ByteBuffer::allocateDirect
2025-06-25 19:57:53,074 [main] INFO  org.burningwave.core.Cache - (Cache.java:76) - Building cache
2025-06-25 19:57:53,099 [main] INFO  o.b.c.a.StaticComponentContainer - (StaticComponentContainer.java:443) - org.burningwave.core.assembler.StaticComponentContainer initialized in 0.1471721 seconds
2025-06-25 19:57:55,983 [Worker-4: Loading available Gradle versions] INFO  o.e.b.c.i.u.g.PublishedGradleVersions - Gradle version information cache is out-of-date. Trying to update.
2025-06-25 20:00:38,921 [Worker-9: Building] INFO  o.e.m.c.i.p.WorkspaceClassifierResolverManager - Resolving P/cws_util: uo.ri:cws_util:0.0.1-SNAPSHOT with classifier  to /cws_util/bin
2025-06-25 20:00:42,147 [Worker-9: Building] INFO  o.a.m.s.f.DefaultMavenResourcesFiltering - Copying 2 resources from src to bin
2025-06-25 20:00:42,169 [Worker-9: Building] INFO  o.a.m.s.f.DefaultMavenResourcesFiltering - skip non existing resourceDirectory C:\Users\Usuario\OneDrive\Escritorio\RI_JPA\cws_services_jpa\src\test\resources
2025-06-25 20:00:56,887 [Worker-9: Building] INFO  o.a.m.s.f.DefaultMavenResourcesFiltering - Copying 2 resources from src to bin
2025-06-25 20:00:56,905 [Worker-9: Building] INFO  o.a.m.s.f.DefaultMavenResourcesFiltering - skip non existing resourceDirectory C:\Users\Usuario\OneDrive\Escritorio\RI_JPA\cws_services_jpa\src\test\resources
2025-06-25 20:01:07,438 [Worker-21: Building] INFO  o.a.m.s.f.DefaultMavenResourcesFiltering - Copying 2 resources from src to bin
2025-06-25 20:01:07,449 [Worker-21: Building] INFO  o.a.m.s.f.DefaultMavenResourcesFiltering - skip non existing resourceDirectory C:\Users\Usuario\OneDrive\Escritorio\RI_JPA\cws_services_jpa\src\test\resources
2025-06-25 20:01:09,050 [Worker-9: Building] INFO  o.a.m.s.f.DefaultMavenResourcesFiltering - Copying 2 resources from src to bin
2025-06-25 20:01:09,059 [Worker-9: Building] INFO  o.a.m.s.f.DefaultMavenResourcesFiltering - skip non existing resourceDirectory C:\Users\Usuario\OneDrive\Escritorio\RI_JPA\cws_services_jpa\src\test\resources
2025-06-25 20:01:48,464 [Worker-8: Building] INFO  o.a.m.s.f.DefaultMavenResourcesFiltering - Copying 2 resources from src to bin
2025-06-25 20:01:48,467 [Worker-8: Building] INFO  o.a.m.s.f.DefaultMavenResourcesFiltering - skip non existing resourceDirectory C:\Users\Usuario\OneDrive\Escritorio\RI_JPA\cws_services_jpa\src\test\resources
2025-06-25 20:01:52,267 [Worker-8: Building] INFO  o.a.m.s.f.DefaultMavenResourcesFiltering - Copying 2 resources from src to bin
2025-06-25 20:01:52,272 [Worker-8: Building] INFO  o.a.m.s.f.DefaultMavenResourcesFiltering - skip non existing resourceDirectory C:\Users\Usuario\OneDrive\Escritorio\RI_JPA\cws_services_jpa\src\test\resources
2025-06-25 20:01:55,237 [Worker-1: Building] INFO  o.a.m.s.f.DefaultMavenResourcesFiltering - Copying 2 resources from src to bin
2025-06-25 20:01:55,242 [Worker-1: Building] INFO  o.a.m.s.f.DefaultMavenResourcesFiltering - skip non existing resourceDirectory C:\Users\Usuario\OneDrive\Escritorio\RI_JPA\cws_services_jpa\src\test\resources
2025-06-25 20:01:59,380 [Worker-8: Building] INFO  o.a.m.s.f.DefaultMavenResourcesFiltering - Copying 2 resources from src to bin
2025-06-25 20:01:59,386 [Worker-8: Building] INFO  o.a.m.s.f.DefaultMavenResourcesFiltering - skip non existing resourceDirectory C:\Users\Usuario\OneDrive\Escritorio\RI_JPA\cws_services_jpa\src\test\resources
2025-06-25 20:02:12,881 [Worker-13: Building] INFO  o.a.m.s.f.DefaultMavenResourcesFiltering - Copying 2 resources from src to bin
2025-06-25 20:02:12,887 [Worker-13: Building] INFO  o.a.m.s.f.DefaultMavenResourcesFiltering - skip non existing resourceDirectory C:\Users\Usuario\OneDrive\Escritorio\RI_JPA\cws_services_jpa\src\test\resources
2025-06-25 20:02:36,315 [Worker-19: Building] INFO  o.a.m.s.f.DefaultMavenResourcesFiltering - Copying 2 resources from src to bin
2025-06-25 20:02:36,319 [Worker-19: Building] INFO  o.a.m.s.f.DefaultMavenResourcesFiltering - skip non existing resourceDirectory C:\Users\Usuario\OneDrive\Escritorio\RI_JPA\cws_services_jpa\src\test\resources
2025-06-25 20:02:51,038 [Worker-18: Building] INFO  o.a.m.s.f.DefaultMavenResourcesFiltering - Copying 2 resources from src to bin
2025-06-25 20:02:51,041 [Worker-18: Building] INFO  o.a.m.s.f.DefaultMavenResourcesFiltering - skip non existing resourceDirectory C:\Users\Usuario\OneDrive\Escritorio\RI_JPA\cws_services_jpa\src\test\resources
2025-06-25 20:02:53,343 [Worker-6: Building] INFO  o.a.m.s.f.DefaultMavenResourcesFiltering - Copying 2 resources from src to bin
2025-06-25 20:02:53,346 [Worker-6: Building] INFO  o.a.m.s.f.DefaultMavenResourcesFiltering - skip non existing resourceDirectory C:\Users\Usuario\OneDrive\Escritorio\RI_JPA\cws_services_jpa\src\test\resources
2025-06-25 20:02:57,515 [Worker-1: Building] INFO  o.a.m.s.f.DefaultMavenResourcesFiltering - Copying 2 resources from src to bin
2025-06-25 20:02:57,519 [Worker-1: Building] INFO  o.a.m.s.f.DefaultMavenResourcesFiltering - skip non existing resourceDirectory C:\Users\Usuario\OneDrive\Escritorio\RI_JPA\cws_services_jpa\src\test\resources
2025-06-25 20:03:02,384 [Worker-9: Building] INFO  o.a.m.s.f.DefaultMavenResourcesFiltering - Copying 2 resources from src to bin
2025-06-25 20:03:02,388 [Worker-9: Building] INFO  o.a.m.s.f.DefaultMavenResourcesFiltering - skip non existing resourceDirectory C:\Users\Usuario\OneDrive\Escritorio\RI_JPA\cws_services_jpa\src\test\resources
2025-06-25 20:03:08,427 [Worker-19: Building] INFO  o.a.m.s.f.DefaultMavenResourcesFiltering - Copying 2 resources from src to bin
2025-06-25 20:03:08,433 [Worker-19: Building] INFO  o.a.m.s.f.DefaultMavenResourcesFiltering - skip non existing resourceDirectory C:\Users\Usuario\OneDrive\Escritorio\RI_JPA\cws_services_jpa\src\test\resources
2025-06-25 20:03:17,680 [Worker-6: Building] INFO  o.a.m.s.f.DefaultMavenResourcesFiltering - Copying 2 resources from src to bin
2025-06-25 20:03:17,683 [Worker-6: Building] INFO  o.a.m.s.f.DefaultMavenResourcesFiltering - skip non existing resourceDirectory C:\Users\Usuario\OneDrive\Escritorio\RI_JPA\cws_services_jpa\src\test\resources
2025-06-25 20:03:27,369 [Worker-19: Building] INFO  o.a.m.s.f.DefaultMavenResourcesFiltering - Copying 2 resources from src to bin
2025-06-25 20:03:27,372 [Worker-19: Building] INFO  o.a.m.s.f.DefaultMavenResourcesFiltering - skip non existing resourceDirectory C:\Users\Usuario\OneDrive\Escritorio\RI_JPA\cws_services_jpa\src\test\resources
2025-06-25 20:03:50,192 [Worker-8: Building] INFO  o.a.m.s.f.DefaultMavenResourcesFiltering - Copying 1 resource from src to bin
2025-06-25 20:03:50,200 [Worker-8: Building] INFO  o.a.m.s.f.DefaultMavenResourcesFiltering - skip non existing resourceDirectory C:\Users\Usuario\OneDrive\Escritorio\RI_JPA\cws_services_jpa\src\test\resources
2025-06-25 20:03:59,772 [Worker-11: Building] INFO  o.a.m.s.f.DefaultMavenResourcesFiltering - Copying 1 resource from src to bin
2025-06-25 20:03:59,777 [Worker-11: Building] INFO  o.a.m.s.f.DefaultMavenResourcesFiltering - skip non existing resourceDirectory C:\Users\Usuario\OneDrive\Escritorio\RI_JPA\cws_services_jpa\src\test\resources
2025-06-25 20:06:54,010 [Worker-15: Building] INFO  o.a.m.s.f.DefaultMavenResourcesFiltering - Copying 2 resources from src to bin
2025-06-25 20:06:54,013 [Worker-15: Building] INFO  o.a.m.s.f.DefaultMavenResourcesFiltering - skip non existing resourceDirectory C:\Users\Usuario\OneDrive\Escritorio\RI_JPA\cws_services_jpa\src\test\resources
2025-06-25 20:07:01,759 [Worker-9: Building] INFO  o.a.m.s.f.DefaultMavenResourcesFiltering - Copying 2 resources from src to bin
2025-06-25 20:07:01,762 [Worker-9: Building] INFO  o.a.m.s.f.DefaultMavenResourcesFiltering - skip non existing resourceDirectory C:\Users\Usuario\OneDrive\Escritorio\RI_JPA\cws_services_jpa\src\test\resources
2025-06-25 20:07:06,944 [Worker-15: Building] INFO  o.a.m.s.f.DefaultMavenResourcesFiltering - Copying 2 resources from src to bin
2025-06-25 20:07:06,947 [Worker-15: Building] INFO  o.a.m.s.f.DefaultMavenResourcesFiltering - skip non existing resourceDirectory C:\Users\Usuario\OneDrive\Escritorio\RI_JPA\cws_services_jpa\src\test\resources
2025-06-25 20:07:14,228 [Worker-15: Building] INFO  o.a.m.s.f.DefaultMavenResourcesFiltering - Copying 2 resources from src to bin
2025-06-25 20:07:14,231 [Worker-15: Building] INFO  o.a.m.s.f.DefaultMavenResourcesFiltering - skip non existing resourceDirectory C:\Users\Usuario\OneDrive\Escritorio\RI_JPA\cws_services_jpa\src\test\resources
2025-06-25 20:07:18,600 [Worker-19: Building] INFO  o.a.m.s.f.DefaultMavenResourcesFiltering - Copying 2 resources from src to bin
2025-06-25 20:07:18,603 [Worker-19: Building] INFO  o.a.m.s.f.DefaultMavenResourcesFiltering - skip non existing resourceDirectory C:\Users\Usuario\OneDrive\Escritorio\RI_JPA\cws_services_jpa\src\test\resources
2025-06-25 20:07:35,487 [Worker-21: Building] INFO  o.a.m.s.f.DefaultMavenResourcesFiltering - Copying 2 resources from src to bin
2025-06-25 20:07:35,493 [Worker-21: Building] INFO  o.a.m.s.f.DefaultMavenResourcesFiltering - skip non existing resourceDirectory C:\Users\Usuario\OneDrive\Escritorio\RI_JPA\cws_services_jpa\src\test\resources
2025-06-25 20:07:38,812 [Worker-21: Building] INFO  o.a.m.s.f.DefaultMavenResourcesFiltering - Copying 2 resources from src to bin
2025-06-25 20:07:38,817 [Worker-21: Building] INFO  o.a.m.s.f.DefaultMavenResourcesFiltering - skip non existing resourceDirectory C:\Users\Usuario\OneDrive\Escritorio\RI_JPA\cws_services_jpa\src\test\resources
2025-06-25 20:16:05,844 [Burningwave - Resource releaser] INFO  o.b.c.a.StaticComponentContainer - (StaticComponentContainer.java:391) - ... Waiting for all tasks ending
2025-06-25 20:16:05,851 [Burningwave - Resource releaser] INFO  o.b.c.a.StaticComponentContainer - (StaticComponentContainer.java:397) - Closing all component containers
2025-06-25 20:16:05,858 [Burningwave - Resource releaser] INFO  o.b.c.a.StaticComponentContainer - (StaticComponentContainer.java:403) - Closing FileSystemHelper
2025-06-25 20:16:05,861 [Burningwave - Resource releaser] INFO  o.b.c.a.StaticComponentContainer - (StaticComponentContainer.java:409) - ... Waiting for all tasks ending before shutting down the BackgroundExecutor
2025-06-25 20:16:05,863 [Burningwave - Resource releaser] INFO  o.b.c.a.StaticComponentContainer - (StaticComponentContainer.java:414) - Shutting down BackgroundExecutor
2025-06-25 20:16:05,866 [Burningwave - Resource releaser] INFO  o.b.c.a.StaticComponentContainer - (StaticComponentContainer.java:420) - Stopping all threads monitoring thread
2025-06-25 20:16:05,868 [Burningwave - Resource releaser] INFO  o.b.c.a.StaticComponentContainer - (StaticComponentContainer.java:425) - Closing ThreadHolder
2025-06-25 20:16:05,871 [Burningwave - Resource releaser] INFO  o.b.c.a.StaticComponentContainer - (StaticComponentContainer.java:430) - Shutting down ThreadSupplier
